,SPRUCES SUMMER 2022,,,,Tree Identity and Geolocation,,,Tree Morphology,,,,,,,,,,,,,,,,,Branch Sampling,,,,,,Leaf Area & Mass,,,,,,,,,,,,,,,Licor Measurements,,,,,,,,,,,,,,,,,,Phytochemistry,,,,,,,,,,,,,,,,,,,,,,,,
Sampling Date,Site Code,Tree ID,North Facing Photo ID,Genus,Species,"Location (deg., min., sec. North)","Location (deg., min. sec. West)",dbh (±0.1 in),dbh (±0.1 cm),"Stem cankers
(n/#)",Horizontal distance from observer to tree (m),Clinometer angle (degrees),Offset (m) [if any],Total tree height (m) ,Ht to top live crown horizontal distance (m),Ht to top live crown clinometer angle (degrees),Height to top of live crown (m),Height to bottom of live crown horizontal distance (m),Ht to bottom live crown clinometer angle (degrees),Height to bottom of live crown (m),"Crown density
(use scale",Vigor class (use scale),Comments,"Crown dieback 
(use scale)(%)","Branch 1 (deg., min., sec. North)","Branch 1 (deg., min., sec. West)","Branch 2 (deg., min., sec. North)","Branch 2 (deg., min., sec. West)","Branch 3 (deg., min. sec North)","Branch 3 (deg., min., sec. West)",Branch 1 No. of needles,Branch 1 total needle area (cm2),Branch 1 total needle mass (g),Branch 1 SLA (cm2/g),Branch 1 area/needle (cm2),Branch 2 No. of needles,Branch 2 total needle area (cm2),Branch 2 total needle mass (g),Branch 2 SLA (cm2/g),Branch 2 area/needle (cm2),Branch 3 No. of needles,Branch 3 total needle area (cm2),Branch 3 total needle mass (g),Branch 3 SLA (cm2/g),Branch 3 area/needle (g),Branch 1 Fv/Fm,Branch 1 Amax,Branch 1 Rday,Branch 1 ϕ,Branch 1 θ,Branch 1 g_sw,Branch 2 Fv/Fm,Branch 2 Amax,Branch 2 Rday,Branch 2 ϕ,Branch 2 θ,Branch 2 g_sw,Branch 3 Fv/Fm,Branch 3 Amax,Branch 3 Rday,Branch 3 ϕ,Branch 3 θ,Branch 3 g_sw,Branch 1 Condensed tannins (%d.w.),Branch 1 Nitrogen (% d.w.),Branch 1 C/N ratio,Branch 1 Soluble glucose (%d.w.),Branch 1 Starch (%d.w.),,,,,Branch 2 Condensed tannins (%d.w.),Branch 2 Nitrogen (% d.w.),Branch 2 C/N ratio,Branch 2 Soluble glucose (%d.w.),Branch 2 Starch (%d.w.),,,,,Branch 3 Condensed tannins (%d.w.),Branch 3 Nitrogen (% d.w.),Branch 3 C/N ratio,Branch 3 Soluble glucose (%d.w.),Branch 3 Starch (%d.w.),,
6/29/22,HB1,R-1,,Picea ,rubens,"46°50'45.47""","68°37'34.17""",0.5,1.3,0,--,--,0,2.25,--,--,2.25,--,--,0,N/A,1,,0,,,,,,,,,,,,,,,,,,,,,,-0.25,,,,,,-,-,-,-,-,-,-,-,-,-,-,-,,,,,,,,,,,,,,,,,,,,,,,,,
6/29/22,HB1,W-2,,Picea ,glauca,"46°50'45.50""","68°37'34.00""",0.5,1.3,0,--,--,0,1.65,--,--,1.65,--,--,0,N/A,1,,0,,,,,,,,,,,,,,,,,,,,,,-0.8,,,,,0.073885407,-,-,-,-,-,-,-,-,-,-,-,-,,,,,,,,,,,,,,,,,,,,,,,,,
6/29/22,HB1,W-3,,Picea ,glauca,"46°50'45.60""","68°37'33.48""",0.5,1.3,0,--,--,0,2.2,--,--,2.2,--,--,0,N/A,1,,0,,,,,,,,,,,,,,,,,,,,,,0.82,,,,,,-,-,-,-,-,-,-,-,-,-,-,-,,,,,,,,,,,,,,,,,,,,,,,,,
6/29/22,HB1,W-4,,Picea ,glauca,"46°50'45.91""","68°37'33.12""",2.1,5.3,0,6.1,20,0,3.9,6.1,20,3.9,--,--,0,65,1,,0,,,,,,,,,,,,,,,,,,,,,,0.84,,,,,0.051108708,0.83,-,-,-,-,-,-,-,-,-,-,-,,,,,,,,,,,,,,,,,,,,,,,,,
6/29/22,HB1,R-5,,Picea ,rubens,"46°50'45.26""","68°37'34.12""",8.75,22.2,0,14.7,47,1.5,16,14.7,47,16,14.7,35,10.5,20,2,,15,,,,,,,,,,,,,,,,,,,,,,0.81,,,,,0.084472058,0.91,-,-,-,-,-,0.91,-,-,-,-,-,,,,,,,,,,,,,,,,,,,,,,,,,
6/29/22,HB1,R-6,,Picea ,rubens,"46°50'45.90""","68°37'34.71""",6.2,15.7,0,13.6,34,0.5,10.4,13.6,34,10.4,Can't see,Can't see,Can't see,45,2,,10,,,,,,,,,,,,,,,,,,,,,,0.84,,,,,0.05067933,0.87,-,-,-,-,-,0.82,-,-,-,-,-,,,,,,,,,,,,,,,,,,,,,,,,,
6/29/22,HB1,R-7,,Picea ,rubens,"46°50'44.16""","68°37'30.61""",6.1,15.5,0,13,41,0.5,12.5,13,41,12.5,Can't see,Can't see,Can't see,50,2,,10,"46° 50' 43.96""","68° 37' 30.57""","46° 50' 44.01""","68° 37' 30.48""","46° 50' 44.04""","68° 37' 30.65""",,,,,,,,,,,,,,,,0.86,,,,,0.040078673,0.86,-,-,-,-,-,0.83,-,-,-,-,-,,,,,,,,,,,,,,,,,,,,,,,,,
6/29/22,HB1,R-8,,Picea ,rubens,"46°50'44.31""","68°37'30.75""",5.8,14.7,0,15.9,33,0.5,11.5,15.9,33,11.5,Can't see,Can't see,Can't see,15,2,,20,"46° 50' 44.40""","68° 37' 30.68""","46° 50' 44.24""","68° 37' 30.57""","46° 50' 43.96""","68° 37' 30.57""",,,,,,,,,,,,,,,,0.83,,,,,0.018614343,0.84,-,-,-,-,-,-,-,-,-,-,-,,,,,,,,,,,,,,,,,,,,,,,,,
6/29/22,HB1,R-9,,Picea ,rubens,"46°50'44.37""","68°37'30.84""",7.2,18.3,0,14.4,38,0.5,12.5,14.4,38,12.5,Can't see,Can't see,Can't see,25,2,,5,,,,,,,,,,,,,,,,,,,,,,0.91,,,,,0.022737705,0.88,-,-,-,-,-,0.93,-,-,-,-,-,,,,,,,,,,,,,,,,,,,,,,,,,
6/29/22,HB1,W-10,,Picea ,glauca,"46°50'44.54""","68°37'30.60""",5.5,14,0,17.3,29,1,10.3,17.3,29,10.3,Can't see,Can't see,Can't see,30,2,,5,,,,,,,,,,,,,,,,,,,,,,0.85,,,,,0.038208912,0.93,-,-,-,-,-,0.83,-,-,-,-,-,,,,,,,,,,,,,,,,,,,,,,,,,
6/29/22,HB1,W-11,,Picea ,glauca,"46°50'44.70""","68°37'30.80""",2.6,6.6,0,13.3,25,0.5,7.4,13.3,25,7.4,--,--,0,80,1,,0,,,,,,,,,,,,,,,,,,,,,,0.84,,,,,0.043126861,0.92,-,-,-,-,-,0.9,-,-,-,-,-,,,,,,,,,,,,,,,,,,,,,,,,,
6/29/22,HB1,R-12,,Picea ,rubens,"46°50'44.77""","68°37'30.89""",0.5,1.3,0,12,12,0,4.3,12,12,4.3,--,--,0,65,1,,0,,,,,,,,,,,,,,,,,,,,,,0.88,,,,,0.058470151,0.83,-,-,-,-,-,0.81,-,-,-,-,-,,,,,,,,,,,,,,,,,,,,,,,,,
6/29/22,HB1,W-13,,Picea ,glauca,"46°50'44.86""","68°37'30.92""",3.1,7.9,0,13,19,0.5,5.7,13,19,5.7,--,--,0,80,1,,0,,,,,,,,,,,,,,,,,,,,,,0.81,,,,,0.004427752,0.81,-,-,-,-,-,0.96,-,-,-,-,-,,,,,,,,,,,,,,,,,,,,,,,,,
6/29/22,HB1,W-14,,Picea ,glauca,"46°50'44.93""","68°37'30.83""",5.9,15,0,17.8,26,0,10.4,17.8,26,10.4,17.8,18,7.5,55,1,,20,,,,,,,,,,,,,,,,,,,,,,0.82,,,,,0.04058358,0.91,-,-,-,-,-,0.88,-,-,-,-,-,,,,,,,,,,,,,,,,,,,,,,,,,
6/29/22,HB1,W-15,,Picea ,glauca,"46°50'45.09""","68°37'30.81""",4.9,12.4,0,16.2,21,0.5,7.4,16.2,21,7.4,--,--,0,85,1,,5,,,,,,,,,,,,,,,,,,,,,,0.82,,,,,0.025239992,0.83,-,-,-,-,-,0.82,-,-,-,-,-,,,,,,,,,,,,,,,,,,,,,,,,,
6/29/22,HB1,W-16,,Picea ,glauca,"46°50'45.08""","68°37'30.88""",4.9,12.4,0,17.6,22,0.5,8.3,17.6,22,8.3,Can't see,Can't see,Can't see,65,1,,5,,,,,,,,,,,,,,,,,,,,,,0.82,7.98,2.22,0.035,0.47,0.068846957,0.86,-,-,-,-,-,0.96,-,-,-,-,-,,,,,,,,,,,,,,,,,,,,,,,,,
6/29/22,HB1,W-17,,Picea ,glauca,"46°50'45.33""","68°37'31.02""",5.9,15,0,24.2,28,0.5,14.1,24.2,28,14.1,Can't see,Can't see,Can't see,unable to determine,2,,unable to determine,,,,,,,,,,,,,,,,,,,,,,0.85,,,,,0.187381029,0.84,-,-,-,-,-,-,-,-,-,-,-,,,,,,,,,,,,,,,,,,,,,,,,,
6/29/22,HB1,W-18,,Picea ,glauca,"46°50'45.62""","68°37'31.17""",5.3,13.5,0,16.2,23,0,8.6,16.2,23,8.6,Can't see,Can't see,Can't see,40,2,,25,,,,,,,,,,,,,,,,,,,,,,0.84,,,,,,0.84,-,-,-,-,-,0.81,-,-,-,-,-,,,,,,,,,,,,,,,,,,,,,,,,,
6/29/22,HB1,W-19,,Picea ,glauca,"46°50'45.84""","68°37'31.13""",7,17.8,0,17.8,30,0,12,17.8,30,12,--,--,0,60,1,,20,,,,,,,,,,,,,,,,,,,,,,0.77,3.53,2.26,0.044,0.47,0.027895165,0.8,-,-,-,-,-,0.82,-,-,-,-,-,,,,,,,,,,,,,,,,,,,,,,,,,
6/29/22,HB1,W-20,,Picea ,glauca,"46°50'45.88""","68°37'31.18""",6.5,16.5,0,18.9,24,0,10.1,18.9,24,10.1,Can't see,Can't see,Can't see,70,1,,5,,,,,,,,,,,,,,,,,,,,,,0.83,,,,,,0.92,-,-,-,-,-,0.79,-,-,-,-,-,,,,,,,,,,,,,,,,,,,,,,,,,
6/29/22,HB1,W-21,,Picea ,glauca,"46°50'45.95""","68°37'31.21""",7.5,19.1,0,19.6,26,0,11.3,19.6,26,11.3,Can't see,Can't see,Can't see,45,2,,25,,,,,,,,,,,,,,,,,,,,,,0.86,,,,,,0.84,-,-,-,-,-,0.85,-,-,-,-,-,,,,,,,,,,,,,,,,,,,,,,,,,
6/29/22,HB1,W-22,,Picea ,glauca,"46°50'46.04""","68°37'31.18""",8.6,21.8,0,19.4,27,0,11.6,19.4,27,11.6,--,--,0,35,1,,30,,,,,,,,,,,,,,,,,,,,,,0.82,,,,,,0.81,-,-,-,-,-,0.92,-,-,-,-,-,,,,,,,,,,,,,,,,,,,,,,,,,
6/29/22,HB1,W-23,,Picea ,glauca,"46°50'46.39""","68°37'31.29""",5.4,13.7,0,15.9,20,0,7.5,15.9,20,7.5,--,--,0,60,1,,10,,,,,,,,,,,,,,,,,,,,,,0.8,14.69,6.18,0.034,0.47,0.057271589,0.8,-,-,-,-,-,0.83,-,-,-,-,-,,,,,,,,,,,,,,,,,,,,,,,,,
6/29/22,HB1,W-24,,Picea ,glauca,"46°50'46.48""","68°37'31.50""",5.9,15,0,16.5,29,0,10.8,16.5,29,10.8,--,--,0,65,1,,15,,,,,,,,,,,,,,,,,,,,,,0.85,,,,,,0.86,-,-,-,-,-,0.7,-,-,-,-,-,,,,,,,,,,,,,,,,,,,,,,,,,
6/29/22,HB1,W-25,,Picea ,glauca,"46°50'46.64""","68°37'31.54""",,0,0,16.1,32,0,11.8,16.1,32,11.8,--,--,0,70,1,,5,,,,,,,,,,,,,,,,,,,,,,0.89,,,,,,0.81,-,-,-,-,-,-,-,-,-,-,-,,,,,,,,,,,,,,,,,,,,,,,,,
6/29/22,HB1,W-26,,Picea ,glauca,"46°50'46.70""","68°37'31.59""",7.7,19.6,0,15.8,27,0,9.8,15.8,27,9.8,--,--,0,60,1,,10,,,,,,,,,,,,,,,,,,,,,,0.85,19.64,5.54,0.045,0.47,0.269809,0.93,-,-,-,-,-,0.96,-,-,-,-,-,,,,,,,,,,,,,,,,,,,,,,,,,
6/29/22,HB1,W-27,,Picea ,glauca,"46°50'46.83""","68°37'31.54""",0.5,1.3,0,15.2,25,0,8.8,15.2,25,8.8,--,--,0,75,1,,5,,,,,,,,,,,,,,,,,,,,,,0.83,12.17,2.25,0.014,0.47,0.062993977,0.91,-,-,-,-,-,0.9,-,-,-,-,-,,,,,,,,,,,,,,,,,,,,,,,,,
6/29/22,HB1,R-28,,Picea ,rubens,"46°50'44.92""","68°37'36.11""",0.5,1.3,0,--,--,0,2.1,--,--,2.1,--,--,0,N/A,1,,N/A,,,,,,,,,,,,,,,,,,,,,,0.85,5.34,2.28,0.012,0.47,0.15371823,-,-,-,-,-,-,-,-,-,-,-,-,,,,,,,,,,,,,,,,,,,,,,,,,
6/29/22,HB1,R-29,,Picea ,rubens,"46°50'44.78""","68°37'36.08""",0.5,1.3,0,--,--,0,1.9,--,--,1.9,--,--,0,N/A,1,,N/A,,,,,,,,,,,,,,,,,,,,,,0.91,5.38,3.92,0.008,0.47,0.053229174,0.79,-,-,-,-,-,-,-,-,-,-,-,,,,,,,,,,,,,,,,,,,,,,,,,
6/29/22,HB1,R-30,,Picea ,rubens,"46°50'44.71""","68°37'36.06""",0.5,1.3,0,--,--,0,1.8,--,--,1.8,--,--,0,N/A,1,Eaten,N/A,,,,,,,,,,,,,,,,,,,,,,0.85,7.42,4.7,0.011,0.47,0.071839534,-,-,-,-,-,-,-,-,-,-,-,-,,,,,,,,,,,,,,,,,,,,,,,,,
6/29/22,HB1,R-31,,Picea ,rubens,"46°50'44.73""","68°37'35..92""",0.5,1.3,0,--,--,0,1.9,--,--,1.9,--,--,0,N/A,1,,N/A,,,,,,,,,,,,,,,,,,,,,,0.82,0.61,0.47,0.032,0.47,0.010157947,-,-,-,-,-,-,-,-,-,-,-,-,,,,,,,,,,,,,,,,,,,,,,,,,
6/29/22,HB1,R-32,,Picea ,rubens,"46°50'44.73""","68°37'36.45""",0.5,1.3,0,6.8,39,1,6.2,6.8,39,6.2,--,--,0,45,1,,10,,,,,,,,,,,,,,,,,,,,,,0.89,5.83,2.45,0.016,0.47,0.069397729,0.8,-,-,-,-,-,0.84,-,-,-,-,-,,,,,,,,,,,,,,,,,,,,,,,,,
6/29/22,HB1,R-33,,Picea ,rubens,"46°50'44.61""","68°37'36.55""",0.5,1.3,0,3.9,26,0,3.6,3.9,26,3.6,--,--,0,40,1,,15,,,,,,,,,,,,,,,,,,,,,,0.76,4.77,2.68,0.005,0.47,0.012925711,0.85,-,-,-,-,-,-,-,-,-,-,-,,,,,,,,,,,,,,,,,,,,,,,,,
6/29/22,HB1,R-34,,Picea ,rubens,"46°50'44.34""","68°37'36.58""",0.5,1.3,0,3.9,24,0,3.4,3.9,24,3.4,--,--,0,30,2,,40,,,,,,,,,,,,,,,,,,,,,,0.77,1.88,1.95,0,0.47,0.029184801,0.83,-,-,-,-,-,-,-,-,-,-,-,,,,,,,,,,,,,,,,,,,,,,,,,
6/29/22,HB1,W-35,,Picea ,glauca,"46°50'44.72""","68°37'36.55""",0.5,1.3,0,4.6,12,2,0.7,4.6,12,0.7,--,--,0,65,1,,15,,,,,,,,,,,,,,,,,,,,,,0.82,3.33,2.43,0.037,0.47,0.01049937,0.81,-,-,-,-,-,0.81,-,-,-,-,-,,,,,,,,,,,,,,,,,,,,,,,,,
6/29/22,HB1,W-36,,Picea ,glauca,"46°50'44.80""","68°37'36.60""",3.1,7.9,0,7.6,19,4,0.3,7.6,19,0.3,--,--,0,45,1,,20,,,,,,,,,,,,,,,,,,,,,,0.82,8.71,6.52,0.023,0.47,0.057098064,0.84,-,-,-,-,-,0.89,-,-,-,-,-,,,,,,,,,,,,,,,,,,,,,,,,,
6/29/22,HB1,37,,can't locate tree,can't locate tree,can't locate tree,can't locate tree,can't locate tree,can't locate tree,0,6.8,39,1,6.2,6.8,39,6.2,--,--,0,45,1,,10,can't locate tree,can't locate tree,can't locate tree,can't locate tree,can't locate tree,can't locate tree,-,-,-,-,-,-,-,-,-,-,-,-,-,-,-,-,-,-,-,-,-,-,-,-,-,-,-,-,-,-,-,-,-,,,,,,,,,,,,,,,,,,,,,,,,,
7/1/22,HB3,Asp-1,,Populus,tremuloides,"46°50'14.9""","68°40'6.16""",0.5,1.3,0,--,--,0,2.5,--,--,2.5,--,--,0,N/A,1,Bent,0,,,,,,,,,1.89,,,,,,,,,,,,,-,-,-,-,-,-,-,-,-,-,-,-,-,-,-,-,-,-,,,,,,,,,,,,,,,,,,,,,,,,,
7/1/22,HB3,Bal-2,,Populus,balsamifera,"46°54'15.45""","68°406'26.""",0.5,1.3,0,--,--,0,1.2,--,--,1.2,--,--,0,N/A,1,,0,,,,,,,,,2.91,,,,,,,,,,,,,-,-,-,-,-,-,-,-,-,-,-,-,-,-,-,-,-,-,,,,,,,,,,,,,,,,,,,,,,,,,
7/1/22,HB3,Bal-3,,Populus,balsamifera,"46°54'15.45""","68°40'6.35""",4.8,12.2,0,11.3,34,0,9.3,11.3,34,9.3,11.3,12,4.1,30,2,moose activity,45,,,,,,,,,5.96,,,,,,,,,,,,,-,-,-,-,-,-,-,-,-,-,-,-,-,-,-,-,-,-,,,,,,,,,,,,,,,,,,,,,,,,,
7/1/22,HB3,Bal-4,,Populus,balsamifera,"46°54'13.51""","68°40'6.44""",5.1,13,0,11.3,29,0,8,11.3,29,8,11.3,10,3.7,45,2,,5,,,,,,,,,,,,,,,,,,,,,,-,-,-,-,-,-,-,-,-,-,-,-,-,-,-,-,-,-,,,,,,,,,,,,,,,,,,,,,,,,,
7/1/22,HB3,Bal-5,,Populus,balsamifera,"46°54'13.44""","68°40'6.50""",5.6,14.2,0,13.8,32,0,10.3,13.8,32,10.3,13.8,2,2.2,20,1,,5,,,,,,,,,4.83,,,,,,,,,,,,,-,-,-,-,-,-,-,-,-,-,-,-,-,-,-,-,-,-,,,,,,,,,,,,,,,,,,,,,,,,,
7/1/22,HB3,Bal-6,,Populus,balsamifera,"46°54'13.04""","68°40'6.55""",7.5,19.1,0,9.7,39,0,9.6,9.7,39,9.6,9.7,12,3.8,45,2,,25,,,,,,,,,5.7,,,,,,,,,,,,,-,-,-,-,-,-,-,-,-,-,-,-,-,-,-,-,-,-,,,,,,,,,,,,,,,,,,,,,,,,,
7/1/22,HB3,W-9,,Picea ,glauca,"46°54'12.71""","68°40'6.26""",7.4,18.8,0,12.2,24,0,7.1,12.2,24,7.1,12.2,20,6.1,45,2,,30,No flags,No flags,No flags,No flags,No flags,No flags,,,,,,,,,,,,,,,,0.95,10.56,1.56,0.027,0.47,0.070133481,0.93,-,-,-,-,-,0.96,-,-,-,-,-,,,,,,,,,,,,,,,,,,,,,,,,,
7/1/22,HB3,W-7,,Picea ,glauca,"49°54'12.54""","68°40'6.26""",7.8,19.8,0,13.7,31,0,9.9,13.7,31,9.9,--,--,0,65,1,,10,"46° 54' 12.88""","68°40'06.35""","46° 54' 12.96""","68° 40' 06.47""","46° 54' 12.98""","68° 40' 06.22""",,,,,,,,,,,,,,,,0.95,24.05,1.98,0.045,0.47,0.180816828,0.93,-,-,-,-,-,0.97,-,-,-,-,-,,,,,,,,,,,,,,,,,,,,,,,,,
7/1/22,HB3,W-8,,Picea ,glauca,"46°54'12.81""","68°40'6.34""",5.8,14.7,0,13.9,30,0,9.7,13.9,30,9.7,--,--,0,55,1,,5,No flags,No flags,No flags,No flags,No flags,No flags,,,,,,,,,,,,,,,,0.95,12.56,1.67,0.039,0.47,0.104184561,-,-,-,-,-,-,-,-,-,-,-,-,,,,,,,,,,,,,,,,,,,,,,,,,
7/1/22,HB3,W-10,,Picea ,glauca,"46°54'12.60""","68°40'6.64""",6.6,16.8,0,12.5,32,0,9.5,12.5,32,9.5,--,--,0,75,1,,5,No flags,No flags,No flags,No flags,No flags,No flags,,,,,,,,,,,,,,,,0.96,11.91,1.84,0.029,0.47,0.085276871,0.95,-,-,-,-,-,0.95,-,-,-,-,-,,,,,,,,,,,,,,,,,,,,,,,,,
7/1/22,HB3,W-11,,Picea ,glauca,"46°54'12.60""","68°40'6.34""",7.9,20.1,0,15.3,33,0,11.6,15.3,33,11.6,--,--,0,80,1,,0,No flags,No flags,No flags,No flags,No flags,No flags,,,,,,,,,,,,,,,,0.94,8.23,2.39,0.028,0.47,0.051041959,0.94,-,-,-,-,-,0.94,-,-,-,-,-,,,,,,,,,,,,,,,,,,,,,,,,,
7/1/22,HB3,W-12,,Picea ,glauca,"46°54'12.73""","68°40'6.41""",4.7,11.9,0,11.9,25,0,7.2,11.9,25,7.2,--,--,0,60,2,,10,No flags,No flags,No flags,No flags,No flags,No flags,,,,,,,,,,,,,,,,0.95,6.17,1.88,0.041,0.47,0.027958681,0.95,-,-,-,-,-,0.96,-,-,-,-,-,,,,,,,,,,,,,,,,,,,,,,,,,
7/1/22,HB3,W-13,,Picea ,glauca,"46°54'12.74""","68°40'6.30""",6.1,15.5,0,14.6,24,0,8.2,14.6,24,8.2,--,--,1.75,40,1,,20,No flags,No flags,No flags,No flags,No flags,No flags,,,,,,,,,,,,,,,,0.92,6.03,1.11,0.021,0.47,0.055050138,0.92,-,-,-,-,-,0.91,-,-,-,-,-,,,,,,,,,,,,,,,,,,,,,,,,,
7/1/22,HB3,W-14,,Abies,balsamea,"46°54'12.56""","68°40'6.38""",7.1,18,0,15.5,33,-1,12.8,15.5,33,12.8,--,--,1.5,45,2,BALSAM FIR; DO NOT USE,5,No flags,No flags,No flags,No flags,No flags,No flags,,,,,,,,,,,,,,,,-,-,-,-,-,-,-,-,-,-,-,-,-,-,-,-,-,-,,,,,,,,,,,,,,,,,,,,,,,,,
7/1/22,HB3,Bal-15,,Populus,balsamifera,"46°54'11.18""","68°40'6.60""",6.6,16.8,0,12.1,37,0,10.8,12.1,37,10.8,--,--,0,75,1,,0,,,,,,,,,5.19,,,,,,,,,,,,,-,-,-,-,-,-,-,-,-,-,-,-,-,-,-,-,-,-,,,,,,,,,,,,,,,,,,,,,,,,,
7/1/22,HB3,Bal-16,,Populus,balsamifera,"46°54'10.96""","68°40'6.60""",3,7.6,0,7.6,28,0,5.7,7.6,28,5.7,--,--,0,65,1,,0,,,,,,,,,5.51,,,,,,,,,,,,,-,-,-,-,-,-,-,-,-,-,-,-,-,-,-,-,-,-,,,,,,,,,,,,,,,,,,,,,,,,,
7/1/22,HB3,R-18,,Picea ,rubens,"46°54'4.19""","68°40'5.85""",2.3,5.8,0,4.8,18,0,3.3,4.8,18,3.3,--,--,0,45,2,,40,No flags,No flags,No flags,No flags,No flags,No flags,,,,,,,,,,,,,,,,0.96,6,1.02,0.02,0.47,0.035043287,0.95,-,-,-,-,-,0.96,-,-,-,-,-,,,,,,,,,,,,,,,,,,,,,,,,,
7/1/22,HB3,W-17,,Picea ,glauca,"46°549'11.""","68°40'5.78""",5.6,14.2,0,12.1,32,0,9.3,12.1,32,9.3,--,--,3.5,60,2,,25,No flags,No flags,No flags,No flags,No flags,No flags,,,,,,,,,,,,,,,,-,5.96,1.61,0.029,0.47,0.023738646,-,-,-,-,-,-,-,-,-,-,-,-,,,,,,,,,,,,,,,,,,,,,,,,,
7/1/22,HB3,R-19,,Picea ,rubens,"46°54'8.82""","68°40'6.53""",3.2,8.1,0,5,21,0,3.6,5,21,3.6,--,--,0,43,1,,0,No flags,No flags,No flags,No flags,No flags,No flags,,,,,,,,,,,,,,,,0.96,8.12,4.15,0.032,0.47,0.073332472,0.94,-,-,-,-,-,0.96,-,-,-,-,-,,,,,,,,,,,,,,,,,,,,,,,,,
7/1/22,HB3,W-20,,Picea ,glauca,"46°54'.8""87","68°40'6.74""",8.2,20.8,0,8.1,27,-5,10.8,8.1,27,10.8,--,--,0,90,1,,0,No flags,No flags,No flags,No flags,No flags,No flags,,,,,,,,,,,,,,,,0.93,7.18,1.27,0.024,0.47,0.043016117,0.96,-,-,-,-,-,0.96,-,-,-,-,-,,,,,,,,,,,,,,,,,,,,,,,,,
7/1/22,HB3,W-21,,Picea ,glauca,"46°54'9.33""","68°40'6.83""",7.2,18.3,0,11.5,39,0,11,11.5,39,11,11.5,21,6.1,25,2,,35,No flags,No flags,No flags,No flags,No flags,No flags,,,,,,,,,,,,,,,,0.91,4.97,1.16,0.026,0.47,0.030680521,0.94,-,-,-,-,-,0.93,-,-,-,-,-,,,,,,,,,,,,,,,,,,,,,,,,,
7/1/22,HB3,W-22,,Picea ,glauca,"46°54'9.61""","68°40'7.12""",7.7,19.6,0,12.6,22,0,6.8,12.6,22,6.8,--,--,0,90,1,Top Bent,5,"46° 54' 09.60""","68° 40' 06.92""","46° 54' 09.64""","68° 40' 06.97""","46° 54' 09.63""","68° 40' 06.96""",,,,,,,,,,,,,,,,0.95,16.02,1.46,0.037,0.47,0.174448114,0.96,-,-,-,-,-,0.95,-,-,-,-,-,,,,,,,,,,,,,,,,,,,,,,,,,
7/1/22,HB3,Bal-23,,Populus,balsamifera,"46°54'10.54""","68°40'7.52""",12.8,32.5,0,15.3,41,0,15,15.3,41,15,15.3,14,5.5,65,1,,25,,,,,,,,,6.34,,,,,,,,,,,,,-,-,-,-,-,-,-,-,-,-,-,-,-,-,-,-,-,-,,,,,,,,,,,,,,,,,,,,,,,,,
7/1/22,HB3,R-24,,Picea ,rubens,"46°54'10.49""","68°40'7.52""",3.6,9.1,0,5.15,38,0,5.7,5.15,38,5.7,--,--,0,80,1,,5,"46° 54' 10.65""","68° 40' 08.01""","46° 54' 10.53""","68° 40' 08.11""","46° 54' 10.52""","68° 40' 08.04""",,,,,,,,,,,,,,,,0.89,9.11,1.77,0.031,0.47,0.215596925,0.97,-,-,-,-,-,0.97,-,-,-,-,-,,,,,,,,,,,,,,,,,,,,,,,,,
7/1/22,HB3,W-25,,Picea ,glauca,"46°54'10.22""","68°40'8.19""",6.3,16,0,14,35,0,11.5,14,35,11.5,--,--,2,35,1,,10,No data,No data,"46° 54' 10.39""","68° 40' 08.14""","46° 54' 10.09""","68° 40' 08.35""",,,,,,,,,,,,,,,,0.95,12.6,1.79,0.038,0.47,0.11829146,0.94,-,-,-,-,-,0.94,-,-,-,-,-,,,,,,,,,,,,,,,,,,,,,,,,,
7/1/22,HB3,R-26,,Picea ,rubens,"46°54'10.53""","46°54'10.53""",4,10.2,0,11.2,16,0,4.9,11.2,16,4.9,--,--,0,85,1,,0,"46° 54' 10.53""","68° 40' 08.61""","46° 54' 10.56""","68° 40' 08.59""",No data,No data,,,,,,,,,,,,,,,,0.95,16.7,4.18,0.036,0.47,0.285361452,0.95,-,-,-,-,-,0.96,-,-,-,-,-,,,,,,,,,,,,,,,,,,,,,,,,,
7/1/22,HB3,W-27,,Picea ,glauca,"46°54'10.43""","68°40'7.74""",9.2,23.4,0,14.6,26,0,8.8,14.6,26,8.8,--,--,0,80,1,,25,"46° 54' 10.98""","68° 40' 07.83""","46° 54' 10.88""","68° 40' 07.77""","46° 54' 11.06""","68° 40' 07.77""",,,,,,,,,,,,,,,,0.93,15.83,2.83,0.036,0.47,0.154537114,0.94,-,-,-,-,-,0.97,-,-,-,-,-,,,,,,,,,,,,,,,,,,,,,,,,,
7/1/22,HB3,Bal-28,,Populus,balsamifera,"46°54'11.31""","68°40'7.33""",9.8,24.9,0,9.8,44,0,11.2,9.8,44,11.2,--,--,0,40,2,,30,,,,,,,,,5.85,,,,,,,,,,,,,-,-,-,-,-,-,-,-,-,-,-,-,-,-,-,-,-,-,,,,,,,,,,,,,,,,,,,,,,,,,
7/1/22,HB3,Bal-29,,Populus,balsamifera,"46°54'11.49""","68°40'7.26""",7.1,18,0,8.8,47,0,11.1,8.8,47,11.1,8.8,21,5.1,35,2,,25,,,,,,,,,5.93,,,,,,,,,,,,,-,-,-,-,-,-,-,-,-,-,-,-,-,-,-,-,-,-,,,,,,,,,,,,,,,,,,,,,,,,,
7/1/22,HB3,Bal-30,,Populus,balsamifera,"46°54'11.79""","68°40'7.17""",7,17.8,0,11.8,39,0,11.3,11.8,39,11.3,11.8,50,15.8,35,2,,25,,,,,,,,,,,,,,,,,,,,,,-,-,-,-,-,-,-,-,-,-,-,-,-,-,-,-,-,-,,,,,,,,,,,,,,,,,,,,,,,,,
7/1/22,HB3,Bal-31,,Populus,balsamifera,"46°54'12.20""","68°40'7.33""",9.7,24.6,0,14.5,40,0,13.9,14.5,40,13.9,--,--,3,50,1,,5,,,,,,,,,,,,,,,,,,,,,,-,-,-,-,-,-,-,-,-,-,-,-,-,-,-,-,-,-,,,,,,,,,,,,,,,,,,,,,,,,,
7/1/22,HB3,W-32,,Picea ,glauca,"46°54'12.44""","68°40'7.34""",3.9,9.9,0,17.4,23,0,9.1,17.4,23,9.1,--,--,2,65,1,,0,"46° 54' 12.39""","68° 40' 07.54""","46° 54' 12.36""","68° 40' 07.49""","46° 54' 12.42""","68° 40' 07.57""",,,,,,,,,,,,,,,,0.88,6.31,2.28,0.032,0.47,0.078873671,0.95,-,-,-,-,-,0.95,-,-,-,-,-,,,,,,,,,,,,,,,,,,,,,,,,,
7/1/22,HB3,Bal-33,,Populus,balsamifera,"46°54'13.60""","68°40'7.05""",4.7,11.9,0,11.3,41,0,11.5,11.3,41,11.5,11.3,28,7.7,25,1,,65,,,,,,,,,,,,,,,,,,,,,,-,-,-,-,-,-,-,-,-,-,-,-,-,-,-,-,-,-,,,,,,,,,,,,,,,,,,,,,,,,,
7/1/22,HB3,Bal-34,,Populus,balsamifera,"46°54'10.29""","68°40'4.97""",5.5,14,0,14.7,32,0,10.9,14.7,32,10.9,--,--,0,40,2,,20,,,,,,,,,,,,,,,,,,,,,,-,-,-,-,-,-,-,-,-,-,-,-,-,-,-,-,-,-,,,,,,,,,,,,,,,,,,,,,,,,,
7/1/22,HB3,W-35,,Picea ,glauca,"46°54'10.38""","68°40'5.77""",4.7,11.9,0,11.3,41,0,11.5,11.3,41,11.5,11.3,28,8,25,2,,25,,,,,,,,,,,,,,,,,,,,,,-,-,-,-,-,-,-,-,-,-,-,-,-,-,-,-,-,-,,,,,,,,,,,,,,,,,,,,,,,,,
7/1/22,HB3,W-36,,Picea ,glauca,"46°54'8.24""","68°40'5.32""",5.9,15,0,can't locate tree,can't locate tree,can't locate tree,can't locate tree,can't locate tree,can't locate tree,can't locate tree,can't locate tree,can't locate tree,can't locate tree,can't locate tree,can't locate tree,can't locate tree,can't locate tree,"46° 54' 10.39""","68° 40' 05.71""","46° 54' 10.45""","68° 40' 05.72""","46° 54' 10.37""","68° 40' 05.74""",-,-,-,-,-,-,-,-,-,-,-,-,-,-,-,0.95,1.06,0.01,0.023,0.47,unreadable data format,0.94,-,-,-,-,-,0.94,-,-,-,-,-,-,-,-,-,-,-,-,-,-,-,-,-,-,-,-,-,-,-,-,-,-,-,-,-,-
7/1/22,HB3,R-37,,Picea ,rubens,"46°54'8.02""","68°40'5.45""",2.1,5.3,0,5,22,0,3.7,5,22,3.7,--,--,0,50,1,,0,"46° 54' 08.37""","68° 40' 05.46""","46° 54' 08.25""","68° 40' 05.56""",No data,No data,,,,,,,,,,,,,,,,0.94,8.66,3.63,0.029,0.47,0.054587283,0.94,-,-,-,-,-,-,-,-,-,-,-,,,,,,,,,,,,,,,,,,,,,,,,,
7/1/22,HB3,W-38,,Picea ,glauca,"46°54'7.40""","68°40'5.74""",1.2,3,0,--,--,0,2.3,--,--,2.3,--,--,0,50,1,,0,No data,No data,No data,No data,No data,No data,,,,,,,,,,,,,,,,0.95,7.87,1.96,0.018,0.47,0.069511937,0.95,-,-,-,-,-,-,-,-,-,-,-,,,,,,,,,,,,,,,,,,,,,,,,,
7/1/22,HB3,R-39,,Picea ,rubens,"46°54'7.88""","68°40'5.44""",1.8,4.6,0,--,--,0,2.8,--,--,2.8,--,--,0,60,1,Very tip is dead- a few inches,5,"46° 54' 07.90""","68° 40' 05.40""","46° 54' 07.81""","68° 40' 05.41""","46° 54' 07.84""","68° 40' 05.34""",,,,,,,,,,,,,,,,0.96,7.74,2.56,0.021,0.47,0.053912086,0.94,-,-,-,-,-,0.94,-,-,-,-,-,,,,,,,,,,,,,,,,,,,,,,,,,
7/1/22,HB3,W-40,,Picea ,glauca,"46°54'7.40""","68°40'5.74""",8.2,20.8,0,7,40,0,7.6,7,40,7.6,--,--,0,80,1,,0,"46° 54' 07.06""","68° 40' 05.73""","46° 54' 07.35""","68° 40' 05.76""","46° 54' 07.34""","68° 40' 05.79""",,,,,,,,,,,,,,,,0.97,10.06,1.83,0.036,0.47,0.14676399,0.95,-,-,-,-,-,0.84,-,-,-,-,-,,,,,,,,,,,,,,,,,,,,,,,,,
7/1/22,HB3,W-41,,Picea ,glauca,"46°54'7.71""","68°40'5.44""",7.8,19.8,0,10,33,0,8.2,10,33,8.2,--,--,0,70,1,,0,No data,No data,No data,No data,No data,No data,,,,,,,,,,,,,,,,-,-,-,-,-,-,-,-,-,-,-,-,-,-,-,-,-,-,,,,,,,,,,,,,,,,,,,,,,,,,
7/1/22,HB3,R-42,,Picea ,rubens,"46°54.7.44""","68°40'6.27""",1.5,3.8,0,5,33,0,4.9,5,33,4.9,--,--,0,50,1,,0,,,,,,,,,,,,,,,,,,,,,,-,-,-,-,-,-,-,-,-,-,-,-,-,-,-,-,-,-,,,,,,,,,,,,,,,,,,,,,,,,,
7/1/22,HB3,R-43,,Picea ,rubens,"46°54'7.24""","68°40'6.27""",5.7,14.5,0,6,37,0,6.2,6,37,6.2,--,--,0,45,1,,10,,,,,,,,,,,,,,,,,,,,,,-,-,-,-,-,-,-,-,-,-,-,-,-,-,-,-,-,-,,,,,,,,,,,,,,,,,,,,,,,,,
7/1/22,HB3,R-44,,Picea ,rubens,"46°54'7.24""","68°40'6.39""",4.9,12.4,0,6,48,0,8.4,6,48,8.4,--,--,1,30,2,,20,,,,,,,,,,,,,,,,,,,,,,-,-,-,-,-,-,-,-,-,-,-,-,-,-,-,-,-,-,,,,,,,,,,,,,,,,,,,,,,,,,
7/1/22,HB3,W-45,,Picea ,glauca,"46°54'7.09""","68°40'6.31""",7.6,19.3,0,10,38,0,9.5,10,38,9.5,--,--,2,55,1,,10,,,,,,,,,,,,,,,,,,,,,,-,-,-,-,-,-,-,-,-,-,-,-,-,-,-,-,-,-,,,,,,,,,,,,,,,,,,,,,,,,,
7/1/22,HB3,R-46,,Picea ,rubens,"46°54'7.76""","68°40'6.38""",6.2,15.7,0,7,39,0,7.4,7,39,7.4,--,--,1,40,1,,15,,,,,,,,,,,,,,,,,,,,,,-,-,-,-,-,-,-,-,-,-,-,-,-,-,-,-,-,-,,,,,,,,,,,,,,,,,,,,,,,,,
7/5/22,RR1,W-1,,Picea ,glauca,"46°55'35.05""","68°42'37.40""",5.6,14.2,0,10.6,36,0,9.4,10.6,36,9.4,--,--,0,90,1,,0,"46° 55' 35.05""","68° 42' 37.66""","46° 55' 35.11""","68° 42' 37.64""",46° 55' 35.07,68° 42' 37.62,,,,,,,,,,,,,,,,0.82,5.53,2.19,0.012,0.47,0.03083616,0.89,-,-,-,-,-,0.95,-,-,-,-,-,,,,,,,,,,,,,,,,,,,,,,,,,
7/5/22,RR1,W-2,,Picea ,glauca,"46°55'35.04""","68°42'37.82""",4.7,11.9,0,11.4,24,0,6.8,11.4,24,6.8,--,--,0,80,1,,5,"46° 55' 35.16""","68° 42' 37.48""","46° 55' 35.06""","68° 42' 37.88""","46° 55' 35.13""","68° 42' 37.86""",,,,,,,,,,,,,,,,0.84,5.83,1.74,0.013,0.47,0.026009028,0.97,-,-,-,-,-,0.82,-,-,-,-,-,,,,,,,,,,,,,,,,,,,,,,,,,
7/5/22,RR1,W-3,,Picea ,glauca,"46°55'35.04""","68°42'37.75""",4.4,11.2,0,5.7,37,0,6,5.7,37,6,--,--,0,70,1,,15,"46° 55' 35.10""","68° 42' 37.94""","46° 55' 35.19""","68° 42' 37.91""","46° 55' 35.25""","68° 42' 37.90""",,,,,,,,,,,,,,,,0.91,10.29,2.16,0.044,0.47,0.065295445,0.95,-,-,-,-,-,0.95,-,-,-,-,-,,,,,,,,,,,,,,,,,,,,,,,,,
7/5/22,RR1,W-4,,Picea ,glauca,"46°55'35.24""","68°42'37.77""",5.1,13,0,11.4,32,0,8.8,11.4,32,8.8,--,--,0,50,1,,25,"46° 55' 35.28""","68° 42' 37.82""","46° 55' 35.24""","68° 42' 37.73""","46° 55' 35.30""","68° 42' 37.67""",,,,,,,,,,,,,,,,0.96,failed measure,failed measure,failed measure,failed measure,0.02990208,0.96,-,-,-,-,-,0.95,-,-,-,-,-,,,,,,,,,,,,,,,,,,,,,,,,,
7/5/22,RR1,W-5,,Picea ,glauca,"46°55'35.11""","68°42'37.56""",3.7,9.4,0,9.7,29,0,7.1,9.7,29,7.1,--,--,0.25,45,1,,5,"46° 55' 35.13""","68° 42' 37.55""","46° 55' 35.15""","68° 42' 37.47""","46° 55' 35.09""","68° 42' 37.52""",,,,,,,,,,,,,,,,0.86,5.63,2.03,0.015,0.47,0.02699866,0.86,-,-,-,-,-,0.92,-,-,-,-,-,,,,,,,,,,,,,,,,,,,,,,,,,
7/5/22,RR1,W-6,,Picea ,glauca,"46°55'35.17""","68°42'37.43""",4.6,11.7,0,12.9,26,0,8,12.9,29,8.9,--,--,0,40,1,,10,"46° 55' 35.28""","68° 42' 37.44""","46° 55' 35.99""","68° 42' 37.42""","46° 55' 35.43""","68° 42' 37.67""",,,,,,,,,,,,,,,,0.97,7.04,1.3,0.02,0.47,0.035164178,0.97,-,-,-,-,-,0.96,-,-,-,-,-,,,,,,,,,,,,,,,,,,,,,,,,,
7/5/22,RR1,W-7,,Picea ,glauca,"46°55'35.42""","68°42'37.54""",5.1,13,0,14,17,0,6,14,17,6,--,--,0,55,1,,10,"46° 55' 35.43""","68° 42' 37.47""","46° 55' 35.36""","68° 42' 37.55""","46° 55' 35.39""","68° 42' 37.35""",,,,,,,,,,,,,,,,0.97,4.07,1.6,0.02,0.47,0.013907997,0.96,-,-,-,-,-,0.96,-,-,-,-,-,,,,,,,,,,,,,,,,,,,,,,,,,
7/5/22,RR1,W-8,,Picea ,glauca,"46°55'35.24""","68°42'37.32""",3.2,8.1,0,8.4,25,0,5.6,8.4,25,5.6,--,--,0,60,1,,5,"46° 55' 35.25""","68° 42' 37.27""","46° 55' 35.42""","68° 42' 37.29""","46° 55' 35.22""","68° 42' 37.21""",,,,,,,,,,,,,,,,0.98,14.56,2.53,0.038,0.47,0.101868349,0.69,-,-,-,-,-,0.98,-,-,-,-,-,,,,,,,,,,,,,,,,,,,,,,,,,
7/5/22,RR1,W-9,,Picea ,glauca,"46°55'35.06""","68°42'37.20""",3.1,7.9,0,9.2,30,0,7,9.2,30,7,--,--,2.15,45,2,Cut on side,0,"46° 55' 35.26""","68° 42' 37.21""","46° 55' 35.21""","68° 42' 37.16""","46° 55' 35.20""","68° 42' 37.09""",,,,,,,,,,,,,,,,0.97,5.29,1.5,0.024,0.47,0.024856888,0.98,-,-,-,-,-,0.83,-,-,-,-,-,,,,,,,,,,,,,,,,,,,,,,,,,
7/5/22,RR1,R-10,,Picea ,rubens,"46°55'35.26""","68°42'37.20""",2.3,5.8,0,9.6,20,0.5,4.7,9.6,20,4.7,--,--,1.3,60,2,biphercated,10,"46° 55' 35.34""","68° 42' 37.18""","46° 55' 35.34""","68° 42' 37.20""","46° 55' 35.28""","68° 42' 37.25""",,,,,,,,,,,,,,,,0.95,4.03,0.38,0.018,0.47,0.057946478,0.95,-,-,-,-,-,0.97,-,-,-,-,-,,,,,,,,,,,,,,,,,,,,,,,,,
7/5/22,RR1,W-11,,Picea ,glauca,"46°55'35.47""","68°42'37.33""",3.2,8.1,0,4.4,44,0,5.9,4.4,44,5.9,--,--,0,65,1,By nails,20,"46° 55' 35.45""","68° 42' 37.30""","46° 55' 35.42""","68° 42' 37.40""","46° 55' 35.42""","68° 42' 37.28""",,,,,,,,,,,,,,,,0.93,12.44,1.67,0.034,0.47,0.128261937,0.88,-,-,-,-,-,-,-,-,-,-,-,,,,,,,,,,,,,,,,,,,,,,,,,
7/5/22,RR1,W-12,,Picea ,glauca,"46°55'35.48""","68°42'37.39""",1.5,3.8,0,5.1,15,0,3.1,5.1,15,3.1,--,--,0,40,2,,5,"46° 55' 35.54""","68° 42' 37.41""","46° 55' 35.51""","68° 42' 37.51""",-,-,,,,,,,,,,,,,,,,0.84,6.1,1.82,0.021,0.47,0.035489374,0.96,-,-,-,-,-,-,-,-,-,-,-,,,,,,,,,,,,,,,,,,,,,,,,,
7/5/22,RR1,W-13,,Picea ,glauca,"46°55'35.36""","68°42'37.30""",5.8,14.7,0,4.3,50,0,6.8,4.3,50,6.8,--,--,0,40,2,,15,"46° 55' 35.44""","68° 42' 37.25""","46° 55' 35.28""","68° 42' 37.34""","46° 55' 35.29""","68° 42' 37.29""",,,,,,,,,,,,,,,,0.96,6.64,1.54,0.032,0.47,0.030824193,0.84,-,-,-,-,-,-,-,-,-,-,-,,,,,,,,,,,,,,,,,,,,,,,,,
7/5/22,RR1,W-14,,Picea ,glauca,"46°55'35.51""","68°42'37.26""",2.2,5.6,0,3.8,33,0,4.2,3.8,33,4.2,--,--,0,65,1,Biphercated,5,"46° 55' 35.50""","68° 42' 37.29""","46° 55' 35.50""","68° 42' 37.21""","46° 55' 35.54""","68° 42' 37.34""",,,,,,,,,,,,,,,,0.97,2.11,0.71,0.013,0.47,0.008712794,0.79,-,-,-,-,-,-,-,-,-,-,-,,,,,,,,,,,,,,,,,,,,,,,,,
7/5/22,RR1,W-15,,Picea ,glauca,"46°55'35.64""","68°42'37.33""",2.3,5.8,0,5.6,29,0,4.8,5.6,29,4.8,--,--,0,55,2,,5,"46° 55' 35.75""","68° 42' 37.42""","46° 55' 35.69""","68° 42' 37.41""","46° 55' 35.71""","68° 42' 37.46""",,,,,,,,,,,,,,,,0.94,1.9,1.24,0.037,0.47,0.004430727,0.87,-,-,-,-,-,-,-,-,-,-,-,,,,,,,,,,,,,,,,,,,,,,,,,
7/5/22,RR1,W-16,,Picea ,glauca,"46°55'35.68""","68°42'37.40""",4.8,12.2,0,7.3,46,1.5,7.8,7.3,46,7.8,--,--,0,60,2,,5,"46° 55' 35.66""","68° 42' 37.34""","46° 55' 35.62""","68° 42' 37.19""","46° 55' 35.67""","68° 42' 37.38""",,,,,,,,,,,,,,,,0.96,15.16,1.44,0.033,0.47,0.131619812,0.85,-,-,-,-,-,0.89,-,-,-,-,-,,,,,,,,,,,,,,,,,,,,,,,,,
7/5/22,RR1,W-17,,Picea ,glauca,"46°55'35.51""","68°42'37.18""",2.3,5.8,0,5,32,0,4.8,5,32,4.8,--,--,1,45,2,,5,"46° 55' 35.65""","68° 42' 37.27""","46° 55' 35.65""","68° 42' 37.26""","46° 55' 35.59""","68° 42' 37.27""",,,,,,,,,,,,,,,,0.78,10.37,2.32,0.034,0.47,0.151188193,0.79,-,-,-,-,-,0.95,-,-,-,-,-,,,,,,,,,,,,,,,,,,,,,,,,,
7/5/22,RR1,W-18,,Picea ,glauca,"46°55'35.47""","68°42'37.34""",1,2.5,0,4,11,0,2.5,4,11,2.5,--,--,0,75,1,,0,"46° 55' 35.50""","68° 42' 37.23""","46° 55' 35.50""","68° 42' 37.25""",-,-,,,,,,,,,,,,,,,,0.98,5.76,0.91,0.022,0.47,0.050625282,0.97,-,-,-,-,-,-,-,-,-,-,-,,,,,,,,,,,,,,,,,,,,,,,,,
7/5/22,RR1,W-19,,Picea ,glauca,"43°55'35.43""","68°42'37.40""",5.1,13,0,6.5,46,0,8.4,6.5,46,8.4,--,--,0,65,1,Possibly biphercated,10,-,-,-,-,-,-,,,,,,,,,,,,,,,,-,-,-,-,-,-,-,-,-,-,-,-,-,-,-,-,-,-,,,,,,,,,,,,,,,,,,,,,,,,,
7/5/22,RR1,W-20,,Picea ,glauca,"46°55'35.37""","68°42'37.11""",2.4,6.1,0,4.9,29,-1,5.4,4.9,29,5.4,--,--,0,65,1,,5,"46° 55' 35.39""","68° 42' 36.93""","46° 55' 35.49""","68° 42' 37.03""","46° 55' 35.03""","68° 42' 37.13""",,,,,,,,,,,,,,,,0.73,12.69,1.86,0.024,0.47,0.136576147,0.81,-,-,-,-,-,0.83,-,-,-,-,-,,,,,,,,,,,,,,,,,,,,,,,,,
7/5/22,RR1,W-21,,Picea ,glauca,"46°55'35.54""","68°42'36.96""",3.3,8.4,0,5,34,-1,6.1,5,34,6.1,--,--,1.7,35,2,,15,"46° 55' 35.63""","68° 42' 36.89""","46° 55' 35.26""","68° 42' 36.83""","46° 55' 35.48""","68° 42' 36.92""",,,,,,,,,,,,,,,,0.72,7.42,1.69,0.025,0.47,0.054935496,0.98,-,-,-,-,-,-,-,-,-,-,-,,,,,,,,,,,,,,,,,,,,,,,,,
7/5/22,RR1,W-22,,Picea ,glauca,"46°55'35.41""","68°42'36.87""",3.8,9.7,0,6.1,40,0,6.8,6.1,40,6.8,--,--,1.8,30,2,,10,"46° 55' 35.50""","68° 42' 36.73""","46° 55' 35.49""","68° 42' 36.82""","46° 55' 35.47""","68° 42' 36.64""",,,,,,,,,,,,,,,,0.8,9.75,2.28,0.032,0.47,0.071532625,0.82,-,-,-,-,-,0.98,-,-,-,-,-,,,,,,,,,,,,,,,,,,,,,,,,,
7/5/22,RR1,W-23,,Picea ,glauca,"46°55'35.52""","68°42'36.91""",2.3,5.8,0,4.7,31,0,4.5,4.7,31,4.5,--,--,1.7,20,2,,50,"46° 55' 35.45""","68° 42' 36.76""","46° 55' 35.49""","68° 42' 36.88""","46° 55' 35.50""","68° 42' 36.97""",,,,,,,,,,,,,,,,0.97,13.15,1.88,0.038,0.47,0.128244841,0.97,-,-,-,-,-,0.8,-,-,-,-,-,,,,,,,,,,,,,,,,,,,,,,,,,
7/5/22,RR1,W-24,,Picea ,glauca,"46°55'35.59""","68°42'36.83""",1.5,3.8,0,7,20,0,4.2,7,20,4.2,--,--,0,75,1,,0,"46° 55' 35.35""","68° 42' 36.70""","46° 55' 35.37""","68° 42' 36.76""",,,,,,,,,,,,,,,,,,0.83,12.53,1.79,0.033,0.47,0.145104391,0.86,-,-,-,-,-,-,-,-,-,-,-,,,,,,,,,,,,,,,,,,,,,,,,,
7/5/22,RR1,W-25,,Picea ,glauca,"46°55'35.59""","68°42'36.68""",3,7.6,0,4,37,0,4.7,4,37,4.7,--,--,1.75,35,1,"Covered in bugs. At least 7 species,triphercated",5,"46° 55' 35.53""","68° 42' 36.61""","46° 55' 35.50""","68° 42' 36.58""","46° 55' 35.00""","68° 42' 36.61""",,,,,,,,,,,,,,,,0.84,1.06,0.01,0.023,0.47,--,0.87,-,-,-,-,-,0.79,-,-,-,-,-,,,,,,,,,,,,,,,,,,,,,,,,,
7/5/22,RR1,W-26,,Picea ,glauca,"46°55'35.61""","68°42'36.94""",1.3,3.3,0,--,--,0,2.5,--,--,2.5,--,--,0,75,1,Small Tree,0,-,-,-,-,-,-,,,,,,,,,,,,,,,,0.97,5.2,1.01,0.014,0.47,0.045584201,0.85,-,-,-,-,-,-,-,-,-,-,-,,,,,,,,,,,,,,,,,,,,,,,,,
7/5/22,RR1,W-27,,Picea ,glauca,"46°55'35.61""","68°42'36.66""",2,5.1,0,3,41,0,4.3,3,41,4.3,--,--,0,45,1,,5,"46° 55' 35.63""","68° 42' 36.61""","46° 55' 35.64""","68° 42' 36.55""","46° 55' 35.61""","68° 42' 36.50""",,,,,,,,,,,,,,,,0.79,8.03,2.8,0.038,0.47,0.073355471,0.83,-,-,-,-,-,0.83,-,-,-,-,-,,,,,,,,,,,,,,,,,,,,,,,,,
7/5/22,RR1,W-28,,Picea ,glauca,"46°55'35.62""","68°42'36.46""",5.6,14.2,0,6.5,47,0,8.7,6.5,47,8.7,--,--,1.5,50,2,,10,"46° 55' 35.75""","68° 42' 36.34""","46° 55' 35.60""","68° 42' 36.33""","46° 55' 35.59""","68° 42' 36.39""",,,,,,,,,,,,,,,,0.95,8.67,2.46,0.054,0.47,0.03991637,0.98,-,-,-,-,-,0.85,-,-,-,-,-,,,,,,,,,,,,,,,,,,,,,,,,,
7/5/22,RR1,W-29,,Picea ,glauca,"46°55'35.62""","68°42'36.26""",3.2,8.1,0,4,48,0,6.1,4,48,6.1,--,--,4,40,2,,10,"46° 55' 35.79""","68° 42' 36.30""","46° 55' 35.83""","68° 42' 36.25""","46° 55' 35.60""","68° 42' 36.22""",,,,,,,,,,,,,,,,0.98,8.74,2.07,0.027,0.47,0.073749051,0.82,-,-,-,-,-,0.81,-,-,-,-,-,,,,,,,,,,,,,,,,,,,,,,,,,
7/5/22,RR1,W-30,,Picea ,glauca,"46°55'35.58""","68°42'3624.""",2.8,7.1,0,5,45,0,6.7,5,45,6.7,--,--,3.5,15,3,,15,"46° 55' 35.62""","68° 42' 36.18""","46° 55' 35.82""","68° 42' 36.17""","46° 55' 35.78""","68° 42' 36.14""",,,,,,,,,,,,,,,,0.84,6.01,2.76,0.033,0.47,0.035812782,0.81,-,-,-,-,-,-,-,-,-,-,-,,,,,,,,,,,,,,,,,,,,,,,,,
7/7/22,RR1,W-31,,Picea ,glauca,"46°55'35.58""","68°42'36.33""",5.5,14,0,10.5,38,0.5,9.4,10.5,38,9.4,--,--,3.5,35,2,,15,"46° 55' 35.62""","68° 42' 36.22""","46° 55' 35.59""","68° 42' 36.22""","46° 55' 35.58""","68° 42' 36.21""",,,,,,,,,,,,,,,,0.97,8.84,1.82,0.035,0.47,0.055059907,0.96,-,-,-,-,-,-,-,-,-,-,-,,,,,,,,,,,,,,,,,,,,,,,,,
7/7/22,RR1,W-32,,Picea ,glauca,"46°55'35.80""","68°42'36.24""",1.1,2.8,0,--,--,0,3,--,--,3,--,--,0,45,1,,0,"46° 55' 35.85""","68° 42' 36.25""","46° 55' 35.93""","68° 42' 36.31""",,,,,,,,,,,,,,,,,,0.84,4.6,1.59,0.021,0.47,0.021730334,0.79,-,-,-,-,-,-,-,-,-,-,-,,,,,,,,,,,,,,,,,,,,,,,,,
7/7/22,RR1,W-33,,Picea ,glauca,"46°55'35.70""","68°42'36.19""",3.1,7.9,0,4,38,0,4.8,4,38,4.8,--,--,2.5,35,2,Full of ants,10,"46° 55' 35.93""","68° 42' 36.22""","46° 55' 35.81""","68° 42' 36.21""","46° 55' 35.71""","68° 42' 36.19""",,,,,,,,,,,,,,,,0.84,2.09,1.12,0.017,0.47,0.022880291,0.85,-,-,-,-,-,-,-,-,-,-,-,,,,,,,,,,,,,,,,,,,,,,,,,
7/7/22,RR1,W-34,,Picea ,glauca,"46°55'35.67""","68°42'36.09""",3.2,8.1,0,6.5,30,0,5.5,6.5,30,5.5,--,--,2.5,40,2,,20,"46° 55' 35.70""","68° 42' 36.17""","46° 55' 35.72""","68° 42' 36.16""","46° 55'35.66""","68° 42' 36.11""",,,,,,,,,,,,,,,,0.95,11.41,1.26,0.034,0.47,0.110393575,0.95,-,-,-,-,-,0.93,-,-,-,-,-,,,,,,,,,,,,,,,,,,,,,,,,,
7/7/22,RR1,W-35,,Picea ,glauca,"46°55'35.75""","68°42'36.04""",2.1,5.3,0,4.5,35,0,4.9,4.5,35,4.9,--,--,1.5,35,2,,15,"46° 55' 35.80""","68° 42' 35.96""","46° 55' 35.31""","68° 42' 35.87""",,,,,,,,,,,,,,,,,,0.95,14.37,1.9,0.037,0.47,0.192188274,0.96,-,-,-,-,-,-,-,-,-,-,-,,,,,,,,,,,,,,,,,,,,,,,,,
7/7/22,RR1,W-36,,Picea ,glauca,"46°55'35.76""","68°42'36.01""",3,7.6,0,5,38,0,5.6,5,38,5.6,--,--,0,40,2,,10,"46° 55' 35.81""","68° 42' 35.95""","46° 55' 35.83""","68° 42' 35.95""","46° 55' 35.64""","68° 42' 35.88""",,,,,,,,,,,,,,,,0.94,5.81,1.62,0.014,0.47,0.062259669,0.93,-,-,-,-,-,0.93,-,-,-,-,-,,,,,,,,,,,,,,,,,,,,,,,,,
7/7/22,RR1,W-37,,Picea ,glauca,"46°55'35.55""","68°42'35.96""",4.8,12.2,0,6,43,0,7.3,6,43,7.3,--,--,0,45,1,,5,"46° 55' 35.87""","68° 42' 35.86""","46° 55' 35.87""","68° 42' 35.81""","46° 55' 36.09""","68° 42' 35.89""",,,,,,,,,,,,,,,,0.96,8.53,2.34,0.021,0.47,0.11154763,0.95,-,-,-,-,-,0.96,-,-,-,-,-,,,,,,,,,,,,,,,,,,,,,,,,,
7/7/22,RR1,W-38,,Picea ,glauca,"46°55'35.62""","68°42'35.69""",3.6,9.1,0,6.5,41,0,7.4,6.5,41,7.4,--,--,2.5,40,2,,10,"46° 55' 35.79""","68° 42' 35.76""","46° 55' 35.87""","68° 42' 35.88""","46° 55' 35.70""","68° 42' 35.86""",,,,,,,,,,,,,,,,0.93,5.42,1.73,0.026,0.47,0.051950918,0.94,-,-,-,-,-,0.94,-,-,-,-,-,,,,,,,,,,,,,,,,,,,,,,,,,
7/7/22,RR1,W-39,,Picea ,glauca,"46°55'35.62""","68°42'35.69""",4.4,11.2,0,8,34,0,7.1,8,34,7.1,--,--,2.5,35,2,,15,"46° 55' 35.44""","68° 42' 35.12""","46° 55' 35.49""","68° 42' 36.14""","46° 55' 35.53""","68° 42' 36.05""",,,,,,,,,,,,,,,,0.96,12.29,2.09,0.027,0.47,0.13084218,0.96,-,-,-,-,-,-,-,-,-,-,-,,,,,,,,,,,,,,,,,,,,,,,,,
7/7/22,RR1,W-40,,Picea ,glauca,"46°55'35.49""","68°42'35.97""",4.6,11.7,0,8,40,0,8.4,8,40,8.4,--,--,2,40,2,,15,"46° 55' 35.58""","68° 42' 36.04""","46° 55' 35.49""","68° 42' 36.06""","46° 55' 35.48""","68° 42' 36.06""",,,,,,,,,,,,,,,,0.95,26.22,3.46,0.054,0.47,0.307941503,0.97,-,-,-,-,-,0.95,-,-,-,-,-,,,,,,,,,,,,,,,,,,,,,,,,,
7/7/22,RR1,W-41,,Picea ,glauca,"46°55'35.54""","68°42'35.86""",5.5,14,0,9,40,0,9.3,9,40,9.3,--,--,Cant see,Cant see,Cant see,Was surrounded by other trees and could not see much of the tree,Cant see,"46° 55' 35.62""","68° 42' 35.98""","46° 55' 35.51""","68° 42' 35.82""","46° 55' 35.57""","68° 42' 35.91""",,,,,,,,,,,,,,,,0.96,11.29,1.76,0.03,0.47,0.123763882,0.95,-,-,-,-,-,0.95,-,-,-,-,-,,,,,,,,,,,,,,,,,,,,,,,,,
7/7/22,RR1,W-42,,Picea ,glauca,"46°55'35.62""","68°42'35.63""",7,17.8,0,Cant see,Cant see,0,,Cant see,Cant see,Cant see,--,--,2.5,Cant see,2,Was surrounded by other trees and could not see much of the tree,Cant see,not sampled,not sampled,not sampled,not sampled,not sampled,not sampled,,,,,,,,,,,,,,,,0.96,9.91,1.93,0.019,0.47,0.109712399,0.96,-,-,-,-,-,0.96,-,-,-,-,-,,,,,,,,,,,,,,,,,,,,,,,,,
7/7/22,RR1,W-43,,Picea ,glauca,"46°55'35.96""","68°42'35.75""",6.4,16.3,0,9,36,0,8.2,9,36,8.2,--,--,2,65,1,,5,"46° 55' 36.29""","68° 42' 35.82""","46° 55' 36.06""","68° 42' 35.94""","46° 55' 36.11""","68° 42' 35.88""",,,,,,,,,,,,,,,,0.91,5.72,2.33,0.014,0.47,0.061154093,0.92,-,-,-,-,-,0.9,-,-,-,-,-,,,,,,,,,,,,,,,,,,,,,,,,,
7/7/22,RR1,W-44,,Picea ,glauca,"46°55'36.05""","68°42'35.72""",5.5,14,0,8,44,0,9.4,8,44,9.4,--,--,0,25,2,,20,"46° 55' 36.11""","68° 42' 35.72""","46° 55'36.15""","68° 42' 35.78""","46° 55' 35.98""","68° 42' 35.77""",,,,,,,,,,,,,,,,0.96,15.67,1.95,0.035,0.47,0.490050734,0.95,-,-,-,-,-,0.95,-,-,-,-,-,,,,,,,,,,,,,,,,,,,,,,,,,
7/7/22,RR1,W-45,,Picea ,glauca,"46°55'35.95""","68°42'35.50""",5.5,14,0,7,38,0,7.2,7,38,7.2,--,--,0,65,1,,5,"46° 55' 36.16""","68° 42' 35.73""","46° 55' 36.13""","68° 42' 35.55""","46° 55'  36.07""","68° 42' 35.69""",,,,,,,,,,,,,,,,0.95,10.97,1.58,0.04,0.47,0.139026416,0.95,-,-,-,-,-,0.97,-,-,-,-,-,,,,,,,,,,,,,,,,,,,,,,,,,
7/7/22,RR1,W-46,,Picea ,glauca,"46°55'35.96""","68°42'35.17""",13.9,35.3,0,11.4,44,0,12.7,11.4,44,12.7,--,--,0,30,2,,15,,,,,,,,,,,,,,,,,,,,,,-,-,-,-,-,-,-,-,-,-,-,-,-,-,-,-,-,-,,,,,,,,,,,,,,,,,,,,,,,,,
7/7/22,RR1,R-47,,Picea ,rubens,"46°55'36.20""","68°42'35.80""",4.8,12.2,0,5.5,45,0,7.2,5.5,45,7.2,--,--,0,35,1,,15,,,,,,,,,,,,,,,,,,,,,,-,-,-,-,-,-,-,-,-,-,-,-,-,-,-,-,-,-,,,,,,,,,,,,,,,,,,,,,,,,,
7/7/22,RR1,W-48,,Picea ,glauca,"46°55'35.15""","68°42'36.05""",0.5,1.3,0,--,--,0,1.5,--,--,1.5,--,--,0,85,1,,0,,,,,,,,,,,,,,,,,,,,,,0.92,7.32,0.59,0.021,0.47,0.085413109,-,-,-,-,-,-,-,-,-,-,-,-,,,,,,,,,,,,,,,,,,,,,,,,,
7/7/22,RR1,W-49,,Picea ,glauca,"46°55'35.02""","68°42'35.96""",0.5,1.3,0,--,--,0,2.1,--,--,2.1,--,--,0,70,1,,0,,,,,,,,,,,,,,,,,,,,,,0.95,7.46,2.19,0.026,0.47,0.081793503,-,-,-,-,-,-,-,-,-,-,-,-,,,,,,,,,,,,,,,,,,,,,,,,,
7/7/22,RR1,W-50,,Picea ,glauca,"46°55'35.02""","68°42'36.04""",0.5,1.3,0,--,--,0,2.3,--,--,2.3,--,--,0,60,1,,0,,,,,,,,,,,,,,,,,,,,,,0.94,4.52,0.82,0.015,0.47,0.035777001,-,-,-,-,-,-,-,-,-,-,-,-,,,,,,,,,,,,,,,,,,,,,,,,,
7/7/22,RR1,W-51,,Picea ,glauca,"46°55'34.74""","68°42'36.56""",3,7.6,0,9,18,0,4.6,9,18,4.6,--,--,0,75,1,,0,,,,,,,,,,,,,,,,,,,,,,-,-,-,-,-,-,-,-,-,-,-,-,-,-,-,-,-,-,,,,,,,,,,,,,,,,,,,,,,,,,
7/7/22,RR1,W-52,,Picea ,glauca,"46°55'34.62""","68°42'36.67""",3.3,8.4,0,8,25,0,5.4,8,25,5.4,--,--,0,25,2,,20,,,,,,,,,,,,,,,,,,,,,,-,-,-,-,-,-,-,-,-,-,-,-,-,-,-,-,-,-,,,,,,,,,,,,,,,,,,,,,,,,,
7/7/22,RR1,W-53,,Picea ,glauca,"46°55'34.57""","68°42'36.57""",3.5,8.9,0,9,30,0,6.9,9,30,6.9,--,--,0,80,1,,0,,,,,,,,,,,,,,,,,,,,,,-,,,,,,-,-,-,-,-,-,-,-,-,-,-,-,,,,,,,,,,,,,,,,,,,,,,,,,
7/15/22,CL2,W-1,,Picea ,glauca,"47°10'04.39""","68°20'42.11""",1.8,4.6,0,5,19,0,3.4,--,--,3.4,--,--,0,60,1,,0,"47° 10' 04.47""","68°20'42.13""","47°10'04.47""","68°20'42.07""",not sampled,not sampled,,,,,,,,,,,,,,,,,,,,,,-,-,-,-,-,-,,-,-,-,-,-,,,,,,,,,,,,,,,,,,,,,,,,,
7/15/22,CL2,R-2,,Picea ,rubens,"47°10'04.39""","68°20'42.06""",1.2,3,0,5,13,0,2.9,--,--,2.9,--,--,0,75,1,,0,not recorded,not recorded,not recorded,not recorded,not recorded,not recorded,,,,,,,,,,,,,,,,,,,,,,-,-,-,-,-,-,,-,-,-,-,-,,,,,,,,,,,,,,,,,,,,,,,,,
7/15/22,CL2,W-3,,Picea ,glauca,"47°10'04.28""","68°20'42.00""",2.3,5.8,0,7,20,0,4.2,--,--,4.2,--,--,0,60,1,,0,"47°10'04.04""","68°20'42.05""","47°10'04.42""","68°20'42.01""",not sampled,not sampled,,,,,,,,,,,,,,,,,13.36,1.15,0.032,0.47,0.232136532,-,-,-,-,-,-,,-,-,-,-,-,,,,,,,,,,,,,,,,,,,,,,,,,
7/15/22,CL2,R-4,,Picea ,rubens,"47°10'04.14""","68°20'41.75""",2.3,5.8,0,5,24,0,3.9,--,--,3.9,--,--,0,85,1,,0,"47°10'04.16""","68°20'41.80""","47°10'04.25""","68°20'41.81""","47°10'04.21""","68°20'41.77""",,,,,,,,,,,,,,,,,7.63,1.43,0.022,0.47,0.159374968,-,-,-,-,-,-,,-,-,-,-,-,,,,,,,,,,,,,,,,,,,,,,,,,
7/15/22,CL2,W-5,,Picea ,glauca,"47°10'03.84""","68°20'41.19""",2.9,7.4,0,6.5,23,0,4.5,--,--,4.5,--,--,1.5,60,1,,0,"47°10'03.85""","68°20'41.17""","47°10'03.90""","68°20'41.32""","47°10'03.81""","68°20'41.20""",,,,,,,,,,,,,,,,,12.67,1.28,0.032,0.47,0.183117004,-,-,-,-,-,-,,-,-,-,-,-,,,,,,,,,,,,,,,,,,,,,,,,,
7/15/22,CL2,W-6,,Picea ,glauca,"47°10'03.79""","68°20'41.13""",2,5.1,0,6,19,0,3.8,--,--,3.8,--,--,0.5,55,1,,5,"47°10'03.78""","68°20'41.14""","47°10'03.75""","68°20'41.05""",not sampled,not sampled,,,,,,,,,,,,,,,,,20.12,0.33,0.037,0.47,0.432170045,-,-,-,-,-,-,,-,-,-,-,-,,,,,,,,,,,,,,,,,,,,,,,,,
7/15/22,CL2,W-7,,Picea ,glauca,"47°10'03.71""","68°20'41.10""",1.2,3,0,2.5,16,0,2.4,--,--,2.4,--,--,0,85,1,,0,"47°10'03.75""","68°20'41.16""",not sampled,not sampled,not sampled,not sampled,,,,,,,,,,,,,,,,,7.38,1.23,0.025,0.47,0.199056106,-,-,-,-,-,-,,-,-,-,-,-,,,,,,,,,,,,,,,,,,,,,,,,,
7/15/22,CL2,R-8,,Picea ,rubens,"47°10'03.77""","68°20'40.99""",2,5.1,0,7,16,0,3.7,--,--,3.7,--,--,0,65,1,,5,"47°10'03.81""","68°20'41.06""","47°10'03.77""","68°20'41.11""",not sampled,not sampled,,,,,,,,,,,,,,,,,4.97,1.37,0.02,0.47,0.079092655,-,-,-,-,-,-,,-,-,-,-,-,,,,,,,,,,,,,,,,,,,,,,,,,
7/15/22,CL2,W-9,,Picea ,glauca,"47°10'03.29""","68°20'40.37""",3.6,9.1,0,4,32,0,4.2,--,--,4.2,--,--,1.1,65,1,,5,"47°10'03.34""","68°20'10.64""","47°10'03.35""","68°20'41.81""",not sampled,not sampled,,,,,,,,,,,,,,,,,6.78,1.29,0.021,0.47,0.136588742,-,-,-,-,-,-,,-,-,-,-,-,,,,,,,,,,,,,,,,,,,,,,,,,
7/15/22,CL2,W-10,,Picea ,glauca,"47°10'03.18""","68°20'40.37""",2.8,7.1,0,4,35,0,4.5,--,--,4.5,--,--,0,70,1,,0,"47°10'03.30""","68°20'40.44""","47°10'03.22""","68°20'40.25""",not sampled,not sampled,,,,,,,,,,,,,,,,,12.31,1.35,0.043,0.47,0.3332213,-,-,-,-,-,-,,-,-,-,-,-,,,,,,,,,,,,,,,,,,,,,,,,,
7/15/22,CL2,R-11,,Picea ,rubens,"47°10'03.18""","68°20'40.43""",2.3,5.8,0,4.5,31,0,4.4,--,--,4.4,--,--,0,55,1,,0,"47°10'03.24""","68°20'40.46""","47°10'03.25""","68°20'40.40""",not sampled,not sampled,,,,,,,,,,,,,,,,,4.62,1.25,0.026,0.47,0.05511939,-,-,-,-,-,-,,-,-,-,-,-,,,,,,,,,,,,,,,,,,,,,,,,,
7/15/22,CL2,W-12,,Picea ,glauca,"47°10'03.22""","68°20'40.12""",2.9,7.4,0,8.5,25,0,5.7,--,--,5.7,--,--,2,45,2,,10,"47°10'03.15""","68°20'40.05""","47°10'05.16""","68°20'40.14""",not sampled,not sampled,,,,,,,,,,,,,,,,,4.09,1.34,0.013,0.47,0.080968283,-,-,-,-,-,-,,-,-,-,-,-,,,,,,,,,,,,,,,,,,,,,,,,,
7/15/22,CL2,W-13,,Picea ,glauca,"47°10'.02""82","68°20'39.80""",2.6,6.6,0,5.5,19,0,3.6,--,--,3.6,--,--,0,90,1,,0,"47°10'02.83""","68°20'39.75""","47°10'02.83""","68°20'39.76""",not sampled,not sampled,,,,,,,,,,,,,,,,,5.42,1.1,0.025,0.47,0.133821266,-,-,-,-,-,-,,-,-,-,-,-,,,,,,,,,,,,,,,,,,,,,,,,,
7/15/22,CL2,R-14,,Picea ,rubens,"47°10'02.76""","68°20'39.70""",3.3,8.4,0,6,29,0,5,--,--,5,--,--,0,70,1,,0,"47°10'02.77""","68°'20.39""69",,,"47°10'02.73""","68°20'39.66""",,,,,,,,,,,,,,,,,10.74,1.47,0.03,0.47,--,-,-,-,-,-,-,,-,-,-,-,-,,,,,,,,,,,,,,,,,,,,,,,,,
7/15/22,CL2,W-15,,Picea ,glauca,"47°10'02.58""","68°20'39.48""",3.8,9.7,0,6,27,0,4.8,--,--,4.8,--,--,0,65,1,,0,"47°10'02.52""","68°20'39.42""","47°10'02.53""","68°20'39.43""","47°10'02.61""","68°20'39.46""",,,,,,,,,,,,,,,,,14.75,3.12,0.036,0.47,--,-,-,-,-,-,-,,-,-,-,-,-,,,,,,,,,,,,,,,,,,,,,,,,,
7/15/22,CL2,W-16,,Picea ,glauca,"47°10'02.42""","68°20'39.73""",2.3,5.8,0,6.5,16,0,3.6,--,--,3.6,--,--,0,70,1,,0,"47°10'02.44""","68°20'39.59""","47°10'02.44""","68°20'39.72""",not sampled,not sampled,,,,,,,,,,,,,,,,,14.58,3.39,0.017,0.47,--,-,-,-,-,-,-,,-,-,-,-,-,,,,,,,,,,,,,,,,,,,,,,,,,
7/15/22,CL2,R-17,,Picea ,rubens,"47°10'02.52""","68°20'39.71""",1,2.5,0,--,--,0,2.3,--,--,2.3,--,--,0,60,1,,0,"47°10'02.48""","68°20'39.69""","47°10'02.46""","68°20'39.67""",not sampled,not sampled,,,,,,,,,,,,,,,,,6.03,1.08,0.028,0.47,0.194894768,-,-,-,-,-,-,,-,-,-,-,-,,,,,,,,,,,,,,,,,,,,,,,,,
7/15/22,CL2,W-18,,Picea ,glauca,"47°10'02.72""","68°20'40.01""",1.5,3.8,0,--,--,0,2.3,--,--,2.3,--,--,0,65,1,,0,"47°10'02.68""","68°20'39.99""","47°10'02.10""","68°20'40.02""",not sampled,not sampled,,,,,,,,,,,,,,,,,16.28,3.34,0.031,0.47,--,-,-,-,-,-,-,,-,-,-,-,-,,,,,,,,,,,,,,,,,,,,,,,,,
7/15/22,CL2,R-19,,Picea ,rubens,"47°10'02.68""","68°20'39.96""",1.4,3.6,0,--,--,0,2.4,--,--,2.4,--,--,0,85,1,,0,"47°10'02.59""","68°20'39.98""","47°10'02.59""","68°20'39.92""",not sampled,not sampled,,,,,,,,,,,,,,,,,6.25,2.09,0.049,0.47,0.21653246,-,-,-,-,-,-,,-,-,-,-,-,,,,,,,,,,,,,,,,,,,,,,,,,
7/15/22,CL2,W-20,,Picea ,glauca,"47°10'02.74""","68°20'40.12""",2.5,6.4,0,6,23,0,4.2,--,--,4.2,--,--,1.5,45,2,,15,"47°10'02.71""","68°20'40.22""","47°10'02.64""","68°20'39.97""","47°10'02.75""","68°20'40.17""",,,,,,,,,,,,,,,,,19.65,4.84,0.028,0.47,--,-,-,-,-,-,-,,-,-,-,-,-,,,,,,,,,,,,,,,,,,,,,,,,,
7/15/22,CL2,R-21,,Picea ,rubens,"47°10'02.86""","68°20'40.31""",2,5.1,0,7.5,26,0,5.4,--,--,5.4,--,--,0.5,60,1,,0,"47°10'02.84""","68°20'40.22""","47°10'02.83""","68°20'40.21""",not sampled,not sampled,,,,,,,,,,,,,,,,0.96,6.63,0.8,0.021,0.47,0.081456604,0.96,-,-,-,-,-,,-,-,-,-,-,,,,,,,,,,,,,,,,,,,,,,,,,
7/15/22,CL2,W-22,,Picea ,glauca,"47°10'03.21""","68°20'40.79""",3.6,9.1,0,6,28,0,4.9,--,--,4.9,--,--,0.5,60,2,,10,"47°10'03.10""","68°20'40.58""","47°10'3.10""","68°20'40.93""","47°10'03.21""","68°20'40.74""",,,,,,,,,,,,,,,,0.97,10.68,0.67,0.021,0.47,0.142597229,0.96,-,-,-,-,-,,-,-,-,-,-,,,,,,,,,,,,,,,,,,,,,,,,,
7/15/22,CL2,R-23,,Picea ,rubens,"47°10'03.28""","68°20'41.14""",2.1,5.3,0,7.5,17,0,4,--,--,4,--,--,1,60,1,,5,"47°10'03.31""","68°20'41.""04","47°10'03.31""","68°20'40.91""",not sampled,not sampled,,,,,,,,,,,,,,,,0.96,6.73,0.56,0.018,0.47,0.060510482,0.96,-,-,-,-,-,,-,-,-,-,-,,,,,,,,,,,,,,,,,,,,,,,,,
7/15/22,CL2,R-24,,Picea ,rubens,"47°10'03.37""","68°20'41.16""",1.6,4.1,0,6,16,0,3.4,--,--,3.4,--,--,1,45,1,spiders,0,"47°10'03.36""","68°20'41.09""","47°10'03.37""","68°20'41.11.""",not sampled,not sampled,,,,,,,,,,,,,,,,0.95,3.74,0.97,0.013,0.47,0.040593517,0.97,-,-,-,-,-,,-,-,-,-,-,,,,,,,,,,,,,,,,,,,,,,,,,
7/15/22,CL2,R-25,,Picea ,rubens,"47°10'03.63""","68°20'41.51""",2.9,7.4,0,6.5,20,0,4.1,6.5,20,4.1,,--,0.5,85,1,,0,"47°10'03.59""","68°20'41.51""","°'.""","°'.""",,,,,,,,,,,,,,,,,,,6.26,1.61,0.021,0.47,0.086504366,,-,-,-,-,-,,-,-,-,-,-,,,,,,,,,,,,,,,,,,,,,,,,,
7/18/22,CL2,R-26,,Picea ,rubens,"47°10'3.79""","68°20'41.78""",2.1,5.3,0,9.5,16,0,4.4,9.5,16,4.4,,--,0.5,45,2,,5,"47°10'03.76""","68°20'41.91""","°'.""","°'.""",,,,,,,,,,,,,,,,,,,8.71,0.49,0.019,0.47,0.110398695,,-,-,-,-,-,,-,-,-,-,-,,,,,,,,,,,,,,,,,,,,,,,,,
7/18/22,CL2,R-27,,Picea ,rubens,"47°10'4.11""","68°20'42.28""",1,2.5,0,2,Data missing,0,2.1,--,Data missing,,,--,0,85,1,,0,"47°10'03.96""","68°20'42.39""","°'.""","°'.""",,,,,,,,,,,,,,,,,,,5.34,0.54,0.018,0.47,0.089221679,,-,-,-,-,-,,-,-,-,-,-,,,,,,,,,,,,,,,,,,,,,,,,,
7/18/22,CL2,R-28,,Picea ,rubens,"47°10'5.33""","68°20'42.47""",4.1,10.4,0,6,41,0,6.9,--,41,6.9,,,0.5,35,1,,5,"47°10'05.34""","68°20'42.54""","°'.""","°'.""",,,,,,,,,,,,,,,,,,,,,,,,,-,-,-,-,-,,-,-,-,-,-,,,,,,,,,,,,,,,,,,,,,,,,,
7/18/22,CL2,R-29,,Picea ,rubens,"47°10'5.28""","68°20'42.39""",2.8,7.1,0,5,25,0,4,--,25,4,,,0.2,55,1,,0,"47°10'05.25""","68°20'42.46""","°'.""","°'.""",,,,,,,,,,,,,,,,,,,15.1,1.11,0.038,0.47,0.20713371,,-,-,-,-,-,,-,-,-,-,-,,,,,,,,,,,,,,,,,,,,,,,,,
7/18/22,CL2,W-30,,Picea ,glauca,"47°10'5.12""","68°20'42.73""",2.7,6.9,0,4,32,0,4.2,--,32,4.2,,,0.2,50,1,,5,"47°10'05.16""","68°20'42.73""","°'.""","°'.""",,,,,,,,,,,,,,,,,,,9.36,0.99,0.028,0.47,0.094422523,,-,-,-,-,-,,-,-,-,-,-,,,,,,,,,,,,,,,,,,,,,,,,,
7/18/22,CL2,W-31,,Picea ,glauca,"47°10'4.75""","68°20'43.70""",3.8,9.7,0,5,44,0,6.5,--,44,6.5,,,0.3,30,1,,0,"47°10'04.72""","68°20'43.87""","°'.""","°'.""",,,,,,,,,,,,,,,,,,,6.72,0.11,0.008,0.47,0.040161198,,-,-,-,-,-,,-,-,-,-,-,,,,,,,,,,,,,,,,,,,,,,,,,
7/18/22,CL2,W-32,,Picea ,glauca,"47°10'4.82""","68°20'43.65""",2.3,5.8,0,4,34,0,4.4,--,34,4.4,,,0.3,15,1,,5,"47°10'04.92""","68°20'43.78""","°'.""","°'.""",,,,,,,,,,,,,,,,,,,2.6,0.69,0.021,0.47,0.021077331,,-,-,-,-,-,,-,-,-,-,-,,,,,,,,,,,,,,,,,,,,,,,,,
7/18/22,CL2,R-33,,Picea ,rubens,"47°10'4.46""","68°20'43.61""",4.4,11.2,0,6,36,0,6.1,--,36,6.1,,,0,35,1,,5,"47°10'04.42""","68°20'43.71""","°'.""","°'.""",,,,,,,,,,,,,,,,,,,6.65,0.27,0.014,0.47,0.064271114,,-,-,-,-,-,,-,-,-,-,-,,,,,,,,,,,,,,,,,,,,,,,,,
7/18/22,CL2,W-34,,Picea ,glauca,"47°10'4.47""","68°20'43.77""",4.1,10.4,0,8,38,0,8,--,38,8,,,0.7,40,1,,5,"°'.""","°'.""","°'.""","°'.""",,,,,,,,,,,,,,,,,,,,,,,,,-,-,-,-,-,,-,-,-,-,-,,,,,,,,,,,,,,,,,,,,,,,,,
7/18/22,CL2,W-35,,Picea ,glauca,"47°10'3.70""","68°20'44.73""",2.7,6.9,0,6,24,0,4.4,--,24,4.4,,,0,30,1,,5,"47°10'03.67""","68°20'44.80""","°'.""","°'.""",,,,,,,,,,,,,,,,,,,8.25,0.93,0.025,0.47,0.076039972,,-,-,-,-,-,,-,-,-,-,-,,,,,,,,,,,,,,,,,,,,,,,,,
7/18/22,CL2,W-36,,Picea ,glauca,"47°10'3.66""","68°20'44.76""",3.5,8.9,0,6,27,0,4.8,--,27,4.8,,,0.3,35,1,,5,"47°10'03.65""","68°20'44.80""","°'.""","°'.""",,,,,,,,,,,,,,,,,,,5.68,1.54,0.029,0.47,0.052582527,,-,-,-,-,-,,-,-,-,-,-,,,,,,,,,,,,,,,,,,,,,,,,,
7/18/22,CL2,W-37,,Picea ,glauca,"47°10'3.57""","68°20'44.80""",3.7,9.4,0,5,32,0,4.8,--,32,4.8,,,0,35,1,,5,"°'.""","°'.""","°'.""","°'.""",,,,,,,,,,,,,,,,,,,,,,,,,-,-,-,-,-,,-,-,-,-,-,,,,,,,,,,,,,,,,,,,,,,,,,
7/18/22,CL2,W-38,,Picea ,glauca,"47°10'3.55""","68°20'44.95""",3.6,9.1,0,5,33,0,4.9,--,33,4.9,,,1,35,1,,5,"47°10'03.58""","68°20'44.94""","°'.""","°'.""",,,,,,,,,,,,,,,,,,,,,,,,,-,-,-,-,-,,-,-,-,-,-,,,,,,,,,,,,,,,,,,,,,,,,,
7/18/22,CL2,W-39,,Picea ,glauca,"47°10'3.47""","68°20'45.30""",2.1,5.3,0,6,40,0,6.7,--,40,6.7,,,0.2,50,1,,0,"°'.""","°'.""","°'.""","°'.""",,,,,,,,,,,,,,,,,,,,,,,,,-,-,-,-,-,,-,-,-,-,-,,,,,,,,,,,,,,,,,,,,,,,,,
7/18/22,CL2,W-40,,Picea ,glauca,"47°10'3.28""","68°20'45.25""",4.6,11.7,0,4,42,0,5.3,--,42,5.3,,,0.5,35,1,,5,"47°10'03.27""","68°20'45.31""","°'.""","°'.""",,,,,,,,,,,,,,,,,,,5.76,0.87,0.025,0.47,0.035777145,,-,-,-,-,-,,-,-,-,-,-,,,,,,,,,,,,,,,,,,,,,,,,,
7/18/22,CL2,W-41,,Picea ,glauca,"47°10'3.85""","68°20'44.88""",3.1,7.9,0,5,37,0,5.5,--,37,5.5,,,0.5,25,1,,5,"47°10'03.85""","68°20'44.91""","°'.""","°'.""",,,,,,,,,,,,,,,,,,,4.45,0.66,0.024,0.47,0.029073475,,-,-,-,-,-,,-,-,-,-,-,,,,,,,,,,,,,,,,,,,,,,,,,
7/18/22,CL2,W-42,,Picea ,glauca,"47°10'3.68""","68°20'45.29""",3.9,9.9,0,4,52,0,6.8,--,52,6.8,,,1.5,30,3,,15,"°'.""","°'.""","°'.""","°'.""",,,,,,,,,,,,,,,,,,,,,,,,,-,-,-,-,-,,-,-,-,-,-,,,,,,,,,,,,,,,,,,,,,,,,,
7/18/22,CL2,W-43,,Picea ,glauca,"47°10'3.65""","68°20'45.50""",3,7.6,0,4,40,0,5.1,--,40,5.1,,,1,30,3,,10,"°'.""","°'.""","°'.""","°'.""",,,,,,,,,,,,,,,,,,,,,,,,,-,-,-,-,-,,-,-,-,-,-,,,,,,,,,,,,,,,,,,,,,,,,,
7/18/22,CL2,W-44,,Picea ,glauca,"47°10'3.63""","68°20'45.57""",3.7,9.4,0,4,44,0,5.6,--,44,5.6,,,1.5,30,3,,15,"°'.""","°'.""",,,,,,,,,,,,,,,,,,,,,,,,,,,-,-,-,-,-,,-,-,-,-,-,,,,,,,,,,,,,,,,,,,,,,,,,
7/18/22,CL2,R-45,,Picea ,rubens,"47°10'3.49""","68°20'45.90""",3.6,9.1,0,5,35,0,5.2,--,35,5.2,,,0,40,1,,5,"°'.""","°'.""",,,,,,,,,,,,,,,,,,,,,,,,,,,-,-,-,-,-,,-,-,-,-,-,,,,,,,,,,,,,,,,,,,,,,,,,
7/18/22,CL2,W-46,,Picea ,glauca,"47°10'3.44""","68°20'45.88""",3.2,8.1,0,5,34,0,5.1,--,34,5.1,,,1,30,1,,5,"°'.""","°'.""",,,,,,,,,,,,,,,,,,,,,,,,,,,-,-,-,-,-,,-,-,-,-,-,,,,,,,,,,,,,,,,,,,,,,,,,
7/18/22,CL2,W-47,,Picea ,glauca,"47°10'3.81""","68°20'45.76""",2.9,7.4,0,4,39,0,4.9,--,39,4.9,,,1,30,1,,10,"°'.""","°'.""",,,,,,,,,,,,,,,,,,,,,,,,,,,-,-,-,-,-,,-,-,-,-,-,,,,,,,,,,,,,,,,,,,,,,,,,
7/18/22,CL2,W-48,,Picea ,glauca,"47°10'3.72""","68°20'46.09""",3.8,9.7,0,5,41,0,6,--,41,6,,,1.5,30,2,,10,"°'.""","°'.""",,,,,,,,,,,,,,,,,,,,,,,,,,,-,-,-,-,-,,-,-,-,-,-,,,,,,,,,,,,,,,,,,,,,,,,,
7/18/22,CL2,W-49,,Picea ,glauca,"47°10'3.96""","68°20'45.16""",2.5,6.4,0,,,0,1.7,--,--,1.7,,,,,,,,"°'.""","°'.""",,,,,,,,,,,,,,,,,,,,,,,,,,,-,-,-,-,-,,-,-,-,-,-,,,,,,,,,,,,,,,,,,,,,,,,,
7/18/22,CL2,W-50,,Picea ,glauca,"47°10'3.90""","68°20'45.23""",2.1,5.3,0,,,0,1.7,--,--,1.7,,,,,,,,"°'.""","°'.""",,,,,,,,,,,,,,,,,,,,,,,,,,,-,-,-,-,-,,-,-,-,-,-,,,,,,,,,,,,,,,,,,,,,,,,,
7/15/22,CL3,W-1,,Picea ,glauca,"47°11'21.05""","68°20'14.48""",7.8,19.8,1,8.5,35,0,7.7,8.5,35,7.7,--,--,3,50,2,,20,"47°11'21.02""","68°20'14.49""","47°11'21.12""","68°20'14.46""","47°11'21.13""","68°20'14.43""",,,,,,,,,,,,,,,,-,9.33,1.9,0.033,0.47,0.151982192,-,-,-,-,-,-,-,-,-,-,-,-,,,,,,,,,,,,,,,,,,,,,,,,,
7/15/22,CL3,W-2,,Picea ,glauca,"47°11'21.27""","68°20'14.66""",8.7,22.1,0,7.5,46,0,9.5,7.5,46,9.5,--,--,2.5,45,2,,15,"47°11'21.15""","68°20'14.39""","47°11'21.14""","68°20'14.56""","47°11'21.26""","68°20'14.63""",,,,,,,,,,,,,,,,-,8.58,1.75,0.013,0.47,-,-,-,-,-,-,-,-,-,-,-,-,-,,,,,,,,,,,,,,,,,,,,,,,,,
7/15/22,CL3,W-3,,Picea ,glauca,"47°11'21.28""","68°20'14.77""",6.6,16.8,2,5.5,45,0,7.2,5.5,45,7.2,--,--,1,40,2,,20,"47°11'21.31""","68°20'14.71""","47°11'21.28""","68°20'14.69""","47°11'21.30""","68°20'14.72""",,,,,,,,,,,,,,,,-,12.49,1.65,0.038,0.47,0.226325406,-,-,-,-,-,-,-,-,-,-,-,-,,,,,,,,,,,,,,,,,,,,,,,,,
7/15/22,CL3,W-4,,Picea ,glauca,"47°11'21.34""","68°20'14.84""",8.9,22.6,0,6,63,0,13.5,6,63,13.5,--,--,0.5,50,2,,15,"47°11'21.32""","68°20'14.79""","47°11'21.62""","68°20'14.72""","47°11'21.36""","68°20'14.85""",,,,,,,,,,,,,,,,-,14.61,3.41,0.021,0.47,-,-,-,-,-,-,-,-,-,-,-,-,-,,,,,,,,,,,,,,,,,,,,,,,,,
7/15/22,CL3,W-5,,Picea ,glauca,"47°11'21.45""","68°20'15.08""",6.6,16.8,0,7,63,0,15.4,7,63,15.4,9.2,14,4,50,2,,20,"47°11'21.43""","68°20'15.02""","47°11'21.38""","68°20'15.06""","47°11'21.32""","68°20'15.17""",,,,,,,,,,,,,,,,-,8.92,2.73,0.036,0.47,0.107356554,-,-,-,-,-,-,-,-,-,-,-,-,,,,,,,,,,,,,,,,,,,,,,,,,
7/15/22,CL3,W-6,,Picea ,glauca,"47°11'21.55""","68°20'14.67""",7.9,20.1,0,6,60,0,12.1,6,60,12.1,--,--,2,40,2,,15,"47°11'21.62""","68°20'14.47""","47°11'21.54""","68°20'14.62""","47°11'21.61""","68°20'14.61""",,,,,,,,,,,,,,,,-,19.91,2.38,0.009,0.47,-,-,-,-,-,-,-,-,-,-,-,-,-,,,,,,,,,,,,,,,,,,,,,,,,,
7/15/22,CL3,W-7,,Picea ,glauca,"47°11'21.45""","68°20'14.63""",5.2,13.2,0,5.5,49,0,8,5.5,49,8,--,--,2,45,2,,10,"47°11'21.48""","68°20'14.53""","47°11'21.48""","68°20'14.60""","47°11'21.44""","68°20'14.63""",,,,,,,,,,,,,,,,-,7.69,1.89,0.031,0.47,0.092235122,-,-,-,-,-,-,-,-,-,-,-,-,,,,,,,,,,,,,,,,,,,,,,,,,
7/15/22,CL3,W-8,,Picea ,glauca,"47°11'21.00""","68°20'13.53""",11.7,29.7,0,10.5,49,0,13.8,10.5,49,13.8,--,--,0,45,2,,10,"47°11'21.04""","68°20'13.41""","47°11'21.09""","68°20'13.48""","47°11'21.07""","68°20'13.44""",,,,,,,,,,,,,,,,0.96,11.16,3.82,0.025,0.47,-,0.94,-,-,-,-,-,0.96,-,-,-,-,-,,,,,,,,,,,,,,,,,,,,,,,,,
7/18/22,CL3,W-9,,Picea ,glauca,"47°11'20.93""","68°20'13.69""",3.3,8.4,0,4,45,0,5.7,4,45,5.7,--,--,0.5,80,1,,5,"47°11'20.97""","68°20'13.73""","47°11'20.93""","68°20'13.73""",not sampled,not sampled,,,,,,,,,,,,,,,,0.96,6.59,0.75,0.011,0.47,0.074338272,0.87,-,-,-,-,-,0.91,-,-,-,-,-,,,,,,,,,,,,,,,,,,,,,,,,,
7/18/22,CL3,W-10,,Picea ,glauca,"47°11'20.74""","68°20'13.50""",2.2,5.6,0,3,33,0,3.6,3,33,3.6,--,--,0,70,1,,5,"47°11'20.72""","68°20'13.44""","47°11'20.73""","68°20'13.53""","47°11'21.72""","68°20'13.46""",,,,,,,,,,,,,,,,0.96,12.49,1.34,0.029,0.47,0.185643409,0.87,-,-,-,-,-,0.84,-,-,-,-,-,,,,,,,,,,,,,,,,,,,,,,,,,
7/18/22,CL3,B-11,,Picea ,mariana,"47°11'20.74""","68°20'13.24""",0.5,1.3,0,6.5,31,0,5.6,6.5,31,5.6,--,--,0,65,1,,5,"47°11'20.77""",68°20'13.34,"47°11'20.77""","68°20'13.37""","47°11'20.71""","68°20'13.38""",,,,,,,,,,,,,,,,0.84,11.35,1.12,0.039,0.47,0.081605154,0.93,-,-,-,-,-,0.97,-,-,-,-,-,,,,,,,,,,,,,,,,,,,,,,,,,
7/18/22,CL3,W-12,,Picea ,glauca,"47°11'20.65""","68°20'13.28""",2.5,6.4,0,4,32,0,4.2,4,32,4.2,--,--,0,65,1,,5,"47°11'20.69""",68°20'13.22,"47°11'20.65""","68°20'13.27""","47°11'20.61""","68°20'13.25""",,,,,,,,,,,,,,,,0.86,7.53,0.52,0.024,0.47,0.07243044,0.97,-,-,-,-,-,0.96,-,-,-,-,-,,,,,,,,,,,,,,,,,,,,,,,,,
7/18/22,CL3,W-13,,Picea ,glauca,"47°11'20.82""","68°20'13.25""",5,12.7,0,12.5,26,0,7.8,12.5,26,7.8,--,--,2.5,50,2,,10,47°11'20.77,"68°20'13.19""","47°11'20.72""","68°20'13.14""","47°11'20.83""","68°20'13.17""",,,,,,,,,,,,,,,,0.97,10.52,0.71,0.035,0.47,0.091553343,0.97,-,-,-,-,-,0.97,-,-,-,-,-,,,,,,,,,,,,,,,,,,,,,,,,,
7/18/22,CL3,W-14,,Picea ,glauca,"47°11'20.73""","68°20'13.04""",5.9,15,0,9.5,41,0,10,9.5,41,10,--,--,1,50,2,,10,"47°11'20.74""","68°20'13.14""","47°11'20.77""","68°20'13.11""","47°11'20.70""","68°20'13.15""",,,,,,,,,,,,,,,,0.88,8.14,0.76,0.035,0.47,0.076624399,0.96,-,-,-,-,-,0.94,-,-,-,-,-,,,,,,,,,,,,,,,,,,,,,,,,,
7/18/22,CL3,B-15,,Picea ,mariana,"47°11'20.69""","68°20'13.16""",5.2,13.2,0,8,39,0,8.2,8,39,8.2,--,--,0,65,2,,5,"47°11'20.64""","68°20'13.18""","47°11'20.63""","68°20'13.13""","47°11'20.65""","68°20'13.05""",,,,,,,,,,,,,,,,0.96,14.87,1.55,0.044,0.47,0.170633493,0.91,-,-,-,-,-,0.96,-,-,-,-,-,,,,,,,,,,,,,,,,,,,,,,,,,
7/18/22,CL3,B-16,,Picea ,mariana,"47°11'20.62""","68°20'13.18""",5.5,14,0,7.5,45,0,9.2,7.5,45,9.2,--,--,2,45,2,,10,"47°11'20.58""","68°20'13.10""","47°11'20.55""","68°20'13.20""","47°11'20.63""","68°20'13.22""",,,,,,,,,,,,,,,,0.93,1.06,0.01,0.023,0.47,0.103105983,0.96,-,-,-,-,-,0.97,-,-,-,-,-,,,,,,,,,,,,,,,,,,,,,,,,,
7/18/22,CL3,W-17,,Picea ,glauca,"47°11'20.66""","68°20'13.03""",3.6,9.1,0,10,47,0,12.4,10,47,12.4,--,--,1,45,2,,10,"47°11'20.66""","68°20'13.03""","47°11'20.54""","68°20'13.02""","47°11'20.78""","68°20'12.94""",,,,,,,,,,,,,,,,0.97,14.3,0.96,0.033,0.47,0.163008414,0.97,-,-,-,-,-,0.97,-,-,-,-,-,,,,,,,,,,,,,,,,,,,,,,,,,
7/18/22,CL3,B-18,,Picea ,mariana,"47°11'20.55""","68°20'13.11""",1.3,3.3,0,7.5,40,0,8,7.5,40,8,--,--,0,55,2,,10,"47°11'20.48""","68°20'13.00""","47°11'20.52""","68°20'13.02""","47°11'20.54""","68°20'12.96""",,,,,,,,,,,,,,,,0.84,10.54,0.98,0.029,0.47,0.127245073,0.96,-,-,-,-,-,0.83,-,-,-,-,-,,,,,,,,,,,,,,,,,,,,,,,,,
7/18/22,CL3,W-19,,Picea ,glauca,"47°11'20.41""","68°20'13.06""",3.7,9.4,0,4,38,0,4.8,4,38,4.8,--,--,0,75,1,,5,"47°11'20.38""","68°20'12.88""","47°11'20.38""","68°20'13.05""","47°11'20.42""","68°20'12.97""",,,,,,,,,,,,,,,,0.93,9.56,0.82,0.021,0.47,0.124540133,0.83,-,-,-,-,-,0.85,-,-,-,-,-,,,,,,,,,,,,,,,,,,,,,,,,,
7/18/22,CL3,B-20,,Picea ,mariana,"47°11'20.41""","68°20'13.00""",3.5,8.9,0,5,35,0,5.2,5,35,5.2,--,--,1,60,2,,10,"47°11'20.47""","68°20'13.01""","47°11'20.42""","68°20'12.81""","47°11'20.46""","68°20'12.42""",,,,,,,,,,,,,,,,0.96,6.45,0.55,0.026,0.47,0.069922109,0.94,-,-,-,-,-,-,-,-,-,-,-,,,,,,,,,,,,,,,,,,,,,,,,,
7/18/22,CL3,W-21,,Picea ,glauca,"47°11'20.29""","68°20'12.83""",2.8,7.1,0,4.5,36,0,5,4.5,36,5,--,--,0,75,1,,0,"47°11'20.28""","68°20'12.84""","47°11'20.30""","68°20'12.77""",not sampled,not sampled,,,,,,,,,,,,,,,,-,-,-,-,-,-,-,-,-,-,-,-,-,-,-,-,-,-,,,,,,,,,,,,,,,,,,,,,,,,,
7/18/22,CL3,B-22,,Picea ,mariana,"47°11'20.37""","68°20'12.67.""",6,15.2,0,8.5,45,0,10.2,8.5,45,10.2,--,--,1,60,1,,5,not recorded,not recorded,not recorded,not recorded,not recorded,not recorded,,,,,,,,,,,,,,,,0.96,,,,,,0.96,-,-,-,-,-,0.93,-,-,-,-,-,,,,,,,,,,,,,,,,,,,,,,,,,
7/18/22,CL3,B-23,,Picea ,mariana,"47°11'20.29""","68°20'12.60""",6.2,15.7,0,9,35,0,8,9,35,8,--,--,1,55,2,,10,"47°11'20.53""","68°20'12.50""","47°11'20.28""","68°20'12.57""","47°11'20.33""","68°20'12.57""",,,,,,,,,,,,,,,,0.93,,,,,,0.93,-,-,-,-,-,0.95,-,-,-,-,-,,,,,,,,,,,,,,,,,,,,,,,,,
7/18/22,CL3,B-24,,Picea ,mariana,"47°11'20.16""","68°20'12.62""",3.6,9.1,0,5.5,38,0,6,5.5,38,6,--,--,1,25,3,,30,"47°11'20.18""","68°20'12.38""","47°11'20.16""","68°20'12.47""","47°11'20.14""","68°20'12.38""",,,,,,,,,,,,,,,,0.95,2.92,2.35,0.04,0.47,0.044766,0.95,-,-,-,-,-,-,-,-,-,-,-,,,,,,,,,,,,,,,,,,,,,,,,,
7/18/22,CL3,W-25,,Picea ,glauca,"47°11'20.09""","68°20'12.54""",2.7,6.9,0,5,24,0,3.9,,,3.9,,,,35,1,,15,,,,,,,,,,,,,,,,,,,,,,0.94,7.28,0.83,0.017,0.47,0.074994,0.95,-,-,-,-,-,0.95,-,-,-,-,-,,,,,,,,,,,,,,,,,,,,,,,,,
7/18/22,CL3,B-26,,Picea ,mariana,"47°11'20.08""","68°20'12.29""",4.7,11.9,0,10,23,0,5.9,,,5.9,,,,15,3,,70,"47°11'20.07""","68°20'12.25""","47°11'20.09""","68°20'12.26""","47°11'20.12""","68°20'12.25""",,,,,,,,,,,,,,,,0.94,5.59,1.28,0.024,0.47,0.027923,0.97,-,-,-,-,-,0.95,-,-,-,-,-,,,,,,,,,,,,,,,,,,,,,,,,,
7/18/22,CL3,B-27,,Picea ,mariana,"47°11'20.12""","68°20'12.17""",4.9,12.4,0,10,37,0,9.2,,,9.2,,,,50,2,,35,"47°11'20.13""","68°20'12.22""","47°11'20.14""","68°20'12.17""","47°11'20.18""","68°20'12.23""",,,,,,,,,,,,,,,,0.93,2.95,0.67,0.013,0.47,0.119972,0.95,-,-,-,-,-,0.98,-,-,-,-,-,,,,,,,,,,,,,,,,,,,,,,,,,
7/18/22,CL3,B-28,,Picea ,mariana,"47°11'20.05""","68°20'12.11""",6.8,17.3,0,10,35,0,8.7,,,8.7,,,,45,2,,45,"47°11'20.04""","68°20'12.07""","47°11'20.07""","68°20'12.08""","47°11'19.99""","68°20'12.06""",,,,,,,,,,,,,,,,0.96,3.77,0.88,0.008,0.47,0.018206,0.95,-,-,-,-,-,0.94,-,-,-,-,-,,,,,,,,,,,,,,,,,,,,,,,,,
7/18/22,CL3,B-29,,Picea ,mariana,"47°11'19.96""","68°20'12.17""",7.1,18,0,10,35,0,8.7,,,8.7,,,,40,2,,35,"47°11'19.96""","68°20'12.08""","47°11'19.94""","68°20'12.10""",not recorded,not recorded,,,,,,,,,,,,,,,,0.94,2.65,0.41,0.01,0.47,0.011582,-,-,-,-,-,-,0.94,-,-,-,-,-,,,,,,,,,,,,,,,,,,,,,,,,,
7/18/22,CL3,B-30,,Picea ,mariana,"47°11'20.04""","68°20'12.07""",5.6,14.2,0,10,32,0,7.9,,,7.9,,,,30,Data missing,,40,"47°11'19.93""","68°20'11.99""","47°11'19.89""","68°20'12.10""","47°11'19.88""","68°20'12.02""",,,,,,,,,,,,,,,,-,-,-,-,-,-,-,-,-,-,-,-,-,-,-,-,-,-,,,,,,,,,,,,,,,,,,,,,,,,,
7/18/22,CL3,B-31,,Picea ,,"47°11'20.10""","68°20'14.97""",6.3,16,1,9,44,0,10.4,,,10.4,,,,40,2,,30,,,,,,,,,,,,,,,,,,,,,,-,-,-,-,-,-,-,-,-,-,-,-,-,-,-,-,-,-,,,,,,,,,,,,,,,,,,,,,,,,,
7/18/22,CL3,R-32,,Picea ,,"47°11'21.06""","68°20'16.47""",5.8,14.7,2,10,42,0,10.7,,,10.7,,,,35,2,,15,,,,,,,,,,,,,,,,,,,,,,-,-,-,-,-,-,-,-,-,-,-,-,-,-,-,-,-,-,,,,,,,,,,,,,,,,,,,,,,,,,
7/18/22,CL3,W-33,,Picea ,glauca,"47°11'21.58""","68°20'15.46""",7.1,18,0,9,39,0,9,,,9,,,,40,2,,50,,,,,,,,,,,,,,,,,,,,,,-,-,-,-,-,-,-,-,-,-,-,-,-,-,-,-,-,-,,,,,,,,,,,,,,,,,,,,,,,,,
7/18/22,CL3,W-34,,Picea ,glauca,"47°11'21.60""","68°20'15.28""",9.2,23.4,0,10,43,0,11,,,11,,,,50,1,,20,,,,,,,,,,,,,,,,,,,,,,-,-,-,-,-,-,-,-,-,-,-,-,-,-,-,-,-,-,,,,,,,,,,,,,,,,,,,,,,,,,
7/18/22,CL3,W-35,,Picea ,glauca,"47°11'21.51""","68°20'15.38""",5.5,14,0,5,60,0,10.4,,,10.4,,,,30,2,,40,,,,,,,,,,,,,,,,,,,,,,-,-,-,-,-,-,-,-,-,-,-,-,-,-,-,-,-,-,,,,,,,,,,,,,,,,,,,,,,,,,
7/18/22,CL3,W-36,,Picea ,glauca,"47°11'21.32""","68°20'15.21""",4.3,10.9,0,6,47,0,8.1,,,8.1,,,,35,2,,40,,,,,,,,,,,,,,,,,,,,,,-,-,-,-,-,-,-,-,-,-,-,-,-,-,-,-,-,-,,,,,,,,,,,,,,,,,,,,,,,,,
7/18/22,CL3,W-37,,Picea ,glauca,"47°11'21.85""","68°20'14.72""",6.1,15.5,1,10,40,0,10.1,,,10.1,,,,35,1,,10,,,,,,,,,,,,,,,,,,,,,,0.84,,,,,,-,-,-,-,-,-,-,-,-,-,-,-,,,,,,,,,,,,,,,,,,,,,,,,,
7/18/22,CL3,W-38,,Picea ,glauca,"47°11'21.97""","68°20'15.81""",3.2,8.1,0,5,31,0,4.7,,,4.7,,,,35,1,,5,,,,,,,,,,,,,,,,,,,,,,0.91,6.29,0.75,0.035,0.47,0.060666142,-,-,-,-,-,-,-,-,-,-,-,-,,,,,,,,,,,,,,,,,,,,,,,,,
7/18/22,CL3,W-39,,Picea ,glauca,"47°11'21.94""","68°20'15.90""",1.5,3.8,0,,,0,2.5,,,2.5,,,,65,1,,0,,,,,,,,,,,,,,,,,,,,,,0.95,5.88,0.53,0.016,0.47,0.052606367,0.97,-,-,-,-,-,-,-,-,-,-,-,,,,,,,,,,,,,,,,,,,,,,,,,
7/18/22,CL3,W-40,,Picea ,glauca,"47°11'21.99""","68°20'15.95""",1.4,3.6,1,,,0,2,,,2,,,,20,2,,30,"47°11'21.96""","68°20'15.95""","47°11'22.09""","68°20'15.91""",not sampled,not sampled,,,,,,,,,,,,,,,,0.97,8.42,0.49,0.019,0.47,0.07764,0.96,-,-,-,-,-,-,-,-,-,-,-,,,,,,,,,,,,,,,,,,,,,,,,,
7/18/22,CL3,W-41,,Picea ,glauca,"47°11'22.49""","68°20'16.56""",1.4,3.6,0,,,0,2.2,,,2.2,,,,50,1,,5,"47°11'22.51""","68°20'16.55""","47°11'22.56""","68°20'16.49""",not sampled,not sampled,,,,,,,,,,,,,,,,0.95,5.79,0.94,0.02,0.47,0.035721,0.95,-,-,-,-,-,-,-,-,-,-,-,,,,,,,,,,,,,,,,,,,,,,,,,
7/18/22,CL3,W-42,,Picea ,glauca,"47°11'22.95""","68°20'17.11""",2.6,6.6,0,,,0,2.6,,,5,,,,45,1,,5,"47°11'22.92""","68°20'17.19""",not recorded,not recorded,not sampled,not sampled,,,,,,,,,,,,,,,,0.95,6.56,1.6,0.023,0.47,0.046947,0.94,-,-,-,-,-,-,-,-,-,-,-,,,,,,,,,,,,,,,,,,,,,,,,,
7/18/22,CL3,W-43,,Picea ,glauca,"47°11'23.""","68°20'16.95""",1.7,4.3,0,,,0,2.2,,,2.2,,,,40,1,,10,"47°11'23.17""","68°20'16.92""","47°11'23.15""","68°20'16.91""",not sampled,not sampled,,,,,,,,,,,,,,,,0.96,8.09,1.04,0.019,0.47,0.077072,0.95,-,-,-,-,-,-,-,-,-,-,-,,,,,,,,,,,,,,,,,,,,,,,,,
7/18/22,CL3,W-44,,Picea ,glauca,"47°11'23.11""","68°20'16.93""",1.7,4.3,0,,,0,3,,,3,,,,35,1,,10,"47°11'23.10""","68°20'16.90""","47°11'23.07""","68°20'16.42""",not sampled,not sampled,,,,,,,,,,,,,,,,0.96,7.89,0.95,0.018,0.47,0.072502,0.98,-,-,-,-,-,-,-,-,-,-,-,,,,,,,,,,,,,,,,,,,,,,,,,
7/18/22,CL3,W-45,,Picea ,glauca,"47°11'22.89""","68°20'16.61""",1.8,4.6,1,,,0,2.8,,,2.8,,,,35,2,,15,"47°11'22.87""","68°20'16.92""",not sampled,not sampled,not sampled,not sampled,,,,,,,,,,,,,,,,0.93,19.48,1.23,0.035,0.47,0.16946,0.96,-,-,-,-,-,0.95,-,-,-,-,-,,,,,,,,,,,,,,,,,,,,,,,,,
7/18/22,CL3,W-46,,Picea ,glauca,"47°11'21.88""","68°20'14.99""",6.8,17.3,0,10,47,0,12.4,,,12.4,,,,35,2,,50,"47°11'21.91""","68°20'14.94""","47°11'21.89""","68°20'15.09""","47°11'21.98""","68°20'14.80""",,,,,,,,,,,,,,,,0.94,12.66,1.79,0.026,0.47,0.034999,0.96,-,-,-,-,-,0.96,-,-,-,-,-,,,,,,,,,,,,,,,,,,,,,,,,,
7/18/22,CL3,W-47,,Picea ,glauca,"47°11'21.77""","68°20'15.00""",5.4,13.7,0,7,39,0,7.4,,,7.4,,,,40,2,,40,"47°11'21.71""","68°20'14.96""","47°11'21.15""","68°20'14.77""",not sampled,not sampled,,,,,,,,,,,,,,,,-,5.66,0.86,0.015,0.47,0.056138,-,-,-,-,-,-,-,-,-,-,-,-,,,,,,,,,,,,,,,,,,,,,,,,,
7/29/22,SR1,W-1,,Picea ,glauca,"47°06'36.96""","68°12'47.82""",0.9,2.3,0,--,--,0,2,--,--,2,--,--,0,70,1,,0,,,,,,,,,,,,,,,,,,,,,,0.96,5.31,1.53,0.019,0.47,0.034447,-,-,-,-,-,-,-,-,-,-,-,-,,,,,,,,,,,,,,,,,,,,,,,,,
7/29/22,SR1,W-2,,Picea ,glauca,"47°06'36.88""","68°12'47.82""",1.4,3.6,0,--,--,0,2.8,--,--,2.8,--,--,0,50,1,,0,,,,,,,,,,,,,,,,,,,,,,0.87,2.08,1.28,0.012,0.47,0.007368,-,-,-,-,-,-,-,-,-,-,-,-,,,,,,,,,,,,,,,,,,,,,,,,,
7/29/22,SR1,W-3,,Picea ,glauca,"47°06'35.56""","68°12'49.00""",7.2,18.3,0,,,0,1.7,,,1.7,,20,1.7,55,2,,5,"47°06'35.68""","68°12'49.00""","47°06'35.63""","68°12'48.91""",not sampled,not sampled,,,,,,,,,,,,,,,,0.97,12.94,1.51,0.032,0.47,0.096431,0.72,-,-,-,-,-,0.87,-,-,-,-,-,,,,,,,,,,,,,,,,,,,,,,,,,
7/29/22,SR1,W-4,,Picea ,glauca,"47°06'35.56""","68°12'49.24""",9.1,23.1,0,,,0,1.7,,,1.7,,25,1.7,35,2,,5,"47°06'35.66""","68°12'49.25""","47°06'35.53""","68°12'49.26""","47°06'35.53""","68°12'49.16""",,,,,,,,,,,,,,,,0.85,9.44,1.1,0.02,0.47,0.087857,0.86,-,-,-,-,-,0.91,-,-,-,-,-,,,,,,,,,,,,,,,,,,,,,,,,,
7/29/22,SR1,W-5,,Picea ,glauca,"47°06'36.40""","68°12'49.88""",3.2,8.1,0,,,0,1.7,--,--,1.7,--,--,0,60,1,,0,"47°06'36.33""","68°12'49.94""",not sampled,not sampled,not sampled,not sampled,,,,,,,,,,,,,,,,0.94,4.94,1.71,0.017,0.47,0.032984,0.82,-,-,-,-,-,0.79,-,-,-,-,-,,,,,,,,,,,,,,,,,,,,,,,,,
7/29/22,SR1,R-6,,Picea ,glauca,"47°06'36.29""","68°12'50.37""",7.1,18,0,,,0,1.7,,,1.7,,8,1.7,40,1,,0,"47°06'36.22""","68°12'50.35""","47°06'36.24""","68°12'50.44""","47°06'36.12""","68°12'50.35""",,,,,,,,,,,,,,,,0.9,5.32,1.25,0.014,0.47,0.029403,0.84,-,-,-,-,-,0.97,-,-,-,-,-,,,,,,,,,,,,,,,,,,,,,,,,,
7/29/22,SR1,W-7,,Picea ,glauca,"47°06'35.99""","68°12'50.12""",7,17.8,0,,,0,1.7,,,1.7,,15,1.7,70,1,,5,"47°06'35.92""","68°12'50.20""","47°06'35.90""","68°12'50.29""","47°06'35.85""","68°12'50.12""",,,,,,,,,,,,,,,,0.87,8.95,1.58,0.02,0.47,0.06236,0.96,-,-,-,-,-,0.85,-,-,-,-,-,,,,,,,,,,,,,,,,,,,,,,,,,
7/29/22,SR1,W-8,,Picea ,glauca,"47°06'35.91""","68°12'50.45""",8.3,21.1,1,,,0,1.7,,,1.7,,30,1.7,40,1,,20,"47°06'35.93""","68°12'50.52""","47°06'35.89""","68°12'50.32""","47°06'35.86""","68°12'50.49""",,,,,,,,,,,,,,,,0.94,9.73,0.77,0.024,0.47,0.072378,0.84,-,-,-,-,-,0.87,-,-,-,-,-,,,,,,,,,,,,,,,,,,,,,,,,,
7/29/22,SR1,W-9,,Picea ,glauca,"47°06'35.58""","68°12'51.03""",7.8,19.8,0,,,0,1.7,,,1.7,,20,1.7,35,1,,10,"47°06'35.58""","68°12'51.08""","47°06'35.60""","68°12'51.08""","47°06'35.64""","68°12'51.00""",,,,,,,,,,,,,,,,0.97,23,2.13,0.04,0.47,0.329031,0.88,-,-,-,-,-,0.92,-,-,-,-,-,,,,,,,,,,,,,,,,,,,,,,,,,
7/29/22,SR1,W-10,,Picea ,glauca,"47°06'35.36""","68°12'51.64""",6.7,17,0,,,0,1.7,,,1.7,,10,1.7,20,2,,30,"47°06'35.35""","68°12'50.86""","47°06'35.31""","68°12'51.63""","47°06'31.31""","68°12'51.57""",,,,,,,,,,,,,,,,0.97,,,,,,0.75,-,-,-,-,-,0.94,-,-,-,-,-,,,,,,,,,,,,,,,,,,,,,,,,,
7/29/22,SR1,W-11,,Picea ,glauca,"47°06'34.82""","68°12'50.94""",7.4,18.8,0,,,0,1.7,,,1.7,,20,1.7,35,1,,10,"47°06'34.90""","68°12'50.96""","47°06'34.77""","68°12'50.89""","47°06'34.85""","68°12'50.90""",,,,,,,,,,,,,,,,0.86,,,,,,0.95,-,-,-,-,-,0.94,-,-,-,-,-,,,,,,,,,,,,,,,,,,,,,,,,,
7/29/22,SR1,W-12,,Picea ,glauca,"47°06'34.54""","68°12'50.64""",9.5,24.1,0,,,0,1.7,,,1.7,,22,1.7,40,1,,25,"47°06'34.47""","68°12'50.55""","47°06'34.55""","68°12'50.47""","47°06'34.60""","68°12'50.60""",,,,,,,,,,,,,,,,0.97,,,,,,0.89,-,-,-,-,-,0.92,-,-,-,-,-,,,,,,,,,,,,,,,,,,,,,,,,,
7/29/22,SR1,W-13,,Picea ,glauca,"47°06'34.44""","68°12'50.41""",6.9,17.5,0,,,0,1.7,,,1.7,,24,1.7,35,2,,10,"47°0634'45.""","68°12'50.70""","47°06'34.43""","68°12'50.76""","47°06'34.34""","68°12'50.70""",,,,,,,,,,,,,,,,0.98,16.12909,1.962468,0.044261,0.47,0.200986,0.98,-,-,-,-,-,0.97,-,-,-,-,-,,,,,,,,,,,,,,,,,,,,,,,,,
7/29/22,SR1,R-14,,Picea ,glauca,"47°06'34.21""","68°12'51.30""",4.9,12.4,0,,,0,1.7,,,1.7,,23,1.7,35,1,,5,"47°06'34.29""","68°12'51.31""","47°06'34.20""","68°12'51.53""","47°06'34.22""","68°12'51.40""",,,,,,,,,,,,,,,,0.98,8.49,1.14,0.027,0.47,0.19287,0.98,-,-,-,-,-,0.98,-,-,-,-,-,,,,,,,,,,,,,,,,,,,,,,,,,
7/29/22,SR1,W-15,,Picea ,glauca,"47°06'33.68""","68°12'51.01""",9.6,24.4,0,,,0,1.7,,,1.7,,35,1.7,35,1,,10,"47°06'33.64""","68°12'51.33""","47°06'33.64""","68°12'51.43""","47°06'33.51""","68°12'51.44""",,,,,,,,,,,,,,,,0.98,8.22,2.18,0.032,0.47,1.260971,0.98,-,-,-,-,-,0.98,-,-,-,-,-,,,,,,,,,,,,,,,,,,,,,,,,,
7/29/22,SR1,W-16,,Picea ,glauca,"47°06'33.08""","68°12'51.14""",7.5,19.1,0,,,0,1.7,,,1.7,,25,1.7,50,1,,5,"47°06'33.07""","68°12'51.16""","47°06'32.99""","68°12'51.26""",not sampled,not sampled,,,,,,,,,,,,,,,,0.96,8.42,0.78,0.021,0.47,0.137919,0.96,-,-,-,-,-,0.96,-,-,-,-,-,,,,,,,,,,,,,,,,,,,,,,,,,
7/29/22,SR1,W-17,,Picea ,glauca,"47°06'32.45""","68°12'51.41""",7,17.8,1,,,0,1.7,,,1.7,,27,1.7,35,2,,10,"47°06'32.38""","68°12'51.35""","47°06'32.46""","68°12'51.44""","47°06'32.48""","68°12'51.52""",,,,,,,,,,,,,,,,0.82,12.72,1.73,0.016,0.47,1.912732,0.82,-,-,-,-,-,0.98,-,-,-,-,-,,,,,,,,,,,,,,,,,,,,,,,,,
7/29/22,SR1,W-18,,Picea ,glauca,"47°06'32.50""","68°12'51.73""",9.1,23.1,0,,,0,1.7,,,1.7,,17,1.7,25,2,,20,"47°06'32.51""","68°12'51.65""","47°06'32.56""","68°12'51.69""","47°06'32.42""","68°12'51.69""",,,,,,,,,,,,,,,,0.97,9.29,1.47,0.043,0.47,0.233596,0.97,-,-,-,-,-,0.95,-,-,-,-,-,,,,,,,,,,,,,,,,,,,,,,,,,
7/29/22,SR1,W-19,,Picea ,glauca,"47°06'32.05""","68°12'52.10""",6,15.2,1,,,0,1.7,,,1.7,,27,1.7,35,2,,15,"47°06'32.00""","68°12'51.98""","47°06'32.02""","68°12'52.07""","47°06'32.03""","68°12'52.15""",,,,,,,,,,,,,,,,0.98,15.65,1.26,0.03,0.47,0.229155,0.92,-,-,-,-,-,0.98,-,-,-,-,-,,,,,,,,,,,,,,,,,,,,,,,,,
7/29/22,SR1,W-20,,Picea ,glauca,"47°06'31.55""","68°12'50.75""",6.8,17.3,0,,,0,1.7,,,1.7,,25,1.7,50,1,,5,"47°06'31.48""","68°12'50.60""","47°06'31.39""","68°12'50.03""","47°06'31.56""","68°12'50.67""",,,,,,,,,,,,,,,,0.96,-,-,-,-,-,0.89,-,-,-,-,-,0.98,-,-,-,-,-,,,,,,,,,,,,,,,,,,,,,,,,,
7/29/22,SR1,W-21,,Picea ,glauca,"47°06'31.78""","68°12'51.72""",7.2,18.3,0,,,0,1.7,,,1.7,--,--,2.5,45,1,,10,"47°06'31.81""","68°12'50.71""","47°06'31.71""","68°12'50.58""","47°06'31.76""","68°12'50.64""",,,,,,,,,,,,,,,,0.98,-,-,-,-,-,0.98,-,-,-,-,-,0.96,-,-,-,-,-,,,,,,,,,,,,,,,,,,,,,,,,,
7/29/22,SR1,W-22,,Picea ,glauca,"47°06'31.87""","68°12'50.60""",8.1,20.6,0,,,0,1.7,,,1.7,,20,1.7,35,2,,20,"47°06'31.76""","68°12'50.47""","47°06'31.83""","68°12'50.45""","47°06'31.89""","68°12'50.50""",,,,,,,,,,,,,,,,0.96,10.4,1.96,0.028,0.47,2.061453,0.98,-,-,-,-,-,0.98,-,-,-,-,-,,,,,,,,,,,,,,,,,,,,,,,,,
7/29/22,SR1,W-23,,Picea ,glauca,"47°06'31.84""","68°12'50.43""",8.1,20.6,0,,,0,1.7,,,1.7,,13,1.7,30,2,,10,"47°06'31.81""","68°12'50.37""","47°06'31.88""","68°12'50.21""","47°06'31.81""","68°12'50.18""",,,,,,,,,,,,,,,,0.98,5.44,3.01,0.036,0.47,0.148266,0.92,-,-,-,-,-,0.98,-,-,-,-,-,,,,,,,,,,,,,,,,,,,,,,,,,
7/29/22,SR1,W-24,,Picea ,glauca,"47°06'32.55""","68°12'50.36""",9.9,25.1,0,,,0,1.7,,,1.7,,10,1.7,45,1,,30,"47°06'32.56""","68°12'50.40""","47°06'32.54""","68°12'50.35""","47°06'32.61""","68°12'50.42""",,,,,,,,,,,,,,,,0.98,-,-,-,-,0.510385,0.97,-,-,-,-,-,0.97,-,-,-,-,-,,,,,,,,,,,,,,,,,,,,,,,,,
7/29/22,SR1,W-25,,Picea ,glauca,"47°06'36.10""","68°12'49.82""",1.3,3.3,0,--,--,0,2.4,--,--,2.4,--,--,0.2,75,1,,0,,,,,,,,,,,,,,,,,,,,,,0.96,5.11,1.28,0.012,0.47,0.045557,-,-,-,-,-,-,-,-,-,-,-,-,,,,,,,,,,,,,,,,,,,,,,,,,