Sampling_Date,Site_Code,Tree_ID,Digitized_in_Image,Corresponding_UAV_Image_Filename,Photo_ID,Notes_about_ROI_definitions,Genus,Species,Location_deg_min_sec_North,Location_deg_min_sec_West,Location_deg_min_sec_North_nosym,Location_deg_min_sec_West_nosym,dbh_cm,dbh_in,No_stem_cankers,Horizontal_distance_from_observer_to_tree_m,Clinometer_angle_degrees,Offset_if_any_m,Total_tree_height_m,Ht_to_top_live_crown_horizontal_distance_m,Ht_to_top_live_crown_clinometer_angle_degrees,Height_to_top_of_live_crown_m,Ht_to_bottom_live_crown_clinometer_angle_degrees,Height_to_bottom_of_live_crown_m,Crown_density_percent,Crown_dieback_percent,Vigor_class,Comments,Branch_1_deg_min_sec_North,Branch_1_deg_min_sec_West,Branch_2_deg_min_sec_North,Branch_2_deg_min_sec_West,Branch_3_deg_min_sec_North,Branch_3_deg_min_sec_West,Branch_1_No_of_leaves,Branch_1_total_leaf_area_cm2,Branch_1_total_leaf_mass_g,Branch_1_SLA_cm2_per_g,Branch_1_area_per_leaf_cm2,Branch_2_No_of_leaves,Branch_2_total_leaf_area_cm2,Branch_2_total_leaf_mass_g,Branch_2_SLA_cm2_per_g,Branch_2_area_per_leaf_cm2,Branch_3_No_of_leaves,Branch_3_total_leaf_area_cm2,Branch_3_total_leaf_mass_g,Branch_3_SLA_cm2_per_g,Branch_3_area_per_leaf_g,Branch_1_Fv_Fm,Branch_1_Amax,Branch_1_Rday,Branch_1_Phi,Branch_1_Theta,Branch_1_g_sw,Branch_2_Fv_Fm,Branch_2_Amax,Branch_2_Rday,Branch_2_Phi,Branch_2_Theta,Branch_2_g_sw,Branch_3_Fv_Fm,Branch_3_Amax,Branch_3_Rday,Branch_3_Phi,Branch_3_Theta,Branch_3_g_sw,Branch_1_Condensed_TANNINS_percent_dw,Branch_1_TN_percent_dw,Branch_1_TC_percent_dw,Branch_1_SALICIN_percent_DW,Branch_1_SALICORTIN_percent_DW,Branch_1_HCH_SALICORTIN_percent_DW,Branch_1_TREMULACIN_percent_DW,Branch_1_Normalized_Soluble_SUGAR_percent_DW,Branch_1_STARCH_percent_DW,Branch_2_Condensed_TANNINS_percent_DW,Branch_2_TN_percent_DW,Branch_2_TC_percent_DW,Branch_2_SALICIN_percent_DW,Branch_2_SALICORTIN_percent_DW,Branch_2_HCH_SALICORTIN_percent_DW,Branch_2_TREMULACIN_percent_DW,Branch_2_Normalized_Soluble_SUGAR_percent_DW,Branch_2_STARCH_percent_DW,Branch_3_Condensed_TANNINS_percent_DW,Branch_3_TN_percent_DW,Branch_3_TC_percent_DW,Branch_3_SALICIN_percent_DW,Branch_3_SALICORTIN_percent_DW,Branch_3_HCH_SALICORTIN_percent_DW,Branch_3_TREMULACIN_percent_DW,Branch_3_Normalized_Soluble_SUGAR_percent_DW,Branch_3_STARCH_percent_DW
6-16,Cl-1,Bal-1,,,,,Populus,balsamifera,"47° 10' 18.70""","68° 18' 45.54""",47 10 18.70,68 18 45.54,4.5,,-,,,,35.0,,,35.0,,14.0,20,80,2,,47° 10' 18.68,68° 18' 45.55,47° 10 18.62,68° 18 45.51,47° 10 18.72,68° 18 45.99,20,602,3.23,186,30,7,503,4.43,114,72,9,307,4.68,66,34,0.80,29.37,1.83,0.058,0.47,0.2040,0.83,24.59,1.57,0.068,0.47,0.2080,0.79,20.11,2.13,0.062,0.47,0.1500,,2.06,46.6,,,,,37,5.2,,2.19,46.0,0.38,0.08,,0.03,34,4.8,,2.26,46.6,1.28,n.d.,,0.15,37,3.9
6-16,Cl-1,Bal-2,,,,,Populus,balsamifera,"47° 10' 18.69""","68° 18' 45.62""",47 10 18.69,68 18 45.62,2.9,,-,,,,33.0,,,33.0,,20.0,30,95,2,,47° 10' 18.61,68° 18' 45.71,47° 10 18.60,68° 18 45.69 ,47° 10 18.62,68° 18 45.72,10,323,2.91,111,32,10,283,2.23,127,28,10,190,1.28,148,19,0.80,18.71,2.12,0.066,0.47,0.1450,0.76,11.67,1.97,0.05,0.47,1.4000,0.83,18.87,1.48,0.077,14.47,0.2050,,1.88,47.0,0.34,2.53,,1.76,35,9.2,,2.01,46.7,0.28,2.01,,1,31,6.9,22.2,,,0.07,2.64,,0.01,24,3
6-16,Cl-1,Asp-3,,,,,Populus ,tremuloides,47° 10' 18.99,"68° 18' 46.02""",47 10 18.99,68 18 46.02,12.8,,-,,,,60.0,,,60.0,,30.0,45,90,1,,shot but not marked,,,,,,3,42,0.37,114,14,-,-,-,-,-,-,-,-,-,-,0.81,5.91,1.92,0.071,0.47,0.0330,-,-,-,-,-,-,-,-,-,-,-,-,,,,0.61,0.71,,0.99,31,4,,,,,,,,,,,,,,,,,,
6-17,Cl-1,Asp-4,,,,,Populus ,tremuloides,"47° 10' 19.52""","68° 18' 46.70""",47 10 19.52,68 18 46.70,5.9,,-,,,,-,,,-,,-,35,80,2,,47° 10' 19.46,68° 18' 46.58,47° 10 19.49,68° 18 46.60,,,20,426,3.03,141,21,17,389,2.57,151,23,-,-,-,-,-,0.82,1.55,1.14,0.125,0.47,0.0080,0.81,-,-,-,-,-,-,-,-,-,-,-,,2.34,47.3,0.43,1.18,,2.04,27,2.5,,2.16,47.1,1.69,1.66,,3.12,25,3.2,,,,,,,,,
6-17,Cl-1,Asp-5,,,,,Populus ,tremuloides,"47° 10 19.65""","68° 18' 46.40""",47 10 19.65,68 18 46.40,4.7,,-,,,,50.0,,,50.0,,35.0,25,90,2,,47° 10' 19.50,68° 18' 46.39,47° 10 19.59,68° 18 46.32,47° 10 19.55,68° 18 46.32,19,528,3.61,146,28,14,309,2.15,144,22,-,-,-,-,-,0.82,-,-,-,-,-,0.80,-,-,-,-,-,-,-,-,-,-,-,,2.28,47.2,1.45,2.94,,4.62,30,3.7,,2.38,47.7,0.8,3.52,,6.38,30,3.2,,,,,,,,,
6-17,Cl-1,Bal-6,,,,,Populus,balsamifera,"47° 10' 19.78""","68° 18' 46.30""",47 10 19.78,68 18 46.30,7.7,,-,,,,62.0,,,62.0,,25.0,70,85,1,,47° 10' 19.75,68° 18' 46.36,,,,,10,357,2.70,132,36,-,-,2.70,-,-,-,-,-,-,-,0.78,-,-,-,-,-,0.80,-,-,-,-,-,-,-,-,-,-,-,,,,0.6,0.08,,0.4,36,4.9,,1.82,47.2,0.51,0.06,,0.53,40,6.3,,,,,,,,,
6-17,Cl-1,Bal-7,,,,,Populus,balsamifera,"47° 10' 19.76""","68° 18' 46.59""",47 10 19.76,68 18 46.59,11.0,,-,,,,65.0,,,62.0,,30.0,65-70,95,1,,47° 10' 19.85,68° 18' 46.58,47° 10 19.80,68° 18 46.52,,,14,462,3.04,152,33,16,486,3.72,131,30,-,-,-,-,-,0.80,17.07,2.53,0.066,0.47,0.1140,0.79,15.96,2.46,0.062,0.47,0.1320,-,-,-,-,-,-,,2.07,47.4,,,,,40,10.9,,1.98,47.3,,,,,,,,,,,,,,,
6-18,Cl-1,Asp-8,,,,,Populus ,tremuloides,"47° 10' 18.86""","68° 18' 45.63""",47 10 18.86,68 18 45.63,8.0,,-,,,,-,,,-,,-,50,95,1,,47° 10' 18.89,68° 18' 45.56,47° 10 18.86,68° 18 45.66,,,24,434,3.69,118,18,5,129,0.83,155,26,-,-,-,-,-,0.80,1.09,0.61,0,0.47,0.0060,0.81,-,-,-,-,0.0060,-,-,-,-,-,-,,1.83,47.8,2.55,1.28,,0.98,31,8.3,,1.77,47.5,2.63,1.23,,0.94,6.6,,,,,,,,,,
6-16,Cl-1,Asp-9,,,,,Populus ,tremuloides,"47° 10' 18.77""","68° 18' 45.46""",47 10 18.77,68 18 45.46,<1,,-,,,,4.0,,,4.0,,2.0,65,99-100,1,,47° 10' 18.72,68° 18' 45.48,,,,,11,241,0.70,344,22,14,146,0.81,180,10,11,138,1.18,117,13,0.74,3.63,1.71,0.07,0.47,0.0210,0.71,28.81,1.60,0.018,0.47,0.0530,0.73,5.98,2.31,0.061,0.47,0.0450,,,,2.7,3.83,,3.99,25,2.5,,2.03,46.2,2.83,2.86,,2.98,27,3.1,,1.89,46.4,2.07,2.82,,2.46,28,3.2
6-18,Cl-1,Asp-10,,,,,Populus ,tremuloides,"47° 10' 18.30""","68° 18' 47.97""",47 10 18.30,68 18 47.97,2.2,,-,,,,21.0,,,21.0,,15.0,25,95,2,,47° 10' 18.33,68° 18' 47.92,47° 10 18.34,68° 18 47.96,,,26,285,1.61,177,11,27,308,1.71,180,11,-,-,-,-,-,0.83,11.50,1.09,0.053,0.47,0.0690,0.83,-,-,-,-,-,-,-,-,-,-,-,,3.00,47.9,0.65,0.99,,0.98,,,,2.90,48.4,0.24,1.53,,2.31,26,0.9,,,,,,,,,
6-16,Cl-1,Bal-11,,,,,Populus,balsamifera,"47° 10' 18.00""","68° 18' 47.97""",47 10 18.00,68 18 47.97,<1,,-,,,,3.0,,,3.0,,0.2,70,99,1,,47° 10' 17.94,68° 18' 48.00,,,,,1,42,1.54,27,42,-,-,,-,-,-,-,-,-,-,0.79,15.12,4.41,0.071,0.47,0.0780,-,-,-,-,-,-,-,-,-,-,-,-,,2.71,46.0,1.7,3.25,,0.5,29,2.1,,,,,,,,,,,,,,,,,,
6-16,Cl-1,Asp-12,,,,,Populus ,tremuloides,"47° 10' 18.01""","68° 18' 48.14""",47 10 18.01,68 18 48.14,<1,,-,,,,3.2,,,3.2,,1.0,35,99,1,,47° 10' 17.91,68° 18' 48.11,,,,,9,154,0.83,186,17,-,-,-,-,-,-,-,-,-,-,0.73,6.47,3.83,0.063,0.47,0.0300,-,-,-,-,-,-,-,-,-,-,-,-,,2.33,48.0,1.54,3.62,,5.31,29,4.5,,,,,,,,,,,,,,,,,,
6-18,Cl-1,Bal-13,,,,,Populus,balsamifera,"47° 10' 18.07""","68° 18' 48 49""",47 10 18.07,68 18 48.49,12.0,,-,,,,-,,,-,,-,25,50,3,,47° 10' 18.02,68° 18' 48.40,,,,,10,626,6.67,94,63,-,-,-,-,-,-,-,-,-,-,0.82,25.69,2.90,0.051,0.47,16.3400,-,-,-,-,-,-,-,-,-,-,-,-,,2.03,46.6,0.63,n.d.,,0.25,37,5.8,,,,,,,,,,,,,,,,,,
6-17,Cl-1,Bal-14,,,,,Populus,balsamifera,"47° 10' 17.59""","68° 18' 48.94""",47 10 17.59,68 18 48.94,11.9,,-,,,,50.0,,,50.0,,10.0,15,60,3,,47° 10' 17.48,68° 18' 49.0,47° 10 17.45,68° 18 48.89,47° 10 17.59,68° 18 48.92,9,431,4.80,90,48,2,94,1.04,90,47,4,249,2.3,108,62,0.79,-,-,-,-,-,0.79,-,-,-,-,-,-,-,-,-,-,-,,1.85,47.7,1.29,1.56,,0.27,42,3.7,,1.94,47.5,2.09,1.41,,0.18,44,3,,1.86,47.1,1.28,2.48,,0.4,40,3.4
6-18,Cl-1,Asp-15,,,,,Populus ,tremuloides,"47° 10' 16.78""","68° 18' 49.29""",47 10 16.78,68 18 49.29,7.0,,-,,,,35.0,,,35.0,,25.0,25,60,2,,47° 10' 16.85,68° 18' 49.43,,,,,4,75,0.61,123,19,12,173,1.58,109,14,-,-,-,-,-,0.79,3.28,1.86,0.033,0.47,0.0190,0.81,4.08,4.06,0.053,0.47,0.0080,-,-,-,-,-,-,,2.29,46.9,1.38,0.89,,1.32,30,7.8,,1.80,47.3,0.71,0.75,,0.98,31,13.4,,,,,,,,,
6-18,Cl-1,Asp-16,,,,,Populus ,tremuloides,"47° 10' 16.21""","68° 18' 47.91""",47 10 16.21,68 18 47.91,5.4,,-,,,,55.0,,,50.0,,40.0,30,90,2,,47° 10' 16.30,68° 18' 47.81,47° 10 16.21,68° 18 47.77,,,21,219,1.57,139,10,19,385,2.72,142,20,-,-,-,-,-,0.80,0.31,0.58,0,0.47,0.0070,0.83,-,-,-,-,-,-,-,-,-,-,-,,2.51,47.7,1.04,0.66,,0.34,33,6.3,,1.90,47.0,0.96,0.71,,0.81,30,6.3,,2.21,47.3,,,,,,
6-18,Cl-1,Bal-17,,,,,Populus,balsamifera,"47° 10' 16.86""","68° 18' 47.08""",47 10 16.86,68 18 47.08,6.2,,-,,,,40.0,,,40.0,,25.0,20,80,2,,47° 10' 16.62,68° 18' 47.06,47° 10 16.71,68° 18 47.10,,,13,565,4.55,124,43,12,475,4.51,105,40,-,-,-,-,-,0.81,9.20,1.20,0.018,0.47,0.0350,0.81,6.87,2.36,0.061,0.47,0.0270,-,-,-,-,-,-,,1.90,46.3,0.47,1.04,,0.09,31,6.3,,2.06,46.9,0.57,1.34,,0.31,32,6,,,,,,,,,
6-18,Cl-1,Bal-18,,,,,Populus,balsamifera,"47° 19' 16.77""","68° 18' 46.73""",47 19 16.77,68 18 46.73,7.4,,-,,,,-,,,-,,-,75,90,1,,47° 10' 16.82,68° 18' 46.83,47° 10 16.88,68° 18 46.87,47° 10 16.84,48° 18 46.97,5,256,2.28,112,51,12,506,4.07,124,42,14,662,5.11,130,47,0.81,25.82,0.34,0.011,0.47,0.0640,0.81,17.40,3.19,0.066,0.47,0.1570,0.80,-,-,-,-,-,,1.95,45.7,0.19,0.2,,0,36,5.3,,1.89,46.2,2.02,0.95,,0.17,37,5.7,,2.08,46.2,0.42,0.2,,0.06,33,6
6-18,Cl-1,Bal-19,,,,,Populus,balsamifera,"47° 10' 17.20""","68° 18' 46.24""",47 10 17.20,68 18 46.24,7.6,,-,,,,49.0,,,49.0,,23.0,45,70,3,,47° 10' 17.29,68° 18' 46.26,47° 10 17.29,68° 18 46.26,,,11,612,5.65,108,56,9,625,6.68,94,69,2,170,,#DIV/0!,85,0.79,7.68,1.69,0.038,0.47,0.0370,0.85,28.63,3.16,0.073,0.47,0.2790,-,-,-,-,-,-,,2.22,47.5,1.35,1.86,,0.68,48,4.6,,2.38,47.1,1.85,1.07,,0.21,40,3.6,,,,,,,,,
6-18,Cl-1,Asp-20,,,,,Populus ,tremuloides,"47° 10' 17.53""","68° 18' 45.30""",47 10 17.53,68 18 45.30,5.2,,-,,,,42.0,,,42.0,,27.0,50,99,2,,47° 10' 17.48,68° 18' 45.38,47° 10 17.51,68° 18 45.46,,,24,226,1.66,136,9,30,305,2.45,124,10,31,400,2.99,134,13,0.79,-,-,-,-,-,0.78,2.86,0.66,0.001,0.47,0.0110,0.81,16.00,2.32,0.056,0.47,0.1280,,2.17,48.3,1.18,1.99,,3.46,34,3.9,,1.97,48.4,1.49,1.4,,1.97,35,5.1,,2.29,48.3,1.1,3.66,,7.19,30,2.9
6-17,Cl-1,Asp-21,,,,,Populus ,tremuloides,"47° 10' 17.99""","68° 18' 45.25""",47 10 17.99,68 18 45.25,9.5,,-,,,,55.0,,,55.0,,25.0,70,95,1,,47° 10' 18.07,68° 18' 45.22,,,,,7,170,1.47,116,24,8,148,1.27,117,19,11,222,1.88,118,20,0.79,8.51,1.57,0.059,0.47,0.0500,-,-,-,-,-,-,0.81,6.80,2.02,0.072,0.47,0.3680,,1.86,47.0,1.35,1.18,,0.98,35,5.9,,1.96,47.1,1.25,1.83,,1.83,30,6.4,,1.94,47.3,0.42,1.27,,1.34,30,5.2
6-17,Cl-1,Asp-22,,,,,Populus ,tremuloides,"47° 10' 20.35""","68° 18' 46.58""",47 10 20.35,68 18 46.58,6.0,,-,,,,47.0,,,47.0,,21.0,65,80,2,,47° 10' 20.28,68° 18' 46.61,47° 10 20.33,68° 18 46.68,,,13,363,0.23,1571,28,-,-,2.58,-,-,11,300,2.16,139,27,0.80,21.13,2.23,0.071,0.47,0.3300,0.82,18.79,1.88,0.076,0.47,0.2990,-,-,-,-,-,-,,,,2.39,4.1,,0.97,,,,2.08,47.4,0.07,0.9,,1.9,31,2.7,,2.28,47.9,0.97,2.39,,4.1,30,2.1
6-17,Cl-1,Bal-23,,,,,Populus,balsamifera,"47° 10' 20.15""","68° 18' 46.35""",47 10 20.15,68 18 46.35,7.1,,-,,,,52.0,,,52.0,,20.0,45,95,1,,47° 10' 20.14,68° 18' 46.46,47° 10 20.08,68° 18 46.38,,,14,548,3.70,148,39,12,379,2.72,139,32,-,-,-,-,-,0.81,-,-,-,-,0.1980,-,15.37,2.57,0.059,0.47,0.1790,-,-,-,-,-,-,,1.99,47.4,0.06,n.d.,,0.39,38,3.5,,1.87,48.1,0.85,0.2,,0.94,38,,,,,,,,,,
6-17,Cl-1,Bal-24,,,,,Populus,balsamifera,"47° 10' 20.04""","68° 18' 46.17""",47 10 20.04,68 18 46.17,9.0,,-,,,,53.0,,,53.0,,25.0,60,70,1,,47° 10' 20.01,68° 18' 46.22,47° 10 19.90,68° 18 46.16,,,11,429,3.17,135,39,11,505,4.03,125,46,-,-,-,-,-,0.80,14.64,2.52,0.042,0.47,0.2160,0.81,15.41,2.56,0.062,0.47,0.1840,-,-,-,-,-,-,,2.02,47.7,1.19,n.d.,,0.34,27,3.2,,1.99,47.4,1.27,n.d.,,0.47,38,3.2,,,,,,,,,
6-18,Cl-1,Asp-25,,,,,Populus ,tremuloides,"47° 10' 19.95""","68° 18' 45.92""",47 10 19.95,68 18 45.92,5.2,,-,,,,50.0,,,50.0,,35.0,65,95,2,,47° 10' 20.01,68° 18' 46.03,47° 10 19.98,68° 18 46.04,,,5,29,0.20,145,6,13,24,1.73,14,2,-,-,-,-,-,0.80,-,-,-,-,-,0.78,0.92,0.71,0.001,0.47,0.0070,-,-,-,-,-,-,,,,1.39,1.21,,0.85,26,4.2,,2.43,47.6,0.61,0.52,,0.4,30,3.5,,,,,,,,,
6-20,Cl-2,Asp-1,,,,,Populus ,tremuloides,"47° 09' 59.23""","68° 20' 49.52""",47 09 59.23,68 20 49.52,11.6,,-,,,,65.0,,,65.0,,50.0,60,75,2,,could not sample,,,,,,,,,#DIV/0!,#DIV/0!,,,,,,,,,,,,,,,,,,,,,,,,,,,,,,,,,,,,,,,,,,,,,,5.3,,,,,,,,,
6-20,Cl-2,Asp-2,,,,,Populus ,tremuloides,"47° 10' 02.69""","68° 20' 46.87""",47 10 02.69,68 20 46.87,12.2,,-,,,,55.0,,,55.0,,32.0,35,75,2,,could not sample,,,,,,,,,#DIV/0!,#DIV/0!,,,,,,,,,,,,,,,,,,,,,,,,,,,,,,,,,,,,,,,,,,,,,,,,,,,,,,,
6-17,Cl-2,Asp-3,,,,,Populus ,tremuloides,"47° 10' 03.21""","68° 20' 47.48""",47 10 03.21,68 20 47.48,17.0,,-,,,,78.0,,,78.0,,55.0,30,75,2,,shot but not marked ,,,,,,18,285,2.36,121,16,-,-,-,-,-,-,-,-,-,-,0.78,-,-,-,-,-,-,-,-,-,-,-,-,-,-,-,-,-,,1.79,47.4,0.47,0.62,,0.53,38,3.8,,,,,,,,,,,,,,,,,,
6-17,Cl-2,Asp-4,,,,,Populus ,tremuloides,"47° 10' 02.97""","68° 20' 47.98""",47 10 02.97,68 20 47.98,11.8,,-,,,,75.0,,,25.0,,60.0,15,45,2,,shot but not marked ,,,,,,14,319,2.53,126,23,-,-,0.26,-,-,-,-,-,-,-,0.78,-,-,-,-,0.0100,0.81,-,-,-,-,0.0320,-,-,-,-,-,-,,2.16,46.8,1.02,0.58,,0.23,32,2.7,,,,,,,,,,,,,,,,,,
6-17,Cl-2,Asp-5,,,,,Populus ,tremuloides,"47° 10' 03.01""","68° 20' 47.31""",47 10 03.01,68 20 47.31,14.5,,-,,,,75.0,,,75.0,,60.0,35,60,2,,shot but not marked ,,,,,,8,84,,#DIV/0!,11,-,-,0.71,-,-,-,-,-,-,-,0.71,-,-,-,-,2.9020,-,-,-,-,-,-,-,-,-,-,-,-,,,,,,,,,,,2.30,45.0,0.46,0.64,,0.44,28,2.3,,,,,,,,,
6-21,Cl-2,Asp-6,,,,,Populus ,tremuloides,"47° 10' 05.07""","68° 20' 44.39""",47 10 05.07,68 20 44.39,10.5,,-,,,,65.0,,,65.0,,45.0,65,95,1,,could not find,,,,,,6,114,0.91,125,19,-,-,-,-,-,-,-,-,-,-,0.82,0.64,0.70,0.037,0.47,0.0050,-,-,-,-,-,-,-,-,-,-,-,-,,2.17,47.2,0.4,2.04,,2.35,30,4.7,,,,,,,,,,,,,,,,,,
6-21,Cl-2,Bal-7,,,,,Populus,balsamifera,"47° 10' 03.70""","68° 20' 44.57""",47 10 03.70,68 20 44.57,<1,,-,,,,1.5,,,1.5,,0.1,65,95,1,,47° 10 03.70,68° 20 44.57,,,,,15,228,1.99,115,15,-,-,-,-,-,-,-,-,-,-,0.81,11.89,3.94,0.068,0.47,6.9000,-,-,-,-,-,-,-,-,-,-,-,-,,2.09,47.1,3.82,14.09,,1.88,39,4.2,,,,,,,,,,,,,,,,,,
6-20,Cl-2,Asp-8,,,,,Populus ,tremuloides,"47° 10' 00.72""","68° 20' 49.10""",47 10 00.72,68 20 49.10,<1,,-,,,,5.0,,,5.0,,1.0,25,99,1,,47° 10 00.72,68° 20 49.10,,,,,15,301,2.39,126,20,-,-,-,-,-,-,-,-,-,-,0.75,7.80,4.85,0.042,0.47,1.8000,-,-,-,-,-,-,-,-,-,-,-,-,,2.05,48.0,0.79,2.24,,2.79,32,4.5,,,,,,,,,,,,,,,,,,
6-20,Cl-2,Asp-9,,,,,Populus ,tremuloides,"47° 10' 00.45""","68° 20' 49.48""",47 10 00.45,68 20 49.48,<1,,-,,,,3.0,,,3.0,,0.2,50,99,1,,47° 10 00.45,68° 20 49.48,,,,,8,286,2.11,136,36,-,-,-,-,-,-,-,-,-,-,0.79,11.41,3.96,0.065,0.47,0.1620,-,-,-,-,-,-,-,-,-,-,-,-,,2.09,49.4,0.47,3,,4.32,35,3.8,,,,,,,,,,,,,,,,,,
6-20,Cl-2,Asp-10,,,,,Populus ,tremuloides,"47° 10' 00.78""","68° 20' 50.09""",47 10 00.78,68 20 50.09,<1,,-,,,,5.0,,,5.0,,1.0,75,99,1,,47° 10 00.78,68° 20 50.09,,,,,14,333,2.16,154,24,-,-,-,-,-,-,-,-,-,-,0.80,18.83,3.53,0.079,0.47,0.3000,-,-,-,-,-,-,-,-,-,-,-,-,,,,0.84,2.47,,4.67,26,0.8,,,,,,,,,,,,,,,,,,
6-20,Cl-2,Asp-11,,,,,Populus ,tremuloides,"47° 10' 01.10""","68° 20' 50.78""",47 10 01.10,68 20 50.78,<1,,-,,,,3.0,,,3.0,,1.0,30,99,1,,47° 10 01.10,68° 20 50.78,,,,,15,156,0.99,158,10,-,-,-,-,-,-,-,-,-,-,0.80,17.98,3.67,0.079,0.47,0.2390,-,-,-,-,-,-,-,-,-,-,-,-,,,,1.24,4.41,,7.99,27,1.1,,,,,,,,,,,,,,,,,,
6-20,Cl-2,Bal-12,,,,,Populus,balsamifera,"47° 10' 00.90""","68° 20' 51.00""",47 10 00.90,68 20 51.00,<1,,-,,,,4.0,,,4.0,,-,35,99,1,,47° 10 00.90,68° 20 51.00,,,,,9,332,2.20,151,37,-,-,,-,-,-,-,-,-,-,0.78,23.57,3.15,0.062,0.47,0.4000,-,-,-,-,-,-,-,-,-,-,-,-,,2.37,46.6,,,,,31,1.1,,,,,,,,,,,,,,,,,,
6-20,Cl-2,Asp-13,,,,,Populus ,tremuloides,"47° 10' 00.68""","68° 20' 51.01""",47 10 00.68,68 20 51.01,<1,,-,,,,4.0,,,4.0,,0.2,60,99,1,,47° 10 00.68,68° 20 51.01,,,,,16,344,1.96,176,22,-,-,-,-,-,-,-,-,-,-,0.79,20.41,2.99,0.068,0.47,0.2330,-,-,-,-,-,-,-,-,-,-,-,-,,2.99,49.1,1.92,4.05,,3.51,26,1.1,,,,,,,,,,,,,,,,,,
6-20,Cl-2,Bal-14,,,,,Populus,balsamifera,"47° 10' 00.84""","68° 20' 51.01""",47 10 00.84,68 20 51.01,<1,,-,,,,2.0,,,2.0,,-,60,99,1,,47° 10 00.84,68° 20 51.01,,,,,10,208,1.23,169,21,-,-,-,-,-,-,-,-,-,-,0.77,18.78,3.67,0.082,0.47,0.4620,-,-,-,-,-,-,-,-,-,-,-,-,7.057517382,,,1.44,10.37,,0.86,25,1.1,,,,,,,,,,,,,,,,,,
6-20,Cl-2,Asp-15,,,,,Populus ,tremuloides,"47° 10' 00.31""","68° 20' 50.62""",47 10 00.31,68 20 50.62,<1,,-,,,,5.5,,,5.5,,1.0,35,99,1,,47° 10 00.31,68° 20 50.62,,,,,15,297,2.10,141,20,-,-,-,-,-,-,-,-,-,-,0.72,6.35,2.24,0.049,0.47,0.0450,-,-,-,-,-,-,-,-,-,-,-,-,,2.15,48.9,1.48,2.37,,4.15,38,2.8,,,,,,,,,,,,,,,,,,
6-20,Cl-2,Asp-16,,,,,Populus ,tremuloides,"47° 09' 59.99""","68° 20' 50.32""",47 09 59.99,68 20 50.32,<1,,-,,,,2.0,,,2.0,,0.2,75,99,1,,47° 09 59.99,68° 20 50.32,,,,,14,244,1.51,162,17,-,-,-,-,-,-,-,-,-,-,0.76,17.11,3.57,0.066,0.47,0.1770,-,-,-,-,-,-,-,-,-,-,-,-,,,,1.48,2,,3.27,30,2.5,,,,,,,,,,,,,,,,,,
6-21,Cl-2,Asp-17,,,,,Populus ,tremuloides,"47° 10' 00.19""","68° 20' 51.64""",47 10 00.19,68 20 51.64,<1,,-,,,,5.0,,,5.0,,1.0,45,99,1,,47° 10 00.19,68° 20 51.64,,,,,12,457,2.63,174,38,-,-,-,-,-,-,-,-,-,-,0.83,7.85,4.45,0.068,0.47,0.0230,-,-,-,-,-,-,-,-,-,-,-,-,,,,0.32,2.51,,3.64,25,3.1,,,,,,,,,,,,,,,,,,
6-21,Cl-2,Asp-18,,,,,Populus ,tremuloides,"47° 10' 00.04""","68° 20' 52.06""",47 10 00.04,68 20 52.06,<1,,-,,,,2.5,,,2.5,,0.2,50,99,1,,47° 10 00.04,68° 20 52.06,,,,,13,418,2.31,181,32,-,-,-,-,-,-,-,-,-,-,0.81,5.59,2.11,0.071,0.47,0.0270,-,-,-,-,-,-,-,-,-,-,-,-,,2.46,47.1,0.32,3.69,,4.74,26,1.3,,,,,,,,,,,,,,,,,,
6-21,Cl-2,Asp-19,,,,,Populus ,tremuloides,"47° 10' 00.10""","68° 20' 51.46""",47 10 00.10,68 20 51.46,<1,,-,,,,1.0,,,1.0,,0.1,50,90,1,,47° 10 00.10,68° 20 51.46,,,,,11,92,0.65,142,8,-,-,-,-,-,-,-,-,-,-,0.83,6.82,2.62,0.075,0.47,0.0330,-,-,-,-,-,-,-,-,-,-,-,-,,2.12,47.2,0.46,2.56,,2.74,29,2.9,,,,,,,,,,,,,,,,,,
6-21,Cl-2,Bal-20,,,,,Populus,balsamifera,"47° 09' 59.08""","68° 20' 51.31""",47 09 59.08,68 20 51.31,<1,,-,,,,2.0,,,2.0,,0.1,80,99,1,,47° 09 59.08,68° 20 51.31,,,,,14,460,2.85,161,33,-,-,-,-,-,-,-,-,-,-,0.74,11.10,3.11,0.052,0.47,0.0860,-,-,-,-,-,-,-,-,-,-,-,-,,2.54,47.7,2.04,13.52,,0.6,35,0.9,,,,,,,,,,,,,,,,,,
6-21,Cl-2,Bal-21,,,,,Populus,balsamifera,"47° 09' 58.76""","68° 20' 51.98""",47 09 58.76,68 20 51.98,<1,,-,,,,0.3,,,0.3,,-,75,99,1,,47° 09 58.76,68° 20 51.98,,,,,16,352,2.66,132,22,-,-,-,-,-,-,-,-,-,-,0.75,15.34,2.97,0.039,0.47,0.0830,-,-,-,-,-,-,-,-,-,-,-,-,,,,3.26,11.29,,0.9,29,1.6,7.811055797,,,,,,,,,,,,,,,,,
6-21,Cl-2,Asp-22,,,,,Populus ,tremuloides,"47° 09' 59.07""","68° 20' 53.59""",47 09 59.07,68 20 53.59,<1,,-,,,,2.5,,,2.5,,-,8,99,1,,47° 09 59.07,68° 20 53.59,,,,,12,283,1.75,162,24,-,-,-,-,-,-,-,-,-,-,0.81,20.26,3.36,0.066,0.47,0.1280,-,-,-,-,-,-,-,-,-,-,-,-,,2.78,48.6,2.16,5.02,,5.52,,,,,,,,,,28,,,,,,,,,,
6-21,Cl-2,Asp-23,,,,,Populus ,tremuloides,"47° 09' 59.85""","68° 20' 52.95""",47 09 59.85,68 20 52.95,,,,,,,,,,,,,,,,,47° 09 59.85,68° 20 52.95,,,,,10,155,0.88,176,16,-,-,-,-,-,-,-,-,-,-,0.78,8.78,2.71,0.051,0.47,0.4820,-,-,-,-,-,-,-,-,-,-,-,-,,2.46,48.5,1.78,5.53,,5.86,30,4,,,,,,,,,,,,,,,,,,
6-21,Cl-2,Asp-24,,,,,Populus,balsamifera,"47° 09' 59.20""","68° 20' 52.25""",47 09 59.20,68 20 52.25,<1,,-,,,,1.5,,,1.5,,-,50,99,1,,47° 09 59.20,68° 20 52.25,,,,,13,298,1.93,154,23,-,-,-,-,-,-,-,-,-,-,0.77,3.13,2.21,0.089,0.47,0.0120,-,-,-,-,-,-,-,-,-,-,-,-,,2.77,48.5,1.53,2.09,,3,31,2.2,,,,,,,,,,,,,,,,,,
6-20,Cl-2,Bal-25,,,,,Populus,balsamifera,"47° 09' 58.53""","68° 20' 54.42""",47 09 58.53,68 20 54.42,,,,,,,,,,,,,,,,,47° 09 58.53,68° 20 54.42,,,,,1,65,-,#VALUE!,65,-,-,-,-,-,-,-,-,-,-,0.79,-,-,-,-,-,-,-,-,-,-,-,-,-,-,-,-,-,,,,,,,,,,,,,,,,,,,,,,,,,,,
6-21,Cl-2,Bal-26,,,,,Populus,balsamifera,"47° 09' 58.87""","68° 20' 51.27""",47 09 58.87,68 20 51.27,<1,,-,,,,1.0,,,1.0,,-,60,60,1,,47° 09 58.87,68° 20 51.27,,,,,16,302,2.17,139,19,-,-,-,-,-,-,-,-,-,-,0.64,11.70,4.78,0.05,0.47,0.3390,-,-,-,-,-,-,-,-,-,-,-,-,,2.29,47.2,4.58,4.58,,0.16,35,2.4,,,,,,,,,,,,,,,,,,
6-20,Cl-2,Bal-27,,,,,Populus,balsamifera,"47° 10' 00.56""","68° 20' 48.64""",47 10 00.56,68 20 48.64,,,,,,,,,,,,,,,,,47° 10 00.56,68° 20 48.64,,,,,8,156,1.37,114,20,-,-,-,-,-,-,-,-,-,-,0.78,-,-,-,-,-,-,-,-,-,-,-,-,-,-,-,-,-,,1.35,48.7,9.7,9.7,,0.68,47,3.5,,,,,,,,,,,,,,,,,,
6-20,Cl-2,Bal-28,,,,,Populus,balsamifera,"47° 10' 01.63""","68° 20' 47.05""",47 10 01.63,68 20 47.05,,,,,,,,,,  ,,,,,,,47° 10 01.63,68° 20 47.05,,,,,10,351,2.90,121,35,-,-,-,-,-,-,-,-,-,-,0.73,-,-,-,-,-,-,-,-,-,-,-,-,-,-,-,-,-,,2.08,46.9,missing,missing,,missing,32,2.5,,,,,,,,,,,,,,,,,,
6-20,Cl-2,Bal-29,,,,,Populus,balsamifera,"47° 10' 02.62""","68° 20' 45.56""",47 10 02.62,68 20 45.56,,,,,,,,,,,,,,,,,47° 10 02.62,68° 20 45.56,,,,,13,173,,#DIV/0!,13,-,-,-,-,-,-,-,-,-,-,0.80,-,-,-,-,-,-,-,-,-,-,-,-,-,-,-,-,-,,1.35,47.1,3.78,3.78,,5.92,41,3.3,,,,,,,,,,,,,,,,,,
6-20,Cl-2,Asp-30,,,,,Populus ,tremuloides,"47° 10' 03.93""","68° 20' 43.50""",47 10 03.93,68 20 43.50,,,,,,,,,,,,,,,,,47° 10 03.93,68° 20 43.50,,,,,12,186,1.14,163,16,-,-,-,-,-,-,-,-,-,-,0.83,-,-,-,-,-,-,-,-,-,-,-,-,-,-,-,-,-,,,,2.01,2.01,,2.05,22,1.3,,,,,,,,,,,,,,,,,,
6-21,Cl-2,Bal-31,,,,,Populus,balsamifera,"47° 10' 03.63""","68° 20' 40.94""",47 10 03.63,68 20 40.94,<1,,-,,,,2.0,,,2.0,,-,35,90,1,,47° 10 03.63,68° 20 40.94,,,,,8,193,1.49,130,24,-,-,1.53,-,-,-,-,-,-,-,0.77,16.52,3.29,0.062,0.47,0.2590,-,-,-,-,-,-,-,-,-,-,-,-,,2.37,47.5,0.59,12.84,,0.68,29.5,0.7,,2.53,47.8,1.86,11.39,,1.39,30,,,,,,,,,,
6-20,Cl-2,Bal-32,,,,,Populus,balsamifera,"47° 10' 04.30""","68° 20' 42.02""",47 10 04.30,68 20 42.02,<1,,-,,,,2.5,,,2.5,,-,25,99,1,,47° 10 04.30,68° 20 42.02,,,,,15,144,,#DIV/0!,10,-,-,0.99,-,-,-,-,-,-,-,0.80,-,-,-,-,-,-,-,-,-,-,-,-,-,-,-,-,-,,,,,,,,,1.9,34.54381604,,,missing,missing,,missing,30,,,,,,,,,,
6-20,Cl-2,Asp-33,,,,,Populus ,tremuloides,"47° 10' 04.60""","68° 20' 41.97""",47 10 04.60,68 20 41.97,<1,,-,,,,2.0,,,2.0,,-,30,95,1,,47° 10 04.60,68° 20 41.97,,,,,-,-,0.11,#VALUE!,#VALUE!,-,-,-,-,-,-,-,-,-,-,0.80,-,-,-,-,-,-,-,-,-,-,-,-,-,-,-,-,-,,,,,,,,,,,,,,,,,,,,,,,,,,,
6-21,Cl-2,Asp-34,,,,,Populus ,tremuloides,"47° 10' 04.91""","68° 20' 42.06""",47 10 04.91,68 20 42.06,<1,,-,,,,4.0,,,4.0,,-,25,50,2,,47° 10 04.91,68° 20 42.06,,,,,13,237,1.45,163,18,-,-,-,-,-,-,-,-,-,-,0.75,-,-,-,-,-,-,-,-,-,-,-,-,-,-,-,-,-,,,,1.06,3.51,,2.69,31,1.1,,,,,,,,,,,,,,,,,,
6-21,Cl-2,Asp-35,,,,,Populus ,tremuloides,"47° 09' 59.96""","68° 20' 49.99""",47 09 59.96,68 20 49.99,<1,,-,,,,1.4,,,1.4,,0.3,35,95,1,,47° 09 59.96,68° 20 49.99,,,,,13,205,1.43,143,16,-,-,-,-,-,-,-,-,-,-,Missing,-,-,-,-,-,-,-,-,-,-,-,-,-,-,-,-,-,,,,1.8,1.79,,3.62,32,2.8,,,,,,,,,,,,,,,,,,
6-21,Cl-2,Asp-36,,,,,Populus ,tremuloides,"47° 10' 00.06""","68° 20' 51.51""",47 10 00.06,68 20 51.51,<1,,-,,,,1.3,,,1.3,,0.2,35,99,1,,47° 10 00.06,68° 20 51.51,,,,,8,231,1.75,132,29,-,-,-,-,-,-,-,-,-,-,0.79,-,-,-,-,-,-,-,-,-,-,-,-,-,-,-,-,-,,1.92,47.3,0.28,2.5,,2.78,29,5.9,,,,,,,,,,,,,,,,,,
6-21,Cl-2,Asp-37,,,,,Populus ,tremuloides,"47° 10' 00.50""","68° 20' 52.20""",47 10 00.50,68 20 52.20,<1,,-,,,,1.4,,,1.4,,0.2,65,99,1,,47° 10 00.50,68° 20 52.20,,,,,16,255,1.63,156,16,-,-,-,-,-,-,-,-,-,-,0.81,-,-,-,-,-,-,-,-,-,-,-,-,-,-,-,-,-,,,,0.85,2.98,,3.47,29,3.8,,,,,,,,,,,,,,,,,,
6-21,Cl-2,Asp-38,,,,,Populus ,tremuloides,"47° 10' 00.66""","68° 20' 51.71""",47 10 00.66,68 20 51.71,<1,,-,,,,1.3,,,1.3,,0.2,30,99,1,,47° 10 00.66,68° 20 51.71,,,,,16,191,1.24,154,12,-,-,-,-,-,-,-,-,-,-,0.78,-,-,-,-,-,-,-,-,-,-,-,-,-,-,-,-,-,,2.43,48.7,1.3,3.44,,3.91,27,2.3,,,,,,,,,,,,,,,,,,
6-21,Cl-2,Asp-39,,,,,Populus ,tremuloides,"47° 10' 00.47""","68° 20' 51.04""",47 10 00.47,68 20 51.04,<1,,-,,,,1.6,,,1.6,,0.4,40,99,1,,47° 10 00.47,68° 20 51.04,,,,,12,388,2.54,153,32,-,-,-,-,-,-,-,-,-,-,0.81,-,-,-,-,-,-,-,-,-,-,-,-,-,-,-,-,-,,2.50,48.4,1.61,2.96,,4.17,33,3.2,,,,,,,,,,,,,,,,,,
6-21,Cl-2,Asp-40,,,,,Populus ,tremuloides,"47° 10' 00.57""","68° 20' 50.55""",47 10 00.57,68 20 50.55,<1,,-,,,,1.5,,,1.5,,0.4,25,75,1,,47° 10 00.57,68° 20 50.55,,,,,11,278,1.79,155,25,-,-,-,-,-,-,-,-,-,-,0.83,-,-,-,-,-,-,-,-,-,-,-,-,-,-,-,-,-,,2.48,48.3,1.15,2.7,,4,32,2.9,,,,,,,,,,,,,,,,,,
6-21,Cl-3,Asp-6,,,,,Populus ,tremuloides,"47° 11' 20.10""","68° 20' 15.18""",47 11 20.10,68 20 15.18,3.0,,-,,,,42.0,,,42.0,,27.0,50,90,2,,Did not sample,,,,,,-,-,,#VALUE!,#VALUE!,-,-,-,-,-,-,-,-,-,-,-,-,-,-,-,-,-,-,-,-,-,-,-,-,-,-,-,-,,,,,,,,,,,,,,,,,,,,,,,,,,,
6-22,Cl-3,Asp-7,,,,,Populus ,tremuloides,"47° 11' 20.07""","68° 20' 15.03""",47 11 20.07,68 20 15.03,,,,,,,,,,,,,,,,,Did not sample,,,,,,-,-,-,#VALUE!,#VALUE!,-,-,-,-,-,-,-,-,-,-,-,-,-,-,-,-,-,-,-,-,-,-,-,-,-,-,-,-,,,,,,,,,,,,,,,,,,,,,,,,,,,
6-21,Cl-3,Asp-8,,,,,Populus ,tremuloides,"47° 11' 20.10""","68° 20' 14.95""",47 11 20.10,68 20 14.95,4.9,,-,,,,47.0,,,47.0,,32.0,45,95,1,,47° 11 20.10,68° 20 14.84,47° 11 20.04,68 20 15.00,,,12,203,1.77,115,17,13,194,1.64,118,15,-,-,-,-,-,0.83,-,-,-,-,-,0.82,-,-,-,-,-,-,-,-,-,-,-,,,,,,,,,,,,,,,,,,,,,,,,,,,
6-22,Cl-3,Asp-9,,,,,Populus ,tremuloides,"47° 11' 19.90""","68° 20' 14.77""",47 11 19.90,68 20 14.77,5.8,,-,,,,50.0,,,50.0,,22.0,70,99,1,,47° 11 19.92,68° 20 14.74,47° 11 19.94,68 20 14.66,47° 11 19.87,68° 20 14.70,12,173,1.48,117,14,13,249,2.27,110,19,18,274,2.34,117,15,0.84,5.45,1.24,0.07,0.47,0.3000,0.84,-,-,-,-,-,0.84,-,-,-,-,-,,,,1.4,1.26,,2.51,33,3.7,,2.05,48.3,1.48,0.84,,1.6,37,3.9,,,,2,,,,,
6-22,Cl-3,Bal-10,,,,,Populus,balsamifera,"47° 11' 19.80""","68° 20' 15.27""",47 11 19.80,68 20 15.27,2.9,,-,,,,38.0,,,38.0,,21.0,60,49,1,,47° 11 19.86,68° 20 15.20,47° 11 19.78,68 20 15.17,47° 11 19.77,68° 20 15.21,18,391,3.42,114,22,12,382,3.45,111,32,15,494,4.15,119,33,0.80,-,-,-,-,-,0.82,-,-,-,-,-,0.80,-,-,-,-,-,,1.56,48.2,0.52,n.d.,,0.26,46,6,,1.51,48.1,0.53,0.15,,0.43,48,5.9,,1.60,47.5,0.62,0.09,,0.16,46,5.9
6-22,Cl-3,Bal-11,,,,,Populus,balsamifera,"47° 11' 19.79""","68° 20' 15.41""",47 11 19.79,68 20 15.41,4.0,,-,,,,35.0,,,35.0,,18.0,50,95,1,,47° 11 19.92,68° 20 15.25,47° 11 19.92,68 20 15.25,47° 11 19.85,68° 20 15.39,11,359,3.19,113,33,7,208,1.91,109,30,10,350,3.17,110,35,0.82,9.06,2.07,0.043,0.47,0.2230,0.84,-,-,-,-,-,0.82,-,-,-,-,-,,1.85,47.6,1.12,0.72,,1,44,2.8,45.37781602,,,0.93,0.77,,0.36,44,5.1,,1.89,46.8,1.09,0.63,,0.44,42,2.5
6-22,Cl-3,Bal-13,,,,,Populus,balsamifera,"47° 11' 19.73""","68° 20' 15.09""",47 11 19.73,68 20 15.09,2.5,,-,,,,28.0,,,28.0,,8.0,25,85,2,,47° 11 19.66,68° 20 15.21,47° 11 19.68,68 20 15.12,,,10,510,4.65,110,51,12,526,4.00,132,44,-,-,-,-,-,0.84,-,-,-,-,-,0.82,17.25,3.58,0.083,0.47,0.1740,-,-,-,-,-,-,,,,missing,missing,,missing,,,,1.52,47.6,0.79,1.15,,0.42,50,6.4,,,,,,,,,
6-22,Cl-3,Bal-14,,,,,Populus,balsamifera,"47° 11' 19.65""","68° 20' 15.23""",47 11 19.65,68 20 15.23,2.5,,-,,,,28.0,,,28.0,,6.0,35,75,2,,47° 11 19.54,68° 20 15.29,47° 11 19.51,68 20 15.27,,,11,387,3.19,121,35,10,404,3.78,107,40,-,-,-,-,-,0.83,-,-,-,-,-,0.84,-,-,-,-,-,-,-,-,-,-,-,,1.96,47.1,0.6,0.93,,0.42,39,3,,1.90,47.1,0.64,0.73,,0.42,42,3,,,,,,,,,
6-22,Cl-3,Bal-15,,,,,Populus,balsamifera,"47° 11' 19.55""","68° 20' 15.52""",47 11 19.55,68 20 15.52,,,,,,,,,,,,,,,,,47° 11 19.52,68° 20 15.60,47° 11 19.48,68 20 15.55,,,10,255,2.51,102,26,9,236,2.37,100,26,-,-,-,-,-,0.84,19.25,2.09,0.056,0.47,0.2670,0.84,-,-,-,-,-,-,-,-,-,-,-,68.99059871,,,0.72,n.d.,,0.3,46,3.3,,2.29,47.7,0.74,n.d.,,0.21,45,2.9,,,,,,,,,
6-22,Cl-3,Asp-16,,,,,Populus,balsamifera,"47° 11' 19.40""","68° 20' 15.54""",47 11 19.40,68 20 15.54,,,,,,,,,,,,,,,,,47° 11 19.44,60° 20 15.59,47° 11 19.36,68 20 15.51,,,13,219,1.65,133,17,15,151,1.29,117,10,21,232,1.69,137,11,0.83,15.93,1.84,0.051,0.47,288.0000,0.84,-,-,-,-,-,0.83,-,-,-,-,-,,,,missing,missing,,missing,,,,,,1.3,0.17,,0.25,36,3.7,,,,1.66,0.4,,0.33,32,3.7
6-23,Cl-3,Bal-17,,,,,Populus,balsamifera,"47° 11' 19.03""","68° 20' 15.24""",47 11 19.03,68 20 15.24,3.3,,-,,,,30.0,,,30.0,,6.0,60,65,2,,47° 11 19.00,68° 20 15.48,47° 11 19.00,68 20 15.41,47° 11 18.97,68° 20 15.40,14,378,3.23,117,27,13,345,2.72,127,27,10,355,2.5,142,36,0.81,20.15,2.10,0.046,0.47,0.4030,0.80,-,-,-,-,-,0.75,-,-,-,-,-,,1.78,48.1,0.69,0.07,,0.63,46,5.4,,1.84,48.0,0.65,0.08,,0.13,46,3.3,57.51669514,,,0.42,0.14,,0.21,40,4.1
6-22,Cl-3,Asp-18,,,,,Populus ,tremuloides,"47° 11' 19.16""","68° 20' 16.05""",47 11 19.16,68 20 16.05,4.2,,-,,,,37.0,,,37.0,,18.0,35,85,1,,47° 11 19.09,68° 20 15.98,,,,,14,222,1.48,150,16,14,221,1.80,123,16,-,-,1.48,#VALUE!,#VALUE!,0.83,20.09,1.94,0.073,0.47,0.2270,0.85,-,-,-,-,-,-,-,-,-,-,-,,,,0.67,1.46,,1.94,23,1.9,,,,,,,,,,,,,,,,,,
6-22,Cl-3,Asp-19,,,,,Populus ,tremuloides,"47° 11' 19.16""","68° 20' 16.11""",47 11 19.16,68 20 16.11,4.3,,-,,,,37.0,,,37.0,,22.0,40,90,1,,47° 11 19.17,68° 20 16.13,,,,,14,342,2.15,159,24,17,321,2.13,151,19,-,-,-,-,-,0.83,16.74,1.18,0.055,0.47,0.1680,0.84,-,-,-,-,-,-,-,-,-,-,-,,,,missing,missing,,missing,,,,,,1.31,0.31,,0.36,24,3.8,,,,,,,,,
6-22,Cl-3,Asp-20,,,,,Populus ,tremuloides,"47° 11' 18.85""","68° 20' 16.28""",47 11 18.85,68 20 16.28,5.5,,-,,,,40.0,,,40.0,,30.0,45,95,1,,47° 11 18.86,68° 20 16.22,47° 11 18.89,68 20 16.23,47° 11 18.88,68° 20 16.32,11,267,2.16,124,24,11,216,1.67,129,20,12,212,1.66,128,18,0.83,18.96,2.26,0.069,0.47,0.2790,0.84,-,-,-,-,-,0.84,-,-,-,-,-,,,,missing,missing,,missing,,,,,,0.68,1.48,,2.15,27,5.4,,,,,,,,,
6-23,Cl-3,Asp-21a,,,,,Populus ,tremuloides,"47° 11' 19.99""","68° 20' 14.90""",47 11 19.99,68 20 14.90,3.1,,-,,,,38.0,,,38.0,,28.0,48,99,1,,47° 11 19.63,68° 20 14.50,47° 11 19.69,68 20 14.51,47° 11 19.65,68° 20 14.49,20,189,1.38,137,9,15,220,1.68,131,15,-,-,-,-,-,0.83,-,-,-,-,-,0.80,3.81,1.28,0.063,0.47,0.0170,-,-,-,-,-,-,,,,,,,,,,,,,,,,,,2.5,,,,,,,,,
6-23,Cl-3,Asp-21,,,,,Populus ,tremuloides,"47° 11' 19.53""","68° 20' 14.54""",47 11 19.53,68 20 14.54,2.6,,-,,,,32.0,,,32.0,,-,-,-,2,,47° 11 19.99,68° 20 14.87,47° 11 20.03,68 20 14.92,,,19,225,1.52,148,12,16,188,1.46,129,12,15,147,3.802,39,10,0.82,8.49,1.09,0.021,0.47,0.5520,0.82,-,-,-,-,-,0.83,-,-,-,-,-,,,,missing,missing,,missing,,,,,,1.36,0.59,,0.82,35,,,,,1.11,0.72,,0.56,28,2.9
6-23,Cl-3,Asp-22,,,,,Populus ,tremuloides,"47° 11' 19.79""","68° 20' 13.90""",47 11 19.79,68 20 13.90,1.1,,-,,,,10.0,,,10.0,,5.5,50,99,1,,47° 11 19.82,68° 20 13.91,47° 11 20.30,68 20 14.04,,,14,166,0.84,198,12,18,222,1.26,176,12,-,-,-,-,-,0.83,11.38,1.44,0.093,0.47,0.8540,0.83,-,-,-,-,-,-,-,-,-,-,-,,,,missing,missing,,missing,,,,,,,,,,,,,,,,,,,,2.6
6-23,Cl-3,Asp-23,,,,,Populus ,tremuloides,"47° 11' 19.62""","68° 20' 13.83""",47 11 19.62,68 20 13.83,4.3,,-,,,,-,,,-,,-,-,-,-,,47° 11 19.68,68° 20 13.77,47° 11 19.74,68 20 13.49,47° 11 19.76,68° 20 13.55,16,240,1.52,158,15,19,188,1.32,142,10,14,142,0.85,167,10,0.83,11.64,1.63,0.091,0.47,0.0680,0.79,-,-,-,-,-,0.81,-,-,-,-,-,,,,missing,missing,,missing,,,,,,missing,missing,,missing,,,,,,0.52,0.55,,0.56,29,
6-23,Cl-3,Asp-24,,,,,Populus ,tremuloides,"47° 11' 19.15""","68° 20' 13.37""",47 11 19.15,68 20 13.37,7.2,,1,,,,42.0,,,42.0,,15.0,45,75,2,,47° 11 19.25,68° 20 13.33,,,,,15,264,1.91,138,18,11,305,2.91,105,28,20,318,3.07,104,16,0.83,3.23,1.78,0.05,0.47,0.1830,0.85,-,-,-,-,-,0.82,16.67,1.29,0.062,0.47,0.1130,,,,0.82,0.35,,0.24,31,2.3,,,,missing,missing,,missing,,,,,,0.96,0.05,,0.08,41,4.5
6-23,Cl-3,Asp-25,,,,,Populus ,tremuloides,"47° 11' 18.90""","68° 20' 13.34""",47 11 18.90,68 20 13.34,5.2,,-,,,,40.0,,,40.0,,30.0,65,85,1,,47° 11 18.95,68° 20 13.50,47° 11 18.96,68 20 13.38,,,19,261,1.97,132,14,13,172,1.18,146,13,-,-,-,-,-,0.80,-,-,-,-,-,0.83,"80,233.38",1.94,0.007,0.47,0.0470,-,-,-,-,-,-,,,,,,,,,,,,,,,,,,,,,,,,,,,
6-23,Cl-3,Asp-26,,,,,Populus ,tremuloides,"47° 11' 18.70""","68° 20' 13.84""",47 11 18.70,68 20 13.84,1.2,,-,,,,20.0,,,20.0,,10.0,25,95,2,,47° 11 18.68,68° 20 13.84,47° 11 18.67,68 20 13.85,,,18,258,1.47,176,14,14,260,1.54,169,19,-,-,-,-,-,0.71,2.96,1.42,0.046,0.47,0.0190,0.77,-,-,-,-,-,-,-,-,-,-,-,,,,,,,,,,,,,,,,,,,,,,,,,,,
6-23,Cl-3,Bal-27,,,,,Populus,balsamifera,"47° 11' 19.04""","68° 20' 13.99""",47 11 19.04,68 20 13.99,<1,,-,,,,2.5,,,2.5,,0.2,75,75,1,,47° 11 19.01,68° 20 13.98,,,,,12,330,2.19,151,28,-,-,-,-,-,-,-,-,-,-,0.72,15.47,1.95,0.059,0.47,0.1390,N/a,-,-,-,-,-,-,-,-,-,-,-,,1.88,47.3,1.33,4.87,,0,34,2.9,,,,,,,,,,,,,,,,,,
6-23,Cl-3,Asp-28,,,,,Populus ,tremuloides,,,,,4.1,,-,,,,42.0,,,42.0,,25.0,40,40,1,,47° 11 19.05,68° 20 12.24,47° 11 18.94,68 20 12.23,,,14,372,2.88,129,27,13,282,2.14,132,22,-,-,-,-,-,0.79,7.97,1.74,0.08,0.47,0.0410,0.80,-,-,-,-,-,-,-,-,-,-,-,,1.89,48.1,1.84,0.5,,0.85,38,6.3,,,,,,,,,,,,,,,,,,
6-23,Cl-3,Asp-29,,,,,Populus ,tremuloides,"47° 11' 19.31""","68° 20' 14.51""",47 11 19.31,68 20 14.51,5.0,,-,,,,45.0,,,45.0,,25.0,30,45,1,,47° 11 19.36,68° 20 14.50,,,,,18,262,2.14,122,15,14,298,2.30,130,21,-,-,-,-,-,0.79,31.85,2.22,0.028,0.47,0.1750,0.80,-,-,-,-,-,-,-,-,-,-,-,,,,,,,,,,,,,,,,,,,,,,,,,,,
6-23,Cl-3,Asp-30,,,,,Populus ,tremuloides,"47° 11' 19.29""","68° 20' 14.57""",47 11 19.29,68 20 14.57,3.4,,-,,,,-,,,-,,-,-,-,1,,47° 11 19.63,68° 20 14.48,47° 11 19.47,68 20 14.52,,,11,164,1.71,96,15,11,164,1.26,130,15,-,-,-,-,-,0.80,16.70,0.43,0.023,0.47,0.8600,0.80,-,-,-,-,-,-,-,-,-,-,-,,,,1.12,0.63,,0.59,29,3,,,,1.3,0.43,,3.77,34,3.8,,,,,,,,,
6-23,Cl-3,Asp-31,,,,,Populus ,tremuloides,"47° 11' 19.29""","68° 20' 14.75""",47 11 19.29,68 20 14.75,3.1,,-,,,,38.0,,,38.0,,20.0,35,85,1,,47° 11 19.13,68° 20 14.73,47° 11 19.10,68 20 14.75,,,14,217,1.38,157,16,14,217,1.63,133,16,-,-,-,-,-,0.79,6.32,1.30,0.06,0.47,0.0320,0.77,-,-,-,-,-,-,-,-,-,-,-,,,,1.34,0.43,,0.48,31,5.5,,,,0.99,0.98,,0.98,34,4.2,,,,,,,,,
,HB-1,Asp-1,,,,,Populus ,tremuloides,46° 50' 44.05,68° 37' 31.76,46 50 44.05,68 37 31.76,6.6,,0,5,75,0,18.7,10,57,,10,28.0,30,,1,,46° 50 44.12,68° 37 31.88,,,,,,,,,,,,,#DIV/0!,#DIV/0!,,,,,,-,,,,,,-,,,,,,-,,,,,,,,,0.44,2.76,,3.5,,,,,,,,,,,,,,,,,,,,
7/24/21,HB-1,Asp-2,,,,,Populus ,tremuloides,"46° 50' 44.33""","68° 37' 32.27""",46 50 44.33,68 37 32.27,16.0,,0,4,76,0,16.0,16,49,,16,15.0,90,,1,,46° 50 44.33,68° 37 32.27,,,,,16,372,3.36,111,23,8,241,4.24,57,30,,,3.51,0,#DIV/0!,0.54,0.78,0.10,0.001,0.47,0.0007,0.59,,,,,,0.84,,,,,,,,,0.79,0.34,,0.29,,3,,,,0.61,0.3,,0.4,,,,,,0.53,0.56,,0.54,,2.1
7/24/21,HB-1,Asp-3,,,,,Populus ,tremuloides,"46° 50' 44.42""","68° 37' 31.88""",46 50 44.42,68 37 31.88,4.6,,0,14.5,44,2,16.0,12,49,,12,35.0,20,,2,,46° 50 44.42,68° 37 32.67,,,,,17,280,2.11,133,16,,,,#DIV/0!,#DIV/0!,,,,,,0.84,18.34,0.87,0.068,0.47,0.1304,-,,,,,,-,,,,,,,,,0.82,0.63,,1.03,,1.7,,,,,,,,,,,,,,,,,,
7/24/21,HB-1,Asp-7,,,,,Populus ,tremuloides,"46° 50' 44.30""","68° 37' 34.15""",46 50 44.30,68 37 34.15,12.9,,0,19.5,9,0,3.1,20,45,,20,20.0,70,,1,,46° 50 44.30,68° 37 34.15,,,,,13,316,3.94,80,24,,,,#DIV/0!,#DIV/0!,,,,,,0.82,8.00,1.25,0.067,0.47,0.0389,-,,,,,,-,,,,,,,,,1.01,0.38,,0.57,47.0,,,,,,,,,,,,,,,,,,,
7/24/21,HB-1,Asp-20,,,,,Populus ,tremuloides,"46° 50' 44.04""","68° 37' 35.42""",46 50 44.04,68 37 35.42,7.0,,2,12.9,50,0,15.4,10,48,,10,15.0,50,,2,,46° 50 44.04,68° 37 35.65,,,,,16,253,2.68,94,16,20,313,2.95,106,16,,,,,,0.85,28.37,1.65,0.066,0.47,0.2501,0.85,,,,,,-,,,,,,,,,0.68,1.18,,1.25,,1.5,,,,0.82,1.6,,1.51,,,,,,,,,,,
,HB-1,Asp-21,,,,,Populus ,tremuloides,"46° 50' 44.08""","68° 37' 35.42""",46 50 44.08,68 37 35.42,5.5,,1,13.5,59,1,23.5,12,60,,12,35.0,30,,1,,46° 50 44.14,68° 37 35.48,,,,,,,,,,,,,#DIV/0!,#DIV/0!,,,,,,-,,,,,,-,,,,,,-,,,,,,,,,,,,,,,,,,,,,,,,,,,,,,,,
,HB-1,Asp-22,,,,,Populus ,tremuloides,"46° 50' 44.12""","68° 37' 35.67""",46 50 44.12,68 37 35.67,12.2,,0,14.9,63,2,31.2,14,61,,14,24.0,80,,1,,46° 50 43.88,68° 37 35.98,,,,,,,,,,,,,#DIV/0!,#DIV/0!,,,,,,-,,,,,,-,,,,,,-,,,,,,,,,,,,,,,,,,,,,,,,,,,,,,,,
7/24/21,HB-1,Asp-23,,,,,Populus ,tremuloides,"46° 50' 44.15""","68° 37' 35.89""",46 50 44.15,68 37 35.89,7.5,,0,14.8,42,2,15.3,14,48,,14,19.0,20,,3,Missing top of tree,46° 50 44.15,68° 37 35.89,,,,,14,316.5590941,2.86,111,23,,,,#DIV/0!,#DIV/0!,,,,,,0.84,13.81,1.02,0.08,0.47,0.1306,-,,,,,,-,,,,,,,,,0.55,0.07,,0.14,,2.6,,,,,,,,,,,,,,,,,,
7/24/21,HB-1,Asp-24,,,,,Populus ,tremuloides,"46° 50' 44.23""","68° 37' 36.03""",46 50 44.23,68 37 36.03,8.9,,0,14.6,51,2,20.0,13,54,,13,32.0,35,,2,,46° 50 44.23,68° 37 36.03,,,,,19,258,2.19,118,14,21,262,1.78,147,12,,,,,,0.84,18.70,0.76,0.077,0.47,0.1773,0.85,,,,,,-,,,,,,,,,97,2.31,,3.34,,1.5,,,,0.95,1.93,,3.49,,,,,,,,,,,
,HB-1,Asp-25,,,,,Populus ,tremuloides,"46° 50' 44.16""","68° 37' 36.41""",46 50 44.16,68 37 36.41,9.9,3.9,0,12.65,34,0,8.5,11,36,,11,19.0,35,,1,Tree is bent,,,,,,,20,208,1.80,116,10,,,,#DIV/0!,#DIV/0!,,,,,,0.85,16.34,1.03,0.084,0.47,0.1907,-,,,,,,-,,,,,,,,,0.8,1.12,,2.35,,1.8,,,,,,,,,,,,,,,,,,
,HB-1,Asp-26,,,,,Populus ,tremuloides,"46° 50' 43.98""","68° 37' 36.31""",46 50 43.98,68 37 36.31,26.4,10.4,0,16.7,44,0,16.1,16,54,,16,12.0,65,,2,Missing original top of tree,,,,,,,17,348,2.65,131,20,,,,#DIV/0!,#DIV/0!,,,,,,0.84,10.97,0.63,0.087,0.47,0.0822,-,,,,,,-,,,,,,,,,0.92,0.09,,0.1,,,,,,,,,,,,,,,,,,,,
,HB-1,Asp-27,,,,,Populus ,tremuloides,46° 50' 44.46,"68° 37' 37.31""",46 50 44.46,68 37 37.31,14.2,5.6,0,8.4,58,0,13.4,11,58,,11,25.0,25,,2,,,,,,,,,,,,,,,,#DIV/0!,#DIV/0!,,,,,,-,,,,,,-,,,,,,-,,,,,,,,,,,,,,,,,,,,,,,,,,,,,,,,
7/26/21,HB-1,Asp-31,,,,,Populus ,tremuloides,"46° 50' 44.85""","68° 37' 35.97""",46 50 44.85,68 37 35.97,<2.5,<1,0,1.3,-,-,1.3,-,-,-,-,-,-,,2,,46° 50 44.85,68° 37 35.97,,,,,21,257,2.66,97,12,,,,#DIV/0!,#DIV/0!,,,,,,0.80,21.92,1.77,0.063,0.47,,-,,,,,,-,,,,,,,,,0.03,1.67,,2.85,,7.5,,,,,,,,,,,,,,,,,,
,HB-1,Asp-32,,,,,Populus ,tremuloides,46° 50' 45.19,"68° 37' 37.19""",46 50 45.19,68 37 37.19,16.5,6.5,0,9.15,67,0,21.6,12.5,65,,12.5,34.0,55,,1,,,,,,,,,,,,,,,,#DIV/0!,#DIV/0!,,,,,,-,,,,,,-,,,,,,-,,,,,,,,,,,,,,,,,,,,,,,,,,,,,,,,
7/26/21,HB-1,Asp-33,,,,,Populus ,tremuloides,"46° 50' 45.12""","68° 37' 36.66""",46 50 45.12,68 37 36.66,12.2,4.8,6+,5.3,50,0,6.3,6,60,,6,23.0,45,,1,Odd cankers,,,,,,,13,235,2.82,83,18,14,366,3.06,120,26,,,,,,0.83,15.96,1.09,0.049,0.47,,0.85,,,,,,-,,,,,,,,,,,,,,3.3,,,,,,,,,3.2,,,,,,,,,
7/26/21,HB-1,Asp-34,,,,,Populus ,tremuloides,"46° 50' 45.14""","68° 37' 36.41""",46 50 45.14,68 37 36.41,8.8,3.5,0,8.6,58,0,13.8,7.5,63,,7.5,41.0,25,,2,,,,,,,,13,335,2.66,126,26,12,356,,#DIV/0!,30,,,,,,0.84,18.26,0.58,0.059,0.47,0.1435,0.84,,,,,,-,,,,,,,,,52,0.42,,0.89,,4.1,,,,0.84,0.31,,0.82,,,,,,,,,,,
,HB-1,Asp-35,,,,,Populus ,tremuloides,"46 50' 45.11""","68° 37' 36.23""",46 50 45.11,68 37 36.23,25.4,10.0,0,11.2,65,0,24.0,10,70,,10,46.0,30,,2,,,,,,,,,,,,,,,,#DIV/0!,#DIV/0!,,,,,,-,,,,,,-,,,,,,-,,,,,,,,,,,,,,,,,,,,,,,,,,,,,,,,
7/27/21,HB-1,Asp-36,,,,,Populus ,tremuloides,"46° 50' 44.98""","68° 37' 36.35""",46 50 44.98,68 37 36.35,15.6,6.2,0,11.2,50,0,13.3,10,50,,10,33.0,45,,2,Tree is bent,,,,,,,14,151,1.30,116,11,13,294,2.26,130,23,,,,,,0.83,25.19,1.68,0.064,0.47,,0.85,,,,,,-,,,,,,,,,0.57,0.6,,0.8,,1.5,,,,1.04,0.53,,1.01,,,,,,,,,,,
,HB-1,Asp-37,,,,,Populus ,tremuloides,"46° 50' 45.05""","68° 37' 35.93""",46 50 45.05,68 37 35.93,2.8,1.1,0,-,-,-,2.2,-,-,2.3,-,2.1,15,,3,,,,,,,,17,147,1.20,123,9,,,,#DIV/0!,#DIV/0!,,,,,,0.85,17.36,1.14,0.064,0.47,0.1392,-,,,,,,-,,,,,,,,,missing,missing,,missing,,,,,,0.44,4.07,,3.88,,,,,,,,,,,
7/27/21,HB-1,Asp-38,,,,,Populus ,tremuloides,"46° 50' 45.00""","68° 37' 35.50""",46 50 45.00,68 37 35.50,24.1,9.5,0,10.1,51,1,13.5,12,33,,12,58.0,60,,1,,,,,,,,19,207,2.00,104,11,12,198,1.83,108,17,14,227,2.01,113,16,0.85,26.81,1.42,0.071,0.47,,0.85,,,,,,0.85,,,,,,,,,1.23,0.14,,0.1,,2,,,,0.2,0.29,,0.23,,,,,,1.01,0.37,,0.25,,2.5
,HB-1,Asp-39,,,,,Populus ,tremuloides,"46° 50' 44.87""","68° 37' 34.69""",46 50 44.87,68 37 34.69,<2.5,<1,0,-,-,-,1.0,-,-,-,-,-,-,,1,,46° 50 44.87,68° 37 34.69,,,,,20,419,3.36,125,21,,,2.63,0,#DIV/0!,,,,,,0.83,3.05,1.83,0.101,0.47,,-,,,,,,-,,,,,,,,,1.18,2.7,.,3.43,,1.7,,,,,,,,,,,,,,,,,,
,HB-1,Asp-40,,,,,Populus ,tremuloides,"46° 50' 45.11""","68° 37' 35.35""",46 50 45.11,68 37 35.35,15.0,5.9,0,14.8,49,3,20.0,-,-,-,-,-,-,,-,,,,,,,,,,,,,,,,#DIV/0!,#DIV/0!,,,,,,-,,,,,,-,,,,,,-,,,,,,,,,,,,,,,,,,,,,,,,,,,,,,,,
,HB-1,Asp-41,,,,,Populus ,tremuloides,"46° 50' 45.11""","68° 37' 34.96""",46 50 45.11,68 37 34.96,12.3,4.9,0,12.5,55,3,20.9,- ,-,-,-,-,-,,-,DEAD,,,,,,,,,,,,,,,#DIV/0!,#DIV/0!,,,,,,-,,,,,,-,,,,,,-,,,,,,,,,,,,,,,,,,,,,,,,,,,,,,,,
7/26/21,HB-1,Asp-42,,,,,Populus ,tremuloides,"46° 50' 45.10""","68° 37' 34.38""",46 50 45.10,68 37 34.38,6.9,2.7,0,-,-,-,-,-,-,-,-,-,-,,-,DEAD,,,,,,,18,149,1.64,91,8,,,,#DIV/0!,#DIV/0!,,,,,,0.83,2.58,1.05,0.062,0.47,,-,,,,,,-,,,,,,,,,0.89,0.4,,0.16,,1.7,,,,,,,,,,,,,,,,,,
7/26/21,HB-1,Asp-45,,,,,Populus ,tremuloides,"46° 50' 45.38""","68° 37' 34.55""",46 50 45.38,68 37 34.55,10.6,4.2,0,7.2,53,0,9.6,6,62,,6,31.0,25,,2,,,,,,,,15,202,2.15,94,13,21,288,3.54,81,14,13,258,,#DIV/0!,20,0.84,26.45,1.42,0.066,0.47,,0.84,,,,,,0.85,,,,,,,,,0.59,0.39,,0.5,,2.2,,,,0.85,0.22,,0.61,,,,,,,,,,,3.2
,HB-1,Asp-48,,,,,Populus ,tremuloides,"46° 50' 45.67""","68° 37' 35.22""",46 50 45.67,68 37 35.22,<2.5,<1,0,-,-,-,1.5,-,-,-,-,-,-,,3,,,,,,,,29,165,1.23,134,6,,,,#DIV/0!,#DIV/0!,,,,,,0.74,4.46,3.24,0.055,0.47,,-,,,,,,-,,,,,,,,,,,,,,3.3,,,,,,,,,,,,,,,,,,
,HB-1,Asp-49,,,,,Populus ,tremuloides,"46° 50' 45.78""","68° 37' 35.26""",46 50 45.78,68 37 35.26,<2.5,<1,0,-,-,-,1.5,-,-,-,-,-,-,,3,,,,,,,,16,235,1.94,121,15,,,,#DIV/0!,#DIV/0!,,,,,,0.83,31.51,1.62,0.065,0.47,,-,,,,,,-,,,,,,,,,1.26,3.85,,5.12,,3.2,,,,,,,,,,,,,,,,,,
,HB-1,Asp-50,,,,,Populus ,tremuloides,"46° 50' 45.83""","68° 37' 35.27""",46 50 45.83,68 37 35.27,<2.5,<1,0,-,-,-,2.0,-,-,-,-,-,-,,2,,,,,,,,18,298,2.40,124,17,,,,#DIV/0!,#DIV/0!,,,,,,0.82,20.74,1.47,0.067,0.47,,-,,,,,,-,,,,,,,,,,,,,,3.2,,,,,,,,,,,,,,,,,,
,HB-1,Asp-51,,,,,Populus ,tremuloides,"46° 50' 45.86""","68° 37' 35.42""",46 50 45.86,68 37 35.42,<2.5,<1,0,-,-,-,1.8,-,-,-,-,-,-,,3,,,,,,,,11,450,3.76,120,41,,,2.04,0,#DIV/0!,,,,,,0.78,4.62,1.91,0.031,0.47,,-,,,,,,-,,,,,,,,,,,,,,10.6,,,,,,,,,,,,,,,,,,
,HB-1,Asp-52,,,,,Populus ,tremuloides,"46° 50' 45.49""","68° 37' 35.53""",46 50 45.49,68 37 35.53,13.5,5.3,0,10.9,45,0,10.9,9.3,43,,9.3,40.0,5,,3,,,,,,,,14,275,2.71,101,20,18,234,2.31,101,13,,,,,,0.79,0.48,0.08,0.005,0.47,,0.84,,,,,,-,,,,,,,,,1.22,0.19,,0.26,,,,,,1.22,0.19,,0.26,,,,,,,,,,,
,HB-1,Asp-53,,raw_0_rd_rf_or.hdr,,,Populus ,tremuloides,"46° 50' 45.76""","68° 37' 35.75""",46 50 45.76,68 37 35.75,<2.5,<1,0,-,-,-,1.5,-,-,-,-,-,-,,3,Deer activity,,,,,,,11,152,1.20,,,,,,#DIV/0!,#DIV/0!,,,,,,0.81,,,,,,-,,,,,,-,,,,,,,,,0.57,3.47,,2.41,,3.2,,,,,,,,,,,,,,,,,,
,HB-1,Bal-56,,,,,Populus ,balsamifera,"46° 50' 46.20""","68° 37' 35.67""",46 50 46.2,68 37 35.67,<2.5,<1,0,-,-,-,1.8,-,-,-,-,-,-,,2,Moose Activity,,,,,,,14,177,,#DIV/0!,13,,,,#DIV/0!,#DIV/0!,,,,,,0.80,11.36,1.03,0.075,0.47,,-,,,,,,-,,,,,,13.86152,,,,,,,,1.3,,,,,,,,,,,,,,,,,,
7/27/21,HB-1,Bal-60,,,,,Populus ,balsamifera,"46° 50' 45.72""","68° 37' 34.04""",46 50 45.72,68 37 34.04,3.7,1.5,0,10,23,0,4.2,-,-,-,-,-,-,,1,,,,,,,,12,277,,#REF!,23,16,245,,#DIV/0!,15,,,,,,0.85,26.84,1.12,0.066,0.47,,0.72,,,,,,-,,,,,,13.05367,,,0.35,5.82,,0,,1.5,12.58413,,,0.46,5.06,,0.27,,,,,,,,,,,
7/24/21,HB-1,Bal-4,,,,,Populus ,balsamifera,"46° 50' 44.01""","68° 37' 33.17""",46 50 44.01,68 37 33.17,18.0,7.1,0,9.3,69,2,26.2,8,68,,8,38.0,50,,1,,46° 50 44.01,68° 37 33.17,,,,,14,672,2.51,#DIV/0!,48,12,591,5.39,110,49,,,,,,0.84,28.54,1.60,0.069,0.47,0.3697,-,,,,,,-,,,,,,10.94636,,,0.24,4.78,,0.32,,0.2,6.410604,,,0.31,0.03,,0.08,,,,,,missing,missing,,missing,,
,HB-1,Bal-5,,,,,Populus ,balsamifera,"46° 50' 44.08""","68° 37' 33.09""",46 50 44.08,68 37 33.09,19.4,7.7,0,14.8,53,2,21.6,13,47,,13,20.0,45,,1,,46° 50 44.21,68° 37 33.15,,,,,,,,,,,,,#DIV/0!,#DIV/0!,,,,,,-,,,,,,-,,,,,,-,,,,,,,,,,,,,,,,,,,,,,,,,,,,,,,,
,HB-1,Bal-6,,,,,Populus ,balsamifera,"46° 50' 43.92""","68° 37' 33.73""",46 50 43.92,68 37 33.73,24.3,9.6,0,20,43,2,20.7,24,33,,24,13.0,80,,1,,46° 50 44.98,68° 37 33.87,,,,,,,,,,,,,#DIV/0!,#DIV/0!,,,,,,-,,,,,,-,,,,,,-,,,,,,,,,,,,,,,,,,,,,,,,,,,,,,,,
7/24/21,HB-1,Bal-8,,,,,Populus ,balsamifera,"46° 50' 44.35""","68° 37' 34.31""",46 50 44.35,68 37 34.31,<2.5,<1,0,-,-,-,1.3,-,-,-,-,-,-,,2,,46° 50 44.35,68° 37 34.31,,,,,7,290,3.11,93,41,11,373,3.31,113,34,,,,,,0.81,18.74,4.94,0.068,0.47,0.1441,0.82,,,,,,-,,,,,,5.210882,,,,,,,34.4,,19.01947,,,0.46,6.06,,0.17,,6.2,,,,,,,,,
7/24/21,HB-1,Bal-9,,,,,Populus ,balsamifera,"46° 50' 44.31""","68° 37' 34.44""",46 50 44.31,68 37 34.44,<2.5,<1,0,-,-,-,1.2,-,-,-,-,-,-,,2,,46° 50 44.31,68° 37 34.44,,,,,19,702,2.74,256,37,6,366,2.61,140,61,,,,,,0.77,15.99,3.22,0.067,0.47,0.1829,0.79,,,,,,-,,,,,,12.89387,,,,,,,,3.1,13.54509,,,0.19,7.09,,0.61,,,,,,,,,,,
7/24/21,HB-1,Bal-10,,,,,Populus ,balsamifera,"46° 50' 44.74""","68° 37' 34.40""",46 50 44.74,68 37 34.40,<2.5,<1,0,-,-,-,1.4,-,-,-,-,-,-,,2,,46° 50 44.74,68° 37 34.40,,,,,8,284,2.65,107,36,8,547,4.74,115,68,,,,,,0.83,31.79,2.44,0.062,0.47,0.2224,0.83,,,,,,-,,,,,,21.14851,,,0.63,1.13,,0.15,,2.7,,,,,,,,,,,,,,,,,,
7/24/21,HB-1,Bal-11,,,,,Populus ,balsamifera,"46° 50' 44.75""","68° 37' 34.48""",46 50 44.75,68 37 34.48,<2.5,<1,0,-,-,-,2.2,-,-,-,-,-,-,,1,,46° 50 44.75,68° 37 34.45,,,,,9,199,2.41,83,22,,,1.85,0,#DIV/0!,,,,,,0.81,27.73,2.89,0.059,0.47,0.2326,0.78,,,,,,-,,,,,,,,,,,,,,3.8,12.92278,,,0.24,6.19,,0.28,,,,,,,,,,,
7/26/21,HB-1,Bal-12,,,,,Populus ,balsamifera,"46° 50' 44.88""","68° 37' 33.23""",46 50 44.88,68 37 33.23,<2.5,<1,0,-,-,-,2.8,-,-,-,-,-,-,,2,Flooded-Under water,,,,,,,9,229,0.98,233,25,,,,#DIV/0!,#DIV/0!,,,,,,0.82,30.20,2.64,0.065,0.47,0.3068,-,,,,,,-,,,,,,12.18238,,,0.31,5.9,,0.26,,2.5,,,,,,,,,,,,,,,,,,
7/24/21,HB-1,Bal-13,,,,,Populus ,balsamifera,"46° 50' 44.98""","68° 37' 32.98""",46 50 44.98,68 37 32.98,<2.5,<1,0,-,-,-,3.0,,-,3.0,-,0.5,55,,1,,46° 50 44.98,68° 37 32.98,,,,,12,197,2.08,45,16,18,442,4.41,100,25,,,,,,0.85,11.92,1.31,0.076,0.47,,0.84,,,,,,-,,,,,,,1.79,47.1,,,,,,0.8,23.45314,,,0.82,3.2,,0.25,,,,,,,,,,,
7/24/21,HB-1,Bal-14,,,,,Populus ,balsamifera,"46° 50' 45.15""","68° 37' 32.79""",46 50 45.15,68 37 32.79,4.1,1.6,0,15,23,0,6.4,5,21,,5,-20.0,80,,1,,46° 50 45.15,68° 37 32.79,,,,,11,336,6.56,51,31,15,343,3.10,111,23,,,,,,0.79,25.58,3.18,0.067,0.47,0.2725,0.79,,,,,,-,,,,,,15.42473,,,0.41,3.73,,0.23,47.0,4.9,,,,0.32,5.41,,0.14,,,,,,,,,,52,2.1
7/24/21,HB-1,Bal-15,,,,,Populus ,balsamifera,"46° 50' 45.22""","68° 37' 32.84""",46 50 45.22,68 37 32.84,3.6,1.4,0,-,-,-,3.0,4,23,,4,-18.0,90,,1,,46° 50 45.22,68° 37 32.84,,,,,11,203,1.90,107,18,13,371,3.28,113,29,,,,,,0.76,26.98,2.68,0.078,0.47,0.2729,0.83,,,,,,-,,,,,,8.767998,,,0.59,1.48,,0.17,43.8,2.6,10.7967,,,0.17,1.83,,0.1,,,,,,,,,,,5
7/24/21,HB-1,Bal-16,,,,,Populus ,balsamifera,"46° 50' 45.16""","68° 37' 32.97""",46 50 45.16,68 37 32.97,<2.5,<1,0,-,-,-,2.5,-,-,2.5,-,0.5,30,,1,,46° 50 45.16,68° 37 32.97,,,,,9,157,1.24,366,50,11,211,1.64,129,19,,,,,,0.84,11.58,0.79,0.067,0.47,0.1113,0.81,,,,,,-,,,,,,15.24851,,,1.11,3.28,,0.43,38,3,18.30047,,,,,,,,1.5,,,,,,,,,
7/26/21,HB-1,Bal-17,,,,,Populus ,balsamifera,"46° 50' 44.91""","68° 37' 32.69""",46 50 44.91,68 37 32.69,2.8,1.1,0,12 ft,33,0,#VALUE!,3,27,,3,-24.0,30,,1,,46° 50 44.95,68° 37 32.69,,,,,16,279,1.88,148,17,17,446,4.81,93,26,,,,,,0.83,19.48,1.42,0.069,0.47,0.2367,0.82,,,,,,-,,,,,,15.49649,,,0.33,2.95,,0.2,,1.2,19.12966,,,0.43,5.43,,0.38,,,,,,,,,,,
7/26/21,HB-1,Bal-18,,,,,Populus ,balsamifera,"46° 50' 45.10""","68° 37' 33.02""",46 50 45.10,68 37 33.02,<2.5,<1,0,-,-,-,3.0,-,-,3.0,-,0.5,30,,1,,,,,,,,8,221,2.12,104,28,7,153,1.66,92,22,,,,,,0.74,8.44,3.33,0.059,0.47,0.0653,0.82,,,,,,-,,,,,,27.94525,,,0.85,0.09,,0.08,,2.1,13.69591,,,0.39,5.61,,0.21,,,,,,,,,,,
7/26/21,HB-1,Bal-19,,,,,Populus ,balsamifera,"46° 50' 45.05""","68° 37' 33.09""",46 50 45.05,68 37 33.09,<2.5,<1,0,-,-,-,2.3,-,-,2.3,-,0.3,45,,1,,,,,,,,11,541,3.62,149,49,9,557,5.12,109,62,,,,,,0.75,17.39,3.09,0.064,0.47,0.3288,0.70,,,,,,-,,,,,,13.29831,,,0.46,6.85,,0,,2.1,,,,,,,,,,,,,,,,,,
7/26/21,HB-1,Bal-28,,,,,Populus ,balsamifera,"46° 50' 44.58""","68° 37' 36.55""",46 50 44.58,68 37 36.55,<2.5,<1,0,-,-,-,0.9,-,-,-,-,-,-,,3,Moose activity,,,,,,,22,232,2.11,110,11,,,,#DIV/0!,#DIV/0!,,,,,,0.81,21.65,1.46,0.062,0.47,,-,,,,,,-,,,,,,12.93018,,,0.17,3.22,,0.32,,2.7,,,,,,,,56.5,,,,,,,,,,
7/26/21,HB-1,Bal-29,,,,,Populus ,balsamifera,"46° 50' 44.66""","68° 37' 35.74""",46 50 44.66,68 37 35.74,<2.5,<1,0,-,-,-,0.9,-,-,-,-,-,-,,1,,46° 50 44.66,68° 37 35.74,,,,,12,343,2.55,135,29,,,,#DIV/0!,#DIV/0!,,,,,,0.81,31.15,2.51,0.058,0.47,,-,,,,,,-,,,,,,5.170313,,,,,,,30.4,,,,,,,,,,8.5,,,,0.27,6.16,,0.21,,
7/26/21,HB-1,Bal-30,,,,,Populus ,balsamifera,"46° 50' 44.65""","68° 37' 35.93""",46 50 44.65,68 37 35.93,<2.5,<1,0,-,-,-,0.9,-,-,-,-,-,-,,1,,46° 50 44.65,68° 37 35.93,,,,,13,454,4.40,#REF!,#REF!,,,,#DIV/0!,#DIV/0!,,,,,,0.82,36.29,4.02,0.065,0.47,,-,,,,,,-,,,,,,,1.89,46.3,,,,,,3.3,,,,,,,,,,,,,,,,,,
,HB-1,Bal-43,,,,,Populus ,balsamifera,"46° 50' 45.52""","68° 37' 34.08""",46 50 45.52,68 37 34.08,<2.5,<1,0,-,-,-,1.1,-,-,-,-,-,-,,2,,,,,,,,20,362,3.27,111,18,,,,#DIV/0!,#DIV/0!,,,,,,0.81,23.71,3.21,0.062,0.47,,-,,,,,,-,,,,,,,,,,,,,,,,,,,,,,,,,,,,,,,,
,HB-1,Bal-44,,,,,Populus ,balsamifera,"46° 50' 45.55""","68° 37' 34.35""",46 50 45.55,68 37 34.35,<2.5,<1,0,-,-,-,1.1,-,-,-,-,-,25,,2,,,,,,,,14,270,2.49,108,19,,,,#DIV/0!,#DIV/0!,,,,,,0.81,16.65,1.95,0.07,0.47,,-,,,,,,-,,,,,,15.30972,,,0.05,3.14,,0.16,,2.3,,,,,,,,,,,,,,,,,,
,HB-1,Bal-46,,,,,Populus ,balsamifera,"46° 50' 45.57""","68° 37' 34.74""",46 50 45.57,68 37 34.74,<2.5,<1,0,-,-,-,1.3,-,-,1.3,-,-,30,,1,,,,,,,,12,219,,#DIV/0!,18,,,,#DIV/0!,#DIV/0!,,,,,,0.83,17.89,1.74,0.066,0.47,,-,,,,,,-,,,,,,21.67215,,,0.39,0,,0.09,,2.9,,,,,,,,,,,,,,,,,,
,HB-1,Bal-47,,,,,Populus ,balsamifera,"46° 50' 45.55""","68° 37' 34.86""",46 50 45.55,68 37 34.86,<2.5,<1,0,-,-,-,2.3,-,-,2.3,-,-,35,,1,,,,,,,,10,221,2.55,87,22,,,,#DIV/0!,#DIV/0!,,,,,,0.82,16.80,1.90,0.067,0.47,,-,,,,,,-,,,,,,18.31069,,,0.46,3.78,,0.18,,3.8,,,,,,,,,,,,,,,,,,
,HB-1,Bal-55,,,,,Populus ,balsamifera,"46° 50' 45.76""","68° 37' 35.75""",46 50 45.76,68 37 35.75,<2.5,<1,0,-,-,-,2.2,-,-,-,-,-,-,,2,Moose activity ,,,,,,,8,255,2.15,,,,,,#DIV/0!,#DIV/0!,,,,,,0.66,,,,,,-,,,,,,-,,,,,,,,,0.18,5.94,,,,3.8,,,,,,,,,,,,,,,,,,
,HB-1,Bal-57,,,,,Populus ,balsamifera,"46° 50' 46.42""","68° 37' 35.37""",46 50 46.42,68 37 35.37,12.8,5.1,1,9.4,60,0,16.3,12,58,,12,30.0,45,,2,,,,,,,,,,1.52,,,,,,#DIV/0!,#DIV/0!,,,,,,-,,,,,,-,,,,,,-,,,,,,,,,,,,,,,,,,,,,,,,,,,,,,,,
,HB-1,Bal-58,,,,,Populus ,balsamifera,"46° 50' 46.33""","68° 37' 35.28""",46 50 46.33,68 37 35.28,21.1,8.3,0,9.6,50,0,11.4,13,45,,13,27.0,60,,2,,,,,,,,,,,,,,,,#DIV/0!,#DIV/0!,,,,,,-,,,,,,-,,,,,,-,,,,,,,,,,,,,,,,,,,,,,,,,,,,,,,,
,HB-1,Asp-59,,,,,Populus ,tremuloides,"46° 50' 46.56""","68° 37' 35.57""",46 50 46.56,68 37 35.57,15.5,6.1,0,11.95,54,0,16.4,-,-,-,-,-,-,,3,DEAD,,,,,,,,,2.80,,,,,2.34,0,#DIV/0!,,,,,,-,,,,,,-,,,,,,-,,,,,,,,,,,,,,,,,,,,,,,,,,,,,,,,
,HB-1,Big-54,,,,,Populus ,grandidentata,"46° 50' 46.17""","68° 37 36.07""",46 50 46.17,68 37 36.07,<2.5,<1,0,-,-,-,0.8,-,-,-,-,-,-,,3,DEAD,,,,,,,13,104,0.68,153,8,,,,#DIV/0!,#DIV/0!,,,,,,0.82,30.61,1.63,0.065,0.47,,-,,,,,,-,,,,,,,,,,,,,,3.7,,,,,,,,,,,,,,,,,,
7/27/21,HB-2,Big-3,,,,,Populus ,grandidentata,"46° 53' 25.16""","68° 37' 34.36""",46 53 25.16,68 37 34.36,10.9,4.3,0,9,-2,-,#VALUE!,-,-,-,-,-,-,,3,DEAD,,,,,,,32,198,1.98,100,6,32,248,2.28,109,8,,,,,,,8.06,0.98,0.049,0.47,0.0324,,,,,,,,,,,,,,,,,,,,31,,,,,,,,,,,,,,,,,,,
,HB-2,Asp-48,,,,,Populus ,tremuloides,,,,,,,,,,,0.0,,,,,,,,,,,,,,,,26,247,,#DIV/0!,10,,,,#DIV/0!,#DIV/0!,,,,,,,7.15,1.93,0.036,0.47,0.0481,,,,,,,,,,,,,,,,,,,,,,,,,,,,,,,,,,,,,,,6
,HB-2,Asp-50,,,,,Populus ,tremuloides,,,,,,,,,,,0.0,,,,,,,,,,,,,,,,,,2.65,0,#DIV/0!,,,,#DIV/0!,#DIV/0!,,,,,,,18.97,1.34,0.054,0.47,0.1370,,,,,,,,,,,,,,,,,,,,,,,,,,,,,,,,,,,,,,,
7/27/21,HB-2,Bal-5,,,,,Populus ,balsamifera,"46° 53' 25.16""","68° 37' 34.37""",46 53 25.16,68 37 34.37,5.1,2.0,0,9,-3,0,-0.5,9,25,,9,10.0,20,,2,Bent,,,,,,,13,539,5.02,107,41,,,,#DIV/0!,#DIV/0!,,,,,,,27.94,2.24,0.072,0.47,0.3345,,,,,,,,,,,,,11,,,,,,,41,7,,,,,,,,,,,,,,,,,,
,HB-2,Bal-35,,,,,Populus ,balsamifera,,,,,,,,,,,0.0,,,,,,,,,,,,,,,,10,330,6.23,53,33,,,,#DIV/0!,#DIV/0!,,,,,,,11.83,0.60,0.055,0.47,0.0750,,,,,,,,,,,,,,,,,,,,,,,,,,,,,,,,,,,,,,,
,HB-2,Bal-36,,,,,Populus ,balsamifera,,,,,,,,,,,0.0,,,,,,,,,,,,,,,,12,495,3.40,146,41,,,,#DIV/0!,#DIV/0!,,,,,,,11.47,0.79,0.075,0.47,0.1121,,,,,,,,,,,,,25.2,,,,,,,44,6.7,,,,,,,,,,,,,,,,,,
,HB-2,Bal-37,,,,,Populus ,balsamifera,,,,,,,,,,,0.0,,,,,,,,,,,,,,,,16,280,3.38,83,18,,,,#DIV/0!,#DIV/0!,,,,,,,5.24,2.89,0.048,0.47,0.0142,,,,,,,,,,,,,,,,,,,,,,,,,,,,,,,,,,,,,,,
,HB-2,Bal-38,,,,,Populus ,balsamifera,,,,,,,,,,,0.0,,,,,,,,,,,,,,,,17,400,3.62,110,24,,,,#DIV/0!,#DIV/0!,,,,,,,10.20,0.77,0.062,0.47,0.1162,,,,,,,,,,,,,26.8,,,,,,,36,8.1,,,,,,,,,,,,,,,,,,
,HB-2,Bal-39,,,,,Populus ,balsamifera,,,,,,,,,,,0.0,,,,,,,,,,,,,,,,21,440,3.95,111,21,,,,#DIV/0!,#DIV/0!,,,,,,,14.91,0.91,0.07,0.47,0.1066,,,,,,,,,,,,,9.4,,,,,,,44.9,21.1,,,,,,,,,,,,,,,,,,
,HB-2,Bal-40,,,,,Populus ,balsamifera,,,,,,,,,,,0.0,,,,,,,,,,,,,,,,18,510,4.29,119,28,,,,#DIV/0!,#DIV/0!,,,,,,,18.88,2.52,0.053,0.47,0.2715,,,,,,,,,,,,,25.6,,,,,,,41,6.3,,,,,,,,,,,,,,,,,,
,HB-2,Bal-41,,,,,Populus ,balsamifera,"46° 53' 30.29""","68° 37' 34.59""",46 53 30.29,68 37 34.59,<2.5,<1,0,-,-,-,2.5,-,-,2.5,-,-,85,,1,,,,,,,,12,420,,#DIV/0!,35,,,,#DIV/0!,#DIV/0!,,,,,,,10.75,0.78,0.065,0.47,0.0983,,,,,,,,,,,,,,1.00,45.5,,,,,45,9.3,,,,,,,,,,,,,,,,,,
,HB-2,Bal-42,,,,,Populus ,balsamifera,,,,,,,,,,,0.0,,,,,,,,,,,,,,,,16,333,3.20,104,21,,,,#DIV/0!,#DIV/0!,,,,,,,16.16,1.05,0.072,0.47,0.1699,,,,,,,,,,,,,10,,,,,,,36,6,,,,,,,,,,,,,,,,,,
,HB-2,Bal-43,,,,,Populus ,balsamifera,,,,,,,,,,,0.0,,,,,,,,,,,,,,,,23,453,6.48,70,20,,,,#DIV/0!,#DIV/0!,,,,,,,18.39,2.54,0.064,0.47,0.2315,,,,,,,,,,,,,14.4,,,,,,,44,14.8,,,,,,,,,,,,,,,,,,
,HB-2,Bal-44,,,,,Populus ,balsamifera,,,,,,,,,,,0.0,,,,,,,,,,,,,,,,12,410,3.62,113,34,,,,#DIV/0!,#DIV/0!,,,,,,,,,,0.47,,,,,,,,,,,,,,4.5,,,,,,,41,3.7,,,,,,,,,,,,,,,,,,
,HB-2,Bal-46,,,,,Populus ,balsamifera,"46° 53' 30.21""","68° 37' 33.96""",46 53 30.21,68 37 33.96,<2.5,<1,0,-,-,0,3.5,-,-,3.5,-,-,95,,1,,,,,,,,,,,,,,,,#DIV/0!,#DIV/0!,,,,,,,,,,,,,,,,,,,,,,,,,,,,,,,,,,,,,,,,,,,,,,,,,,
,HB-2,Bal-49,,,,,Populus ,balsamifera,,,,,,,,,,,0.0,,,,,,,,,,,,,,,,20,535,5.26,102,27,,,,#DIV/0!,#DIV/0!,,,,,,,19.51,1.51,0.065,0.47,0.2076,,,,,,,,,,,,,11.1,,,,,,,56,8.7,,,,,,,,,,,,,,,,,,
7/27/21,HB-2,Big-1,,,,,Populus ,grandidentata,"46° 53' 25.18""","68° 37' 34.64""",46 53 25.18,68 37 34.64,8.4,3.3,0,7.3,-2,0,-0.3,7.3,56,,7.3,25.0,40,,1,,,,,,,,16,336,2.66,126,21,11,272,1.74,156,25,,,,#DIV/0!,#DIV/0!,,25.39,2.30,0.067,0.47,0.2703,,,,,,,,,,,,,26.15666,,,0.19,0.38,,0.6,,,24.3823,,,,,,,31,7.3,,,,,,,,,
7/27/21,HB-2,Big-2,,,,,Populus ,grandidentata,"46° 53' 25.17""","68° 37' 34.48""",46 53 25.17,68 37 34.48,8.9,3.5,1,8,-2,0,-0.3,8,58,,8,21.0,45,,1,,,,,,,,14,388,3.17,122,28,15,502,3.25,154,33,,,2.75,0,#DIV/0!,,26.43,1.97,0.065,0.47,0.2231,,,,,,,,,,,,,30.58716,,,,,,,28,4,26.98315,,,,,,,,5.2,34.26478,,,,,,,,3.5
7/27/21,HB-2,Big-4,,,,,Populus ,grandidentata,"46° 53' 25.12""","68° 37' 34.10""",46 53 25.12,68 37 34.10,13.1,5.2,1,9,-4,0,-0.6,9,58,,9,11.0,40,,2,,,,,,,,16,535,4.97,108,33,14,496,4.75,104,35,,,4.92,0,#DIV/0!,,2.85,0.60,0.106,0.47,0.0114,,,,,,,,,,,,,38.54643,,,,,,,,6.5,40.33611,,,,,,,40,,36.94491,,,,,,,,4.2
7/27/21,HB-2,Asp-6,,,,,Populus ,tremuloides,46 53 25.13,68 37 34.50,46 53 25.13,68 37 34.50,27.9,11.0,0,12,-5,0,-1.0,12,60,,12,33.0,80,,1,,,,,,,,17,445,,#DIV/0!,26,,,,#DIV/0!,#DIV/0!,,,,#DIV/0!,#DIV/0!,,21.94,1.38,0.058,0.47,0.1326,,,,,,,,,,,,,,,,,,,,,,,,,,,,,,,,,,,,,,,
7/27/21,HB-2,Big-7,,,,,Populus ,grandidentata,"46° 53' 25.53""","68° 37' 33.73""",46 53 25.53,68 37 33.73,7.5,3.0,1,10,31,6,12.0,10,64,,10,49.0,30,,2,,,,,,,,14,301,2.98,101,22,16,617,4.85,127,39,,,,#DIV/0!,#DIV/0!,,0.23,0.05,0.013,0.47,-0.0095,,,,,,,,,,,,,28.93208,,,,,,,32,1.2,28.93208,,,,,,,,1.2,,,,,,,,,
7/27/21,HB-2,Big-8,,,,,Populus ,grandidentata,"46° 53' 25.58""","68° 37' 33.29""",46 53 25.58,68 37 33.29,12.4,4.9,2,13.5,18,7,11.4,13.5,55,,13.5,28.0,50,,2,,,,,,,,19,431,3.87,111,23,14,681,4.67,146,49,,,,#DIV/0!,#DIV/0!,,5.56,0.00,0.002,0.47,0.0051,,,,,,,,,,,,,,,,,,,,30.1,,,,,,,,,28.3,1.2,,,,,,,,,
7/27/21,HB-2,Big-9,,,,,Populus ,grandidentata,"46° 53' 25.62""","68° 37' 32.65""",46 53 25.62,68 37 32.65,9.7,3.8,1,13.3,15,6,9.6,13.3,54,,13.3,23.0,55,,1,,,,,,,,21,601,4.73,127,29,16,348,,#DIV/0!,22,,,3.41,0,#DIV/0!,,0.42,0.26,0.011,0.47,0.0036,,,,,,,,,,,,,30.04127,,,,,,,,3.5,26.61714,,,,,,,32.3,3.4,28.00236,,,,,,,34,3.6
7/27/21,HB-2,Big-10,,,,,Populus ,grandidentata,"46° 53' 25.53""","68° 37' 32.68""",46 53 25.53,68 37 32.68,5.1,2.0,0,11.3,11,5,7.2,11.3,51,,11.3,19.0,60,,1,,,,,,,,13,535,5.28,101,41,18,424,2.97,143,24,,,4.95,0,#DIV/0!,,0.40,0.35,0.039,0.47,-0.0012,,,,,,,,,,,,,,2.64,48.7,,,,,,3.9,,2.67,48.5,,,,,,6.5,,2.61,48.8,,,,,,
7/27/21,HB-2,Big-11,,,,,Populus ,grandidentata,"46° 53' 25.49""","68° 37' 32.56""",46 53 25.49,68 37 32.56,7.4,2.9,0,11.3,12,6,8.4,11.3,48,,11.3,26.0,40,,1,,,,,,,,15,665,,#DIV/0!,44,19,746,4.41,169,39,,,,#DIV/0!,#DIV/0!,,2.89,2.65,0.108,0.47,0.0018,,,,,,,,,,,,,,2.74,47.3,,,,,,2.8,,2.78,47.0,,,,,,2,,,,,,,,,
7/27/21,HB-2,Big-12,,,,,Populus ,grandidentata,46° 53 25.52,68° 37 31.70,46 53 25.52,68 37 31.70,8.4,3.3,0,8,-10,0,-1.4,8,47,,8,3.0,35,,1,,,,,,,,,1.165,3.42,,,,,0.25,0,#DIV/0!,,,,#DIV/0!,#DIV/0!,,,,,,,,,,,,,,,,,,,,2.14,46.6,,,,,,5.7,,,,,,,,,,,,,,,,,,
,HB-2,Asp-16,,,,,Populus ,tremuloides,"46° 53' 25.82""","68° 37' 31.36""",46 53 25.82,68 37 31.36,28.8,11.3,0,10,-9,0,-1.6,10,66,,10,28.0,90,,1,,,,,,,,,,2.75,,,,,3.05,0,#DIV/0!,,,5.08,0,#DIV/0!,,,,,,,,,,,,,,,,,,,,,,,,,,,,,,,,,,,,,,,,,,,,,
,HB-2,Big-45,,,,,Populus ,grandidentata,,,,,,,,,,,0.0,,,,,,,,,,,,,,,,,,5.93,,,,777,,#DIV/0!,#DIV/0!,,,,#DIV/0!,#DIV/0!,,,,,,,,,,,,,,,,,,,,,,,,,,,,,,,,,,,,,,,,,,,,,
7/27/21,HB-2,Asp-13,,,,,Populus ,tremuloides,46° 53 25.52,68° 37 31.48,46 53 25.52,68 37 31.48,5.5,2.2,0,10,-2,0,-0.3,8,47,,8,3.0,35,,1,,,,,,,,,,2.15,,3,,,2.45,0,#DIV/0!,,,,#DIV/0!,#DIV/0!,,,,,,,,,,,,,,,,,,,,,,,,,,,,,,,,,,,,,,,,,,,,,
7/27/21,HB-2,Asp-14,,,,,Populus ,tremuloides,46° 53 25.61,68° 37 31.67,46 53 25.61,68 37 31.67,25.5,10.1,0,9,4,0,0.6,9,62,,9,24.0,85,,1,,,,,,,,,,,,,,,,#DIV/0!,#DIV/0!,,,,#DIV/0!,#DIV/0!,,,,,,,,,,,,,,,,,,,,,,,,,,,,,,,,,,,,,,,,,,,,,
7/27/21,HB-2,Asp-15,,,,,Populus ,tremuloides,46° 53 25.40,68° 37 31.42,46 53 25.4,68 37 31.42,16.5,6.5,0,16,-1,0,-0.3,16,50,,16,31.0,25,,2,,,,,,,,,,,,,,,,#DIV/0!,#DIV/0!,,,,#DIV/0!,#DIV/0!,,,,,,,,,,,,,,,,,,,,,,,,,,,,,,,,,,,,,,,,,,,,,
7/27/21,HB-2,Asp-16,,,,,Populus ,tremuloides,46° 53 25.82,68° 37 31.36,46 53 25.82,68 37 31.36,,,,,,,0.0,,,,,,,,,,,,,,,,,,,,,,,,#DIV/0!,#DIV/0!,,,,#DIV/0!,#DIV/0!,,,,,,,,,,,,,,,,,,,,,,,,,,,,,,,,,,,,,,,,,,,,,
7/27/21,HB-2,Asp-17,,,,,Populus ,tremuloides,46° 53 25.51,68° 37 30.78,46 53 25.51,68 37 30.78,21.1,8.3,0,13,-3,0,-0.7,12,65,,12,36.0,60,,1,,,,,,,,,,,,,,,,#DIV/0!,#DIV/0!,,,,#DIV/0!,#DIV/0!,,,,,,,,,,,,,,,,,,,,,,,,,,,,,,,,,,,,,,,,,,,,,
7/27/21,HB-2,Asp-18,,,,,Populus ,tremuloides,46° 53 26.06,68° 37 30.94,46 53 26.06,68 37 30.94,13.5,5.3,0,13,-30,0,-7.5,13,63,,13,22.0,40,,1,,,,,,,,,,,,,,,,#DIV/0!,#DIV/0!,,,,#DIV/0!,#DIV/0!,,,,,,,,,,,,,,,,,,,,,,,,,,,,,,,,,,,,,,,,,,,,,
7/27/21,HB-2,Asp-19,,,,,Populus ,tremuloides,46° 53 26.10,68° 37 30.99,46 53 26.1,68 37 30.99,19.6,7.7,2,13,-4,0,-0.9,13,51,,13,24.0,15,,3,Height of tree 56 degrees,,,,,,,,,,,,,,,#DIV/0!,#DIV/0!,,,,#DIV/0!,#DIV/0!,,,,,,,,,,,,,,,,,,,,,,,,,,,,,,,,,,,,,,,,,,,,,
7/27/21,HB-2,Asp-20,,,,,Populus ,tremuloides,46° 53 26.16,68° 37 30.93,46 53 26.16,68 37 30.93,19.8,7.8,0,12,-2,0,-0.4,12,57,,12,15.0,70,,1,,,,,,,,,,,,,,,,#DIV/0!,#DIV/0!,,,,#DIV/0!,#DIV/0!,,,,,,,,,,,,,,,,,,,,,,,,,,,,,,,,,,,,,,,,,,,,,
7/28/21,HB-2,Asp-21,,,,,Populus ,tremuloides,46° 53 26.97,68° 37 31.70,46 53 26.97,68 37 31.7,25.9,10.2,0,13,2,0,0.5,13,61,,13,33.0,65,,1,,,,,,,,,,,,,,,,#DIV/0!,#DIV/0!,,,,#DIV/0!,#DIV/0!,,,,,,,,,,,,,,,,,,,,,,,,,,,,,,,,,,,,,,,,,,,,,
7/28/21,HB-2,Asp-22,,,,,Populus ,tremuloides,"46° 53' 27.18""","38° 37' 31.75""",46 53 27.18,38 37 31.75,13.5,5.3,1,12,-2,0,-0.4,12,55,,12,28.0,45,,1,,,,,,,,,,,,,,,,#DIV/0!,#DIV/0!,,,,#DIV/0!,#DIV/0!,,,,,,,,,,,,,,,,,,,,,,,,,,,,,,,,,,,,,,,,,,,,,
,HB-2,Asp-24,,,,,Populus ,tremuloides,"46° 53' 27.58""","68° 37' 31.97""",46 53 27.58,68 37 31.97,14.2,5.6,0,10,-5,0,-0.9,10,64,,10,35.0,40,,1,,,,,,,,,,,,,,,,#DIV/0!,#DIV/0!,,,,#DIV/0!,#DIV/0!,,,,,,,,,,,,,,,,,,,,,,,,,,,,,,,,,,,,,,,,,,,,,
,HB-2,Asp-25,,,,,Populus ,tremuloides,"46° 53' 27.66""","68° 37' 32.22""",46 53 27.66,68 37 32.22,13.7,5.4,0,10,-3,0,-0.5,10,68,,10,33.0,50,,1,,,,,,,,,,,,,,,,#DIV/0!,#DIV/0!,,,,#DIV/0!,#DIV/0!,,,,,,,,,,,,,,,,,,,,,,,,,,,,,,,,,,,,,,,,,,,,,
,HB-2,Asp-27,,,,,Populus ,tremuloides,,,,,25.3,10.0,0,12,9,0,1.9,12,65,,12,40.0,90,,1,Enbankment to right of open,,,,,,,,,,,,,,,#DIV/0!,#DIV/0!,,,,#DIV/0!,#DIV/0!,,,,,,,,,,,,,,,,,,,,,,,,,,,,,,,,,,,,,,,,,,,,,
,HB-2,Asp-28,,,,,Populus ,tremuloides,,,,,18.7,7.4,0,14,12,0,3.0,14,63,,14,42.0,60,,1,Enbankment to right of open. Base of cliff -8 degrees,,,,,,,,,,,,,,,#DIV/0!,#DIV/0!,,,,#DIV/0!,#DIV/0!,,,,,,,,,,,,,,,,,,,,,,,,,,,,,,,,,,,,,,,,,,,,,
,HB-2,Asp-29,,,,,Populus ,tremuloides,,,,,25.4,10.0,0,14,-4,0,-1.0,14,59,,14,30.0,75,,1,Enbankment to right of open,,,,,,,,,,,,,,,#DIV/0!,#DIV/0!,,,,#DIV/0!,#DIV/0!,,,,,,,,,,,,,,,,,,,,,,,,,,,,,,,,,,,,,,,,,,,,,
,HB-2,Asp-30,,,,,Populus ,tremuloides,,,,,34.9,13.8,0,13,-5,0,-1.1,13,42,,13,41.0,2,,3,DEAD. On bend. Ht. 62 degrees. ,,,,,,,,,,,,,,,#DIV/0!,#DIV/0!,,,,#DIV/0!,#DIV/0!,,,,,,,,,,,,,,,,,,,,,,,,,,,,,,,,,,,,,,,,,,,,,
,HB-2,Bal-31,,,,,Populus ,tremuloides,"46° 53' 29.59""","68° 37' 32.95""",46 53 29.59,68 37 32.95,10.7,4.2,0,5,-18,0,-1.6,5,42,,5,11.0,60,,1,,,,,,,,,,,,,,,,#DIV/0!,#DIV/0!,,,,#DIV/0!,#DIV/0!,,,,,,,,,,,,,,,,,,,,,,,,,,,,,,,,,,,,,,,,,,,,,
,HB-2,Asp-32,,,,,Populus ,tremuloides,,,,,14.2,5.6,0,7,-15,0,-1.9,7,63,,7,23.0,,,1,By the road by field.,,,,,,,22,433,,,,26,535,,#DIV/0!,21,26,422,,#DIV/0!,16,,,,,,,,,,,,,,,,,,,,2.21,47.6,,,,,29,8.3,,2.10,46.5,,,,,,,,2.20,46.7,,,,,27,3.1
,HB-2,Asp-33,,,,,Populus ,tremuloides,,,,,4.8,1.9,0,6,-13,0,-1.4,6,27,,6,-1.0,55,,1,By the road by field.,,,,,,,42,389,,,,35,296,3.22,92,8,,,,#DIV/0!,#DIV/0!,,,,,,,,,,,,,,,,,,,,,,,,,,34,5.2,,,,,,,,,,,,,,,,,,
,HB-2,Asp-34,,,,,,,,,,,5.0,2.0,0,10,-10,0,-1.8,10,14,,10,5.0,70,,1,By the road by field.,,,,,,,,,,,,,,,#DIV/0!,#DIV/0!,,,,#DIV/0!,#DIV/0!,,,,,,,,,,,,,,,,,,,,,,,,,,,,,,,,,,,,,,,,,,,,,
,HB-2,ASp-50,,,,,Populus ,tremuloides,,,,,,,,,,,0.0,,,,,,,,,,,,,,,,,,2.65,,,,,,#DIV/0!,#DIV/0!,,,,#DIV/0!,#DIV/0!,,,,,,,,,,,,,,,,,,,,,,,,,,,4.3,,,,,,,,,,,,,,,,,,
,HB-2,Asp-51,,,,,Populus ,tremuloides,"46° 53' 30.17""","68° 37' 33.62""",46 53 30.17,68 37 33.62,4.4,1.8,0,-,-,0,4.5,-,-,4.5,-,0.3,40,,1,,,,,,,,,,,,,,,,#DIV/0!,#DIV/0!,,,,#DIV/0!,#DIV/0!,,,,,,,,,,,,,,,,,,,,,,,,,,,,,,,,,,,,,,,,,,,,,
,HB-2,Big-45,,,,,Populus ,grandidentata,,,,,,,,,,,0.0,,,,,,,,,,,,,,,,13,475,,#DIV/0!,37,,,,#DIV/0!,#DIV/0!,,,,#DIV/0!,#DIV/0!,,17.47,2.38,0.065,0.47,0.1333,,,,,,,,,,,,,,,,,,,,,4,,,,,,,,,,,,,,,,,,
,RR-1,Asp-4,,,,,Populus ,tremuloides,"46° 55' 34.35""","68° 42' 37.79""",-,-,8.1,3.2,0,10,-10,0,-1.8,10,44,,10,17.0,50,,1,,46° 55 34.35,68° 42 37.78,,,,,,,3.08,0,#DIV/0!,,,,#DIV/0!,#DIV/0!,,,,#DIV/0!,#DIV/0!,0.82,2.40,0.92,0.082,0.47,0.0140,-,-,-,-,-,-,-,-,-,-,-,-,,,,,,,,,,,,,,,,,,,,,,,,,,,
,RR-1,Asp-5,,,,,Populus ,tremuloides,"46° 55' 34.38""","68° 42' 38.17""",46 55 34.52,68 42 39.99,19.7,7.8,2,10,-10,0,-1.8,10,66,,10,22.0,75,,1,,46° 55 34.38,68° 42 38.17,46° 55 34.52,68° 42 37.99,,,,,3.91,0,#DIV/0!,,,2.20,0,#DIV/0!,,,,#DIV/0!,#DIV/0!,0.83,2.61,0.83,0.052,0.47,0.0097,0.77,-,-,-,-,-,-,-,-,-,-,-,,,,,,,,,,,,,,,,,,,,,,,,,,,
,RR-1,Asp-6,,,,,Populus ,tremuloides,"46° 55' 34.56""","68° 42' 38.34""",46 55 34.56,68 42 38.34,18.9,7.5,1,13,-6,0,-1.4,13,53,,13,23.0,70,,1,,,,,,,,,,3.40,0,#DIV/0!,,,4.64,0,#DIV/0!,,,,#DIV/0!,#DIV/0!,0.85,15.49,1.58,0.057,0.47,0.0955,0.81,-,-,-,-,-,-,-,-,-,-,-,,,,,,,,,,,,,,,,,,,,,,,,,,,
,RR-1,Asp-8,,,,,Populus ,tremuloides,"46° 55' 34.86""","68° 42' 38.68""",-,-,27.4,10.8,0,19,-1,0,-0.3,19,50,,19,20.0,90,,1,,46° 55 34.86,68° 42 38.68,,,,,19,325,2.59,125,17,,,,#DIV/0!,#DIV/0!,,,,#DIV/0!,#DIV/0!,0.84,21.81,2.30,0.076,0.47,0.3002,-,-,-,-,-,-,-,-,-,-,-,-,,2.14,48.0,1.38,0.73,,0.57,38,,,,,,,,,,,,,,,,,,,
,RR-1,Asp-9,,,,,Populus ,tremuloides,"46° 55' 34.81""","68° 42' 38.40""",46 55 34.81,68 42 38.40,3.3,1.3,0,-,-,0,3.0,-,-,3.0,-,2.5,15,,3,,small,,,,,,,,2.27,0,#DIV/0!,,,1.98,0,#DIV/0!,,,,#DIV/0!,#DIV/0!,0.73,2.12,1.56,0.057,0.47,0.0097,0.57,-,-,-,-,-,-,-,-,-,-,-,,,,,,,,,,,,,,,,,,,,,,,,,,,
,RR-1,Asp-10,,,,,Populus ,tremuloides,"46° 55' 34.92""","68° 42' 38.75""",46 55 34.93,68 42 38.85,10.7,4.2,0,10,-5,0,-0.9,10,56,,10,23.0,35,,1,,46° 55 34.92,68° 42 38.75,46° 55 34.93,68° 42 38.85,,,1,24,0.20,118,24,1,17,0.10,167,17,,,,#DIV/0!,#DIV/0!,0.84,28.89,2.15,0.07,0.47,0.3284,0.92,-,-,-,-,-,-,-,-,-,-,-,,,,,,,,,,,,,,,,,,,,,,,,,,,
,RR-1,Bal-11,,,,,Populus ,balsamifera,"46° 55' 34.86""","68° 42' 39.10""",46 55 34.86,68 42 39.10,16.5,6.5,1,12,-2,0,-0.4,12,57,,12,24.0,55,,1,3 Trunks,,,,,,,,,2.77,,,,,1.70,0,#DIV/0!,,,,#DIV/0!,#DIV/0!,0.84,,,,,,0.84,-,-,-,-,-,-,-,-,-,-,-,,2.01,45.9,0.7,n.d.,,0.09,35,,,2.00,45.7,,,,,,,,,,,,,,,
,RR-1,Asp-12,,,,,Populus ,tremuloides,"46° 55' 35.15""","68° 42' 38.70""",-,-,18.5,7.3,0,10,2,0,0.3,10,65,,10,28.0,90,,1,,46° 55 35.15,68° 42 38.70,,,,,22,443,3.70,120,20,30,395,3.21,123,13,,,,#DIV/0!,#DIV/0!,0.86,26.36,2.36,0.074,0.47,0.3083,0.84,-,-,-,-,-,-,-,-,-,-,-,,,,,,,,,,,2.38,48.1,1.52,0.64,,0.85,36,,,,,,,,,,
,RR-1,Asp-15,,,,,Populus ,tremuloides,"46° 55' 35.18""","68° 42' 38.46""",46 55 35.20,68 42 38.43,7.9,3.1,3,8,-9,0,-1.3,8,51,,8,11.0,55,,1,,46° 55 35.18,68° 42 38.46,46° 55 35.20,68° 42 38.43,,,20,559,4.73,118,28,21,461,4.41,105,22,,,,#DIV/0!,#DIV/0!,0.82,24.96,2.44,0.065,0.47,0.2735,0.82,-,-,-,-,-,-,-,-,-,-,-,,,,,,,,,,,,,,,,,,,,,,,,,,,
,RR-1,Asp-16,,,,,Populus ,tremuloides,"46° 55' 35.17""","68° 42' 38.19""",46 55 35.22,68 42 38.29,7.6,3.0,0,11,13,0,2.5,11,11,,11,4.0,15,,2,BENT-over,46° 55 35.17,68° 42 38.19,46° 55 35.22,68° 42 38.29,,,,,3.56,0,#DIV/0!,,,3.28,0,#DIV/0!,,,,#DIV/0!,#DIV/0!,0.78,4.75,1.30,0.043,0.47,0.0297,0.82,-,-,-,-,-,-,-,-,-,-,-,,,,,,,,,,,,,,,,,,,,,,,,,,,
,RR-1,Asp-17,,,,,Populus ,tremuloides,"46° 55' 35.32""","68° 42' 38.17""",46 55 35.43,68 42 38.21,6.4,2.5,0,5.5,65,-2,9.8,5.5,65,,50,5.5,55,,,,46° 55 35.32,68° 42 38.17,46° 55 35.43,68° 42 38.21,,,32,407,3.47,117,13,34,265,2.48,107,8,,,,#DIV/0!,#DIV/0!,0.84,28.86,2.41,0.07,0.47,0.3129,0.84,-,-,-,-,-,-,-,-,-,-,-,,,,,,,,,,,2.10,47.7,1.27,0.44,,0.79,37,,,,,,,,,,
,RR-1,Asp-18,,,,,Populus ,tremuloides,"46° 55' 35.39""","68° 42' 38.26""",46 55 34.33,68 42 38.32,9.4,3.7,0,6.5,70,-2,15.9,6.5,70,,40,6.5,40,,,,46° 55 35.39,68° 42 38.26,46° 55 35.33,68° 42 38.32,,,31,455,3.72,122,15,27,431,3.83,113,16,,,,#DIV/0!,#DIV/0!,0.84,15.67,2.12,0.073,0.47,0.2036,0.83,-,-,-,-,-,-,-,-,-,-,-,,2.00,47.6,1.14,0.92,,0.98,34,,,1.87,47.2,1.09,0.93,,1.22,33,,,,,,,,,,
,RR-1,Asp-19,,,,,Populus ,tremuloides,"46° 55' 35.40""","68° 42' 38.14""",46 55 35.40,68 42 38.14,17.8,7.0,2,6,75,-2,20.4,6,75,,50,6.0,20,,,,46° 55 37.44,68° 42 38.10,46° 55 35.35,68° 42 38.15,,,22,477,,,,20,296,,#DIV/0!,15,,,,#DIV/0!,#DIV/0!,0.85,,,,,,0.85,-,-,-,-,-,-,-,-,-,-,-,,2.22,47.4,1.23,0.34,,0.35,34,,,2.43,47.7,1.1,0.16,,0.27,37,,,,,,,,,,
,RR-1,Asp-20,,,,,Populus ,tremuloides,"46° 55' 35.45""","68° 42' 38.12""",46 55 35.43,68 42 38.01,12.7,5.0,0,5.5,70,-2,13.1,5.5,70,,55,5.5,10,,,,46° 55 35.45,68° 42 38.12,46° 55 35.43,68° 42 38.01,46° 55 35.48,68° 42 37.88,31,413,2.41,172,13,27,352,2.44,144,13,36,368,2.62,140,10,0.84,9.76,1.49,0.07,0.47,0.1215,0.83,-,-,-,-,-,0.84,-,-,-,-,-,,1.77,47.3,1.32,0.65,,1.06,34,,,,,,,,,,,,,,1.52,0.66,,1.04,37,
,RR-1,Asp-21,,,,,Populus ,tremuloides,"46° 55' 35.58""","68° 42' 38.12""",-,-,17.8,7.0,0,11,60,-2,17.1,11,60,,60,11.0,30,,,,46° 55 35.58,68° 42 38.12,,,,,14,248,5.21,48,18,20,471,4.00,118,24,23,365,2.03,180,16,0.83,22.00,1.93,0.07,0.47,0.2268,0.84,-,-,-,-,-,0.83,-,-,-,-,-,,3.91,94,0.76,0.53,,0.79,34.5,,,1.76,47.2,1.16,0.29,,0.4,,,,,,,,,,,
,RR-1,Asp-22,,,,,Populus ,tremuloides,"46° 55' 35.42""","68° 42' 37.70""",46 55 35.43,68 42 37.72,3.8,1.5,0,5.2,32,-2,1.2,5.2,32,,22,5.2,15,,,,46° 55 35.42,68° 42 37.70,46° 55 35.43,68° 42 37.72,46° 55 33.45,68° 42 37.74,28,329,2.69,122,12,33,384,2.98,129,12,,,,#DIV/0!,#DIV/0!,0.85,21.87,2.07,0.072,0.47,0.3750,0.84,-,-,-,-,-,-,-,-,-,-,-,,,,,,,,,,,,,0.93,0.5,,0.77,34,,,,,,,,,,
,RR-1,Bal-23,,,,,Populus ,balsamifera,"46° 55' 35.39""","68° 42' 37.70""",46 55 35.39,68 42 37.70,,1.5,0,6.9,30,-2,2.0,6.9,30,,18,6.9,25,,,,,,,,,,,,,#DIV/0!,#DIV/0!,,,,#DIV/0!,#DIV/0!,,,,#DIV/0!,#DIV/0!,0.84,19.92,2.18,0.065,0.47,0.4049,0.84,-,-,-,-,-,-,-,-,-,-,-,,1.47,46.1,,,,,37,,,1.45,45.9,,,,,46,,,,,,,,,,
,RR-1,Asp-24,,,,,Populus ,tremuloides,"46° 55' 35.58""","68° 42' 37.94""",46 55 35.58,68 42 37.94,9.9,3.9,0,6,61,,10.8,6,61,,44,6.0,25,,,,46° 55 35.58,68° 42 37.80,46° 55 35.56,68° 42 37.84,,,15,232,,,,29,444,3.13,142,15,,,,#DIV/0!,#DIV/0!,0.82,,,,,,0.82,-,-,-,-,-,-,-,-,-,-,-,,2.04,47.6,0.9,0.21,,0.25,35,,,,,1.23,0.25,,0.28,38,,,,,,,,,,
,RR-1,Asp-25,,,,,Populus ,tremuloides,"46° 55' 35.58""","68° 42' 37.73""",46 55 35.58,68 42 37.73,11.7,4.6,0,5.5,70,,15.1,5.5,70,,65,5.5,10,,,,46° 55 35.55,68° 42 37.79,46° 55 35.02,68° 42 37.75,,,14,255,4.13,,,25,463,4.03,115,19,,,,#DIV/0!,#DIV/0!,0.81,,,,,,0.81,-,-,-,-,-,-,-,-,-,-,-,,,,,,,,,,,,,,,,,,,,,,,,,,,
,RR-1,Asp-26,,,,,Populus ,tremuloides,"46° 55' 35.64""","68° 42' 37.62""",46 55 35.64,68 42 37.62,10.7,4.2,0,4.8,63,,9.4,4.8,63,,44,4.8,15,,,,46° 55 35.50,68° 42 37.66 ,46° 55 35.64,68° 42 37.54,,,39,518,4.61,112,13,24,332,2.76,120,14,,,,#DIV/0!,#DIV/0!,0.82,22.11,2.04,0.068,0.47,0.2065,0.80,-,-,-,-,-,-,-,-,-,-,-,,1.79,48.5,1.36,0.39,,0.66,38,,,,,1.48,0.43,,0.82,36,,,,,,,,,,
,RR-1,Asp-28,,,,,Populus ,tremuloides,"46° 55' 35.67""","68° 42' 37.60""",46 55 35.67,68 42 37.60,9.9,3.9,0,6.1,61,,11.0,6.1,61,,45,6.1,25,,,,46° 55 35.63,68° 42 37.44,47° 55 35.77,69° 42 37.46,,,25,280,4.85,,,17,254,1.96,130,15,,,,#DIV/0!,#DIV/0!,0.83,,,,,,0.83,-,-,-,-,-,-,-,-,-,-,-,,,,,,,,,,,,,1.46,0.92,,1.6,41,,,,,,,,,,
,RR-1,Asp-29,,,,,Populus ,tremuloides,"46° 55' 35.62""","68° 42' 37.44""",47 55 35.60,69 42 37.42,7.9,3.1,0,6,52,,7.7,6,52,,42,6.0,35,,,,46° 55 35.62,68° 42 37.46,46° 55 35.60,68° 42 37.42,,,1,19,0.16,117,19,20,338,2.32,146,17,,,,#DIV/0!,#DIV/0!,0.82,22.46,1.96,0.071,0.47,0.2215,0.82,-,-,-,-,-,-,-,-,-,-,-,,,,,,,,,,,,,1.11,0.62,,1.08,34,,,,,,,,,,
,RR-1,Asp-30,,,,,Populus ,tremuloides,"46° 55' 35.77""","68° 42' 37.38""",46 55 35.77,68 42 37.38,10.7,4.2,,,,,0.0,,,,,,,,,,46° 55 35.74,68° 42 37.23,46° 55 35.60,68° 42 37.29,,,14,314,2.92,,,16,333,2.76,121,21,,,,#DIV/0!,#DIV/0!,0.86,,,,,,0.85,-,-,-,-,-,-,-,-,-,-,-,,,,1.09,0.19,,0.17,42,,,,,1.54,0.37,,0.4,42,,,,,,,,,,
,RR-1,Asp-31,,,,,Populus ,tremuloides,"46° 55' 35.71""","68° 42' 37.33""",46 55 35.71,68 42 37.33,7.1,2.8,,,,,0.0,,,,,,,,,,46° 55 35.93,68° 42 37.05,46° 55 35.87,68° 42 37.00,,,15,338,2.61,130,23,,,1.90,0,#DIV/0!,,,,#DIV/0!,#DIV/0!,-,20.30,1.76,0.054,0.47,0.1703,-,-,-,-,-,-,-,-,-,-,-,-,,,,,,,,,,,,,,,,,,,,,,,,,,,
,RR-1,Asp-32,,,,,Populus ,tremuloides,"46° 55' 35.92""","68° 42' 37.05""",47 55 35.87,69 42 37.00,8.3,3.3,,,,,,,,,,,,,,,,,,,,,21,337,,,,12,240,,#DIV/0!,20,,,,#DIV/0!,#DIV/0!,0.83,,,,,,0.81,-,-,-,-,-,-,-,-,-,-,-,,,,0.67,0.82,,1.02,35,,,,,0.54,0.67,,0.8,33,,,,,,,,,,
,RR-1,Asp-33 ,,,,,Populus ,tremuloides,"46° 55' 35.84""","68° 42' 36.46""",46 55 35.84,68 42 36.46,10.3,4.1,,,,,,,,,,,,,,,,,,,,,,,,,,,,,#DIV/0!,#DIV/0!,,,,#DIV/0!,#DIV/0!,-,,,,,,-,-,-,-,-,-,-,-,-,-,-,-,,,,,,,,,,,,,,,,,,,,,,,,,,,
,RR-1,Asp-34,,,,,Populus ,tremuloides,"46° 55' 35.83""","68° 42' 36.93""",46 55 35.83,68 42 36.93,10.9,4.3,,,,,,,,,,,,,,,,,,,,,,,,,,,,,#DIV/0!,#DIV/0!,,,,#DIV/0!,#DIV/0!,-,,,,,,-,-,-,-,-,-,-,-,-,-,-,-,,,,,,,,,,,,,,,,,,,,,,,,,,,
,RR-1,Asp-35,,,,,Populus ,tremuloides,"46° 55' 35.92""",68° 42' 36.82,46 55 35.92,68 42 36.82,7.6,3.0,,,,,,,,,,,,,,,,,,,,,,,,,,,,,#DIV/0!,#DIV/0!,,,,#DIV/0!,#DIV/0!,-,,,,,,-,-,-,-,-,-,-,-,-,-,-,-,,,,,,,,,,,,,,,,,,,,,,,,,,,
,RR-1,Asp-36,,,,,Populus ,tremuloides,"46° 55' 35.89""","68° 42' 36.86""",46 55 35.89,68 42 36.86,9.4,3.7,,,,,,,,,,,,,,,,,,,,,,,,,,,,,#DIV/0!,#DIV/0!,,,,#DIV/0!,#DIV/0!,-,,,,,,-,-,-,-,-,-,-,-,-,-,-,-,,,,,,,,,,,,,,,,,,,,,,,,,,,
,RR-1,Asp-37,,,,,Populus ,tremuloides,"46° 55' 35.87""","68° 42' 36.54""",46 55 35.87,68 42 36.54,19.7,7.8,,,,,,,,,,,,,,,,,,,,,,,,,,,,,#DIV/0!,#DIV/0!,,,,#DIV/0!,#DIV/0!,-,,,,,,-,-,-,-,-,-,-,-,-,-,-,-,,,,,,,,,,,,,,,,,,,,,,,,,,,
,RR-1,Asp-38,,,,,Populus ,tremuloides,"46° 65' 35.92""","68° 42' 36.52""",46 65 35.92,68 42 36.52,13.0,5.1,,,,,,,,,,,,,,,,,,,,,,,,,,,,,#DIV/0!,#DIV/0!,,,,#DIV/0!,#DIV/0!,-,,,,,,-,-,-,-,-,-,-,-,-,-,-,-,,,,,,,,,,,,,,,,,,,,,,,,,,,
,RR-1,Asp-39,,,,,Populus ,tremuloides,"46° 65' 36.01""","68° 42' 36.40""",46 65 36.01,68 42 36.40,10.4,4.1,,,,,,,,,,,,,,,,,,,,,,,,,,,,,#DIV/0!,#DIV/0!,,,,#DIV/0!,#DIV/0!,-,,,,,,-,-,-,-,-,-,-,-,-,-,-,-,,,,,,,,,,,,,,,,,,,,,,,,,,,
,RR-1,Asp-40,,,,,Populus ,tremuloides,"46° 65' 35.97""","68° 42' 36.25""",46 65 35.97,68 42 36.25,9.4,3.7,,,,,,,,,,,,,,,,,,,,,,,,,,,,,#DIV/0!,#DIV/0!,,,,#DIV/0!,#DIV/0!,-,,,,,,-,-,-,-,-,-,-,-,-,-,-,-,,,,,,,,,,,,,,,,,,,,,,,,,,,
,RR-1,Asp-41,,,,,Populus ,tremuloides,"46° 55' 35.91""","68° 42' 36.24""",46 55 35.91,68 42 36.24,6.1,2.4,,,,,,,,,,,,,,,,,,,,,,,,,,,,,#DIV/0!,#DIV/0!,,,,#DIV/0!,#DIV/0!,-,,,,,,-,-,-,-,-,-,-,-,-,-,-,-,,,,,,,,,,,,,,,,,,,,,,,,,,,
,RR-1,Asp-42,,,,,Populus ,tremuloides,"46° 55' 35.91""","68° 42' 36.64""",46 55 35.91,68 42 36.64,16.3,6.4,,,,,0.0,,,,,,,,,,,,,,,,,,1.89,,,,,,#DIV/0!,#DIV/0!,,,,#DIV/0!,#DIV/0!,-,,,,,,-,-,-,-,-,-,-,-,-,-,-,-,,,,,,,,,,,,,,,,,,,,,,,,,,,
,RR-1,Asp-44,,,,,Populus ,tremuloides,"46° 55' 35.49""","68° 42' 36.35""",46 55 35.42,68 42 36.45,18.0,7.1,,,,,0.0,,,,,,,,,,46° 55 35.49,68° 42 36.35,46° 55 35.42,68° 42 36.45,46° 55 35.37,68° 42 36.64,10,193,1.58,122,19,21,412,3.97,104,20,21,498,4.36,114,24,0.82,26.41,2.52,0.064,0.47,0.2524,0.81,-,-,-,-,-,0.81,-,-,-,-,-,,,,1.01,0.93,,1.12,36,,,,,0.69,0.98,,2.16,39,,,,,1.69,1.23,,1.72,34.9,
,RR-1,Bal-46,,,,,Populus ,balsamifera,"46° 55' 35.74""","68° 42' 36.12""",46 55 35.74,68 42 36.12,3.8,1.5,,,,,2.3,,,,,,85,,,,,,,,,,,,,#DIV/0!,#DIV/0!,,,,#DIV/0!,#DIV/0!,,,,#DIV/0!,#DIV/0!,0.80,21.93,2.33,0.059,0.47,0.1402,0.81,-,-,-,-,-,-,-,-,-,-,-,,,,,,,,46,,,,,,,,,,,,,,,,,,,
,RR-1,Asp-52,,,,,Populus ,tremuloides,"46° 55' 35.35""","68° 42' 35.29""",46 55 35.35,68 42 35.29,10.4,4.1,0,,,,6.0,6,49,,33,6.0,50,,,,46° 55 35.48,68° 42 35.34,46° 55 35.37,68° 42 35.28,,,17,165,1.20,138,10,15,206,1.68,123,14,,,,#DIV/0!,#DIV/0!,0.84,22.68,1.89,0.067,0.47,0.1991,0.84,-,-,-,-,-,-,-,-,-,-,-,,,,,,,,,,,,,,,,,,,,,,,,,,,
,RR-1,Asp-53,,,,,Populus ,tremuloides,"46° 55' 35.29""","68° 42' 35.28""",46 55 35.29,68 42 35.28,8.9,3.5,0,,,,4.5,4.5,57,,38,4.5,65,,,,46° 55 35.27,68° 42 35.20,46° 55 35.27,68° 42 35.29,,,14,192,1.42,,,15,297,2.44,122,20,,,,#DIV/0!,#DIV/0!,0.84,,,,,,0.84,-,-,-,-,-,-,-,-,-,-,-,,,,,,,,,,,,,,,,,,,,,,,,,,,
,RR-1,Asp-54,,,,,Populus ,tremuloides,"46° 55' 35.14""","68° 42' 38.39""",46 55 35.14,68 42 38.39,13.7,5.4,0,,,,8.0,8,58,,39,8.0,60,,,,,,,,,,,,,,,,,,#DIV/0!,#DIV/0!,,,,#DIV/0!,#DIV/0!,-,,,,,,-,-,-,-,-,-,-,-,-,-,-,-,,,,,,,,,,,,,,,,,,,,,,,,,,,
,RR-1,Bal-1,,,,,Populus ,balsamifera,"46° 55' 34.01""","68° 42' 36.98""",46 55 34.10,68 42 37.20,,,,,,,0.0,,,,,,,,,,46° 55 34.01,68° 42 36.98,46° 55 34.10,68° 42 37.20,46° 55 33.93,68° 42 37.11,,,5.96,0,#DIV/0!,,,4.67,0,#DIV/0!,,,3.38,0,#DIV/0!,0.81,15.00,2.36,0.06,0.47,0.1424,0.80,-,-,-,-,-,0.79,-,-,-,-,-,,1.44,46.5,1.59,n.d.,,0.06,53,,21,,,0.81,0.08,,0.05,51,,24.1,,,0.7,0.14,,0.04,55,
,RR-1,Bal-2,,,,,Populus ,balsamifera,"46° 55' 34.04""",68° 42' 37.13,46 55 34.04,68 42 37.13,17.0,6.7,0,8,-9,0,-1.3,8,63,,8,6.0,70,,1,,46° 55 34.23,68° 42 37.24,46° 55 34.17,68° 42 37.19,46° 55 34.13,68° 42 37.31,,,5.74,0,#DIV/0!,,,5.01,0,#DIV/0!,,,3.96,0,#DIV/0!,0.79,18.32,2.46,0.056,0.47,0.1711,0.75,-,-,-,-,-,0.81,-,-,-,-,-,25.3,1.61,45.9,0.8,n.d.,,0.12,46,,24.3,1.42,46.2,0.7,n.d.,,0.21,48,,26,1.32,46.2,0.99,n.d.,,0.1,47,
,RR-1,Bal-3,,,,,Populus ,balsamifera,"46° 55' 34.36""","68° 42' 37.65""",46 55 34.36,68 42 37.65,17.4,6.9,0,8,-15,0,-2.1,8,58,,8,4.0,85,,1,,46° 55 34.43,68° 42 37.61,46° 55 34.41,68° 42 37.66,46° 55 34.43,68° 42 37.55,,,6.73,0,#DIV/0!,,,4.30,0,#DIV/0!,,,4.27,0,#DIV/0!,0.82,18.54,1.81,0.071,0.47,0.1675,0.81,-,-,-,-,-,0.81,-,-,-,-,-,,1.63,45.4,,,,,50,,27.1,1.71,46.1,0.72,n.d.,,0.03,51,,23.6,1.75,45.2,0.84,n.d.,,0.04,45,
,RR-1,Bal-7,,,,,Populus ,balsamifera,"46° 55' 34.66""",68° 42' 38.55,46 55 34.66,68 42 38.55,10.3,4.1,0,14,-3,0,-0.7,14,43,,14,17.0,30,,1,Small,,,,,,,,,7.15,0,#DIV/0!,,,3.29,0,#DIV/0!,,,,#DIV/0!,#DIV/0!,0.86,16.37,1.96,0.084,0.47,0.1859,0.85,-,-,-,-,-,-,-,-,-,-,-,20.90136,2.03,46.4,0.44,n.d.,,0,46,,20,2.17,46.2,0.47,n.d.,,0.06,39,,,,,,,,,,
,RR-1,Bal-11,,,,,Populus ,balsamifera,"46° 55' 34.97""","68° 42' 38.89""",46 55 35.01,68 42 38.94,,,,,,,0.0,,,,,,,,,,46° 55 34.97,68° 42 38.89,46° 55 35.01,68° 42 38.94,,,13,531,5.00,106,41,12,600,4.96,121,50,,,,#DIV/0!,#DIV/0!,0.84,14.88,1.52,0.068,0.47,0.2044,0.84,-,-,-,-,-,,-,-,-,-,-,20.3906,,,1.26,0.66,,0.81,,,15.1,,,1.03,0.86,,1.07,38,,,,,,,,,,
,RR-1,Bal-16,,,,,Populus ,balsamifera,-,-,-,-,,,,,,,0.0,,,,,,,,,,,,,,,,,,8.61,,,,,,#DIV/0!,#DIV/0!,,,,#DIV/0!,#DIV/0!,-,,,,,,0.82,-,-,-,-,-,,-,-,-,-,-,,,,,,,,,,,,,,,,,,,,,,,,,,,
,RR-1,Bal-23,,,,,Populus ,balsamifera,"46° 55' 35.40""","68° 42' 37.67""",-,-,,,,,,,0.0,,,,,,,,,,46° 55 35.40,68° 42 37.67,,,,,10,297,2.27,,,11,343,2.95,116,31,,,,#DIV/0!,#DIV/0!,0.84,,,,,,0.84,-,-,-,-,-,,-,-,-,-,-,24.9,,,0.82,n.d.,,0.09,,,19.1,,,1.1,n.d.,,0.11,,,,,,,,,,,
,RR-1,Bal-43,,,,,Populus ,balsamifera,"46° 55' 35.61""","68° 42' 36.64""",46 55 35.61,68 42 36.64,13.6,5.4,,,,,,,,,,,,,,,,,,,,,13,433,,,,14,122,,#DIV/0!,9,,,,#DIV/0!,#DIV/0!,0.86,,,,,,0.81,-,-,-,-,-,0.81,-,-,-,-,-,103.5339,,,0.82,n.d.,,0.1,52,,27.9969,,,0.77,n.d.,,0.09,51,,,,,,,,,,
,RR-1,Bal-46,,,,,Populus ,balsamifera,"46° 55' 35.55""","68° 42' 36.05""",46 55 35.55,68 42 36.05,<2.5,<1,,,,,0.0,,,,,,,,,,,,,,,,,,4.26,,,,,,#DIV/0!,#DIV/0!,,,,#DIV/0!,#DIV/0!,-,,,,,,-,-,-,-,-,-,-,-,-,-,-,-,98.69065,,,1.09,n.d.,,0.1,,,,,,,,,,,,,,,,,,,,
,RR-1,Bal-47,,,,,Populus ,balsamifera,"46° 55' 35.48""","68° 42' 35.96""",46 55 35.48,68 42 35.96,<2.5,<1,0,,,,1.7,,,1.6,,Botten,70,,,,,,,,,,15,433,1.81,239,29,12,224,1.92,117,19,,,,#DIV/0!,#DIV/0!,-,30.16,2.72,0.074,0.47,0.2218,0.76,-,-,-,-,-,-,-,-,-,-,-,98.18028616,,,,,,,53.5,,29.8,,,0.82,0.14,,0.21,52,,,,,,,,,,
,RR-1,Bal-48,,,,,Populus ,balsamifera,"46° 55' 35.53""","68° 42' 35.77""",46 55 35.53,68 42 35.77,<2.5,<1,0,,,,2.7,,,,,,80,,,,,,,,,,16,273,2.45,111,17,,,,#DIV/0!,#DIV/0!,,,,#DIV/0!,#DIV/0!,0.81,20.22,2.36,0.061,0.47,0.3149,-,-,-,-,-,-,-,-,-,-,-,-,114.7836,,,0.4,1.8,,0.13,56,,,,,,,,,,,,,,,,,,,
,RR-1,Bal-49,,,,,Populus ,balsamifera,"46° 55' 35.52""","68° 42' 35.48""",46 55 35.52,68 42 35.48,7.6,3.0,0,,,,8.8,8.8,45,,29,8.8,85,,,,46° 55 35.60,68° 42 35.52,46° 55 35.57,68° 42 35.37,,,,,,,,,,,#DIV/0!,#DIV/0!,,,,#DIV/0!,#DIV/0!,-,,,,,,-,-,-,-,-,-,-,-,-,-,-,-,,,,,,,,,,,,,,,,,,,,,,,,,,,
,RR-1,Bal-50,,,,,Populus ,balsamifera,"46° 55' 35.51""","68° 42' 35.41""",46 55 35.51,68 42 35.41,6.4,2.5,0,,,,7.0,7,33,,26,7.0,80,,,,46° 55 35.51,68° 42 35.36,,,,,30,492,4.01,123,16,,,,#DIV/0!,#DIV/0!,,,,#DIV/0!,#DIV/0!,0.80,21.22,4.94,0.053,0.47,,-,-,-,-,-,-,-,-,-,-,-,-,,,,1.14,n.d.,,0.11,46,,21.9,,,,,,,,,,,,,,,,,
,RR-1,Bal-55,,,,,Populus ,balsamifera,"46° 55' 35.17""","68° 42' 35.52""",46 55 35.17,68 42 35.52,4.3,1.7,0,4.1,26,,,4.1,26,,botten,,70,,,,,,,,,,,,,,,,,,#DIV/0!,#DIV/0!,,,,#DIV/0!,#DIV/0!,-,,,,,,-,-,-,-,-,-,-,-,-,-,-,-,,,,,,,,,,,,,,,,,,,,,,,,,,,
,RR-1,Bal-51,,,,,Populus ,balsamifera,"46° 55' 35.50""","68° 42' 35.38""",46 55 35.50,68 42 35.38,5.7,5.7,0,,,,6.0,6.9,55,,29,6.9,70,,,,,,,,,,,,,,,,,,#DIV/0!,#DIV/0!,,,,#DIV/0!,#DIV/0!,-,,,,,,-,-,-,-,-,-,-,-,-,-,-,-,,,,,,,,,,,,,,,,,,,,,,,,,,,
,RR-1,Asp-14,,,,,Populus ,tremuloides,"46° 55' 35.15""","68° 42' 38.56""",46 55 35.15,68 42 38.56,7.4,2.9,2,6,-10,0,-1.1,6,50,,6,18.0,40,,1,,,,,,,,18,235,2.04,115,13,25,417,2.40,174,17,,,,#DIV/0!,#DIV/0!,-,18.97,2.16,0.075,0.47,0.2809,-,-,-,-,-,-,-,-,-,-,-,-,,,,,,,,,,,,,0.82,0.73,,1.76,,,,,,,,,,,
,RR-1,Big-13,,,,,Populus ,grandidentata,"46° 55' 35.12""","68° 42' 58.67""",46 55 35.12,68 42 58.67,7.6,3.0,0,6,-7,0,-0.7,6,63,,6,8.0,30,,1,,,,,,,,17,384,3.58,107,23,22,774,6.70,116,35,,,,#DIV/0!,#DIV/0!,0.83,,,,,,0.82,-,-,-,-,-,-,-,-,-,-,-,47.4,2.09,48.9,0.43,1.09,,1.07,35,,54.2,1.87,48.6,0.59,0.96,,1.23,39,,,,,,,,,,
,RR-1,Big-27,,,,,Populus ,grandidentata,"46° 55' 35.68""","68° 42' 37.63""",46 55 35.68,68 42 37.63,10.9,4.3,0,5.5,64,,11.3,5.5,64,,58,5.6,15,,,,46° 55 35.54,68° 42 37.56,46° 55 35.58,68° 42 36.58,,,26,697,5.49,127,27,26,307,4.29,72,12,,,,#DIV/0!,#DIV/0!,0.81,,,,,,0.83,-,-,-,-,-,-,-,-,-,-,-,11,2.21,48.6,0.23,0.73,,1.05,35,,28.8,2.37,48.2,,,,,30,,,,,,,,,,