Sampling_Date,Site_Code,Tree_ID,Species,Tree#,Genus,Species,Location_deg_min_sec_North_nosym,Location_deg_min_sec_West,dbh_cm,No_stem_cankers,Total_tree_height_m,Crown_density_percent,Vigor_class,Uncompacted_live_crown_ratio,diameter_squared_x_height_cubic_cm,SLA_cm2_per_g,Area_per_leaf_cm2,Fv_Fm,Amax_normalized_umol_per_m2_sec,gsw_normalized_umol_per_m2_sec,Total_SALICINOIDS_DW,Average_Condensed_TANNINS_percent_DW,Average_TN_percent_DW,Average_CN,Average_SUGAR_percent_DW,Average_STARCH_percent_DW
6-16,CL-1,Bal-1,Bal,1,Populus,balsamifera,47 10 18.70,68 18 45.54,4.5,not sampled,10.7,20,2,0.60,21602,122,45,0.81,24.7,0.19,1.0,,2.17,21,36.0,4.6
6-16,CL-1,Bal-2,Bal,2,Populus,balsamifera,47 10 18.69,68 18 45.62,2.9,not sampled,10.1,30,2,0.39,8459,129,27,0.80,16.4,0.58,3.5,22.2,2.00,24,30.0,6.4
6-16,CL-1,Asp-3,Asp,3,Populus ,tremuloides,47 10 18.99,68 18 46.02,12.8,not sampled,18.3,45,1,0.50,299616,114,14,0.81,5.9,0.03,2.3,,1.66,,31.0,4.0
6-17,CL-1,Asp-4,Asp,4,Populus ,tremuloides,47 10 19.52,68 18 46.70,5.9,not sampled,not sampled,35,2,not sampled,not sampled,146,22,0.82,1.6,0.01,5.1,,2.25,,26.0,2.9
6-17,CL-1,Asp-5,Asp,5,Populus ,tremuloides,47 10 19.65,68 18 46.40,4.7,not sampled,15.2,25,2,0.30,33664,145,25,0.81,,,9.9,,2.33,,30.0,3.5
6-17,CL-1,Bal-6,Bal,6,Populus,balsamifera,47 10 19.78,68 18 46.30,7.7,not sampled,18.9,70,1,0.60,112038,132,36,0.79,,,1.1,,1.89,,38.0,5.6
6-17,CL-1,Bal-7,Bal,7,Populus,balsamifera,47 10 19.76,68 18 46.59,11.0,not sampled,19.8,70,1,0.54,239714,141,32,0.80,16.5,0.12,,,2.02,,40.0,10.9
6-18,CL-1,Asp-8,Asp,8,Populus ,tremuloides,47 10 18.86,68 18 45.63,8.0,not sampled,not sampled,50,1,not sampled,not sampled,137,22,0.78,1.1,0.01,4.8,,1.80,,18.8,8.3
6-16,CL-1,Asp-9,Asp,9,Populus ,tremuloides,47 10 18.77,68 18 45.46,0.5,not sampled,1.2,65,1,0.50,30,214,15,0.73,12.8,0.04,8.8,,1.96,,26.7,2.9
6-18,CL-1,Asp-10,Asp,10,Populus ,tremuloides,47 10 18.30,68 18 47.97,2.2,not sampled,6.4,25,2,0.29,3098,179,11,0.83,11.5,0.07,3.4,,2.95,,25.8,0.9
6-16,CL-1,Bal-11,Bal,11,Populus,balsamifera,47 10 18.00,68 18 47.97,0.5,not sampled,0.9,70,1,0.75,23,27,42,0.79,15.1,0.08,5.5,,2.71,,29.0,2.1
6-16,CL-1,Asp-12,Asp,12,Populus ,tremuloides,47 10 18.01,68 18 48.14,0.5,not sampled,1.0,35,1,0.69,24,186,17,0.73,6.5,0.03,10.5,,2.33,,29.0,4.5
6-18,CL-1,Bal-13,Bal,13,Populus,balsamifera,47 10 18.07,68 18 48.49,12.0,not sampled,not sampled,25,3,not sampled,not sampled,94,63,0.82,25.7,16.34,0.9,,2.03,,37.0,5.8
6-17,CL-1,Bal-14,Bal,14,Populus,balsamifera,47 10 17.59,68 18 48.94,11.9,not sampled,15.2,15,3,0.80,215803,96,52,0.79,,,3.7,,1.88,25,42.0,3.4
6-18,CL-1,Asp-15,Asp,15,Populus ,tremuloides,47 10 16.78,68 18 49.29,7.0,not sampled,10.7,25,2,0.29,52271,116,17,0.80,3.7,0.01,3.0,,2.05,,30.5,10.6
6-18,CL-1,Asp-16,Asp,16,Populus ,tremuloides,47 10 16.21,68 18 47.91,5.4,not sampled,16.8,30,2,0.27,48881,141,15,0.82,0.3,0.01,2.3,,2.21,22,31.5,6.3
6-18,CL-1,Bal-17,Bal,17,Populus,balsamifera,47 10 16.86,68 18 47.08,6.2,not sampled,12.2,20,2,0.38,46864,115,42,0.81,8.0,0.03,1.9,,1.98,,31.5,6.2
6-18,CL-1,Bal-18,Bal,18,Populus,balsamifera,47 19 16.77,68 18 46.73,7.4,not sampled,not sampled,75,1,not sampled,not sampled,122,47,0.81,21.6,0.11,1.4,,1.97,23,35.3,5.7
6-18,CL-1,Bal-19,Bal,19,Populus,balsamifera,47 10 17.20,68 18 46.24,7.6,not sampled,14.9,45,3,0.53,86262,101,70,0.82,18.2,0.16,3.5,,2.30,,44.0,4.1
6-18,CL-1,Asp-20,Asp,20,Populus ,tremuloides,47 10 17.53,68 18 45.30,5.2,not sampled,12.8,50,2,0.36,34614,131,11,0.79,9.4,0.07,7.8,,2.14,23,33.0,4.0
6-17,CL-1,Asp-21,Asp,21,Populus ,tremuloides,47 10 17.99,68 18 45.25,9.5,not sampled,16.8,70,1,0.55,151288,117,21,0.80,7.7,0.21,3.8,,1.92,25,31.7,5.8
6-17,CL-1,Asp-22,Asp,22,Populus ,tremuloides,47 10 20.35,68 18 46.58,6.0,not sampled,14.3,65,2,0.55,51570,855,28,0.81,20.0,0.31,5.9,,2.18,,30.5,2.4
6-17,CL-1,Bal-23,Bal,23,Populus,balsamifera,47 10 20.15,68 18 46.35,7.1,not sampled,15.8,45,1,0.62,79894,144,35,0.81,15.4,0.19,1.2,,1.93,,38.0,3.5
6-17,CL-1,Bal-24,Bal,24,Populus,balsamifera,47 10 20.04,68 18 46.17,9.0,not sampled,16.2,60,1,0.53,130844,130,42,0.81,15.0,0.20,1.6,,2.01,,32.5,3.2
6-18,CL-1,Asp-25,Asp,25,Populus ,tremuloides,47 10 19.95,68 18 45.92,5.2,not sampled,15.2,65,2,0.30,41207,79,4,0.79,0.9,0.01,2.5,,2.43,,28.0,3.9
6-20,CL-2,Asp-1,Asp,1,Populus ,tremuloides,47 09 59.23,68 20 49.52,11.6,not sampled,19.8,60,2,0.23,266577,,,,,,,,0.99,,,5.3
6-20,CL-2,Asp-2,Asp,2,Populus ,tremuloides,47 10 02.69,68 20 46.87,12.2,not sampled,16.8,35,2,0.42,249503,,,,,,,,1.17,,,
6-17,CL-2,Asp-3,Asp,3,Populus ,tremuloides,47 10 03.21,68 20 47.48,17.0,not sampled,23.8,30,2,0.29,687047,121,16,0.78,,,1.6,,1.79,,38.0,3.8
6-17,CL-2,Asp-4,Asp,4,Populus ,tremuloides,47 10 02.97,68 20 47.98,11.8,not sampled,22.9,15,2,0.20,318287,126,23,0.80,,0.02,1.8,,2.16,,32.0,2.7
6-17,CL-2,Asp-5,Asp,5,Populus ,tremuloides,47 10 03.01,68 20 47.31,14.5,not sampled,22.9,35,2,0.20,480608,,11,0.71,,2.90,1.5,,1.57,,28.0,2.3
6-21,CL-2,Asp-6,Asp,6,Populus ,tremuloides,47 10 05.07,68 20 44.39,10.5,not sampled,19.8,65,1,0.31,218417,125,19,0.82,0.6,0.01,4.8,,2.17,,30.0,4.7
6-21,CL-2,Bal-7,Bal,7,Populus,balsamifera,47 10 03.70,68 20 44.57,0.5,not sampled,0.5,65,1,0.83,11,115,15,0.81,11.9,6.90,19.8,,2.09,,39.0,4.2
6-20,CL-2,Asp-8,Asp,8,Populus ,tremuloides,47 10 00.72,68 20 49.10,0.5,not sampled,1.5,25,1,0.80,38,126,20,0.75,7.8,1.80,5.8,,2.05,,32.0,4.5
6-20,CL-2,Asp-9,Asp,9,Populus ,tremuloides,47 10 00.45,68 20 49.48,0.5,not sampled,0.9,50,1,0.78,23,136,36,0.79,11.4,0.16,7.8,,2.09,,35.0,3.8
6-20,CL-2,Asp-10,Asp,10,Populus ,tremuloides,47 10 00.78,68 20 50.09,0.5,not sampled,1.5,75,1,0.80,38,154,24,0.80,18.8,0.30,8.0,,2.91,,26.0,0.8
6-20,CL-2,Asp-11,Asp,11,Populus ,tremuloides,47 10 01.10,68 20 50.78,0.5,not sampled,0.9,30,1,0.67,23,158,10,0.80,18.0,0.24,13.6,,2.59,,27.0,1.1
6-20,CL-2,Bal-12,Bal,12,Populus,balsamifera,47 10 00.90,68 20 51.00,0.5,not sampled,1.2,35,1,1.00,30,151,37,0.78,23.6,0.40,,,2.37,,31.0,1.1
6-20,CL-2,Asp-13,Asp,13,Populus ,tremuloides,47 10 00.68,68 20 51.01,0.5,not sampled,1.2,60,1,0.87,30,176,22,0.79,20.4,0.23,9.5,,2.99,,26.0,1.1
6-20,CL-2,Bal-14,Bal,14,Populus,balsamifera,47 10 00.84,68 20 51.01,0.5,not sampled,0.6,60,1,1.00,15,169,21,0.77,18.8,0.46,12.7,7.1,2.59,,25.0,1.1
6-20,CL-2,Asp-15,Asp,15,Populus ,tremuloides,47 10 00.31,68 20 50.62,0.5,not sampled,1.7,35,1,0.82,42,141,20,0.72,6.4,0.05,8.0,,2.15,,38.0,2.8
6-20,CL-2,Asp-16,Asp,16,Populus ,tremuloides,47 09 59.99,68 20 50.32,0.5,not sampled,0.6,75,1,0.67,15,162,17,0.76,17.1,0.18,6.8,,2.41,,30.0,2.5
6-21,CL-2,Asp-17,Asp,17,Populus ,tremuloides,47 10 00.19,68 20 51.64,0.5,not sampled,1.5,45,1,0.80,38,174,38,0.83,7.9,0.02,6.5,,2.83,,25.0,3.1
6-21,CL-2,Asp-18,Asp,18,Populus ,tremuloides,47 10 00.04,68 20 52.06,0.5,not sampled,0.8,50,1,0.73,19,181,32,0.81,5.6,0.03,8.8,,2.46,,26.0,1.3
6-21,CL-2,Asp-19,Asp,19,Populus ,tremuloides,47 10 00.10,68 20 51.46,0.5,not sampled,0.3,50,1,0.58,8,142,8,0.83,6.8,0.03,5.8,,2.12,,29.0,2.9
6-21,CL-2,Bal-20,Bal,20,Populus,balsamifera,47 09 59.08,68 20 51.31,0.5,not sampled,0.6,80,1,0.79,15,161,33,0.74,11.1,0.09,16.2,,2.54,,35.0,0.9
6-21,CL-2,Bal-21,Bal,21,Populus,balsamifera,47 09 58.76,68 20 51.98,0.5,not sampled,0.3,75,1,1.00,6,132,22,0.75,15.3,0.08,15.5,7.8,2.44,,29.0,1.6
6-21,CL-2,Asp-22,Asp,22,Populus ,tremuloides,47 09 59.07,68 20 53.59,0.5,not sampled,0.8,8,1,1.00,19,162,24,0.81,20.3,0.13,12.7,,2.78,,28.0,
6-21,CL-2,Asp-23,Asp,23,Populus ,tremuloides,47 09 59.85,68 20 52.95,not sampled,not sampled,not sampled,not sampled,not sampled,not sampled,not sampled,176,16,0.78,8.8,0.48,13.2,,2.46,,30.0,4.0
6-21,CL-2,Asp-24,Asp,24,Populus,balsamifera,47 09 59.20,68 20 52.25,0.5,not sampled,0.5,50,1,1.00,11,154,23,0.77,3.1,0.01,6.6,,2.48,,31.0,2.2
6-20,CL-2,Bal-25,Bal,25,Populus,balsamifera,47 09 58.53,68 20 54.42,not sampled,not sampled,not sampled,not sampled,not sampled,not sampled,not sampled,,65,0.79,,,,,0.96,,,
6-21,CL-2,Bal-26,Bal,26,Populus,balsamifera,47 09 58.87,68 20 51.27,0.5,not sampled,0.3,60,1,1.00,8,139,19,0.64,11.7,0.34,9.3,,2.29,,35.0,2.4
6-20,CL-2,Bal-27,Bal,27,Populus,balsamifera,47 10 00.56,68 20 48.64,not sampled,not sampled,not sampled,not sampled,not sampled,not sampled,not sampled,114,20,0.78,,,20.1,,1.35,,47.0,3.5
6-20,CL-2,Bal-28,Bal,28,Populus,balsamifera,47 10 01.63,68 20 47.05,not sampled,not sampled,not sampled,not sampled,not sampled,not sampled,not sampled,121,35,0.73,,,,,2.08,,32.0,2.5
6-20,CL-2,Bal-29,Bal,29,Populus,balsamifera,47 10 02.62,68 20 45.56,not sampled,not sampled,not sampled,not sampled,not sampled,not sampled,not sampled,,13,0.80,,,13.5,,1.35,,41.0,3.3
6-20,CL-2,Asp-30,Asp,30,Populus ,tremuloides,47 10 03.93,68 20 43.50,not sampled,not sampled,not sampled,not sampled,not sampled,not sampled,not sampled,163,16,0.83,,,6.1,,1.90,,22.0,1.3
6-21,CL-2,Bal-31,Bal,31,Populus,balsamifera,47 10 03.63,68 20 40.94,0.5,not sampled,0.6,35,1,1.00,15,130,24,0.77,16.5,0.26,14.4,,2.45,,29.8,0.7
6-20,CL-2,Bal-32,Bal,32,Populus,balsamifera,47 10 04.30,68 20 42.02,0.5,not sampled,0.8,25,1,1.00,19,,10,0.80,,,,34.5,2.70,,30.0,1.9
6-20,CL-2,Asp-33,Asp,33,Populus ,tremuloides,47 10 04.60,68 20 41.97,0.5,not sampled,0.6,30,1,1.00,15,,,0.80,,,,,,,,
6-21,CL-2,Asp-34,Asp,34,Populus ,tremuloides,47 10 04.91,68 20 42.06,0.5,not sampled,1.2,25,2,1.00,30,163,18,0.75,,,7.3,,,,31.0,1.1
6-21,CL-2,Asp-35,Asp,35,Populus ,tremuloides,47 09 59.96,68 20 49.99,0.5,not sampled,14.0,35,1,0.82,350,143,16,,,,7.2,,2.30,,32.0,2.8
6-21,CL-2,Asp-36,Asp,36,Populus ,tremuloides,47 10 00.06,68 20 51.51,0.5,not sampled,13.0,35,1,0.85,325,132,29,0.79,,,5.6,,1.92,,29.0,5.9
6-21,CL-2,Asp-37,Asp,37,Populus ,tremuloides,47 10 00.50,68 20 52.20,0.5,not sampled,14.0,65,1,0.86,350,156,16,0.81,,,7.3,,2.36,,29.0,3.8
6-21,CL-2,Asp-38,Asp,38,Populus ,tremuloides,47 10 00.66,68 20 51.71,0.5,not sampled,12.5,30,1,0.84,313,154,12,0.78,,,8.7,,2.43,,27.0,2.3
6-21,CL-2,Asp-39,Asp,39,Populus ,tremuloides,47 10 00.47,68 20 51.04,0.5,not sampled,16.0,40,1,0.75,400,153,32,0.81,,,8.7,,2.50,,33.0,3.2
6-21,CL-2,Asp-40,Asp,40,Populus ,tremuloides,47 10 00.57,68 20 50.55,0.5,not sampled,15.0,25,1,0.73,375,155,25,0.83,,,7.9,,2.48,,32.0,2.9
6-21,CL-3,Asp-6,Asp,6,Populus ,tremuloides,47 11 20.10,68 20 15.18,3.0,not sampled,12.8,50,2,0.36,11521,,,,,,,,,,,
6-22,CL-3,Asp-7,Asp,7,Populus ,tremuloides,47 11 20.07,68 20 15.03,not sampled,not sampled,not sampled,not sampled,not sampled,not sampled,not sampled,,,,,,,,,,,
6-21,CL-3,Asp-8,Asp,8,Populus ,tremuloides,47 11 20.10,68 20 14.95,4.9,not sampled,14.3,45,1,0.32,34394,116,16,0.83,,,,,2.07,,,
6-22,CL-3,Asp-9,Asp,9,Populus ,tremuloides,47 11 19.90,68 20 14.77,5.8,not sampled,15.2,70,1,0.56,51265,115,16,0.84,5.5,0.30,3.7,,2.12,23,35.0,3.8
6-22,CL-3,Bal-10,Bal,10,Populus,balsamifera,47 11 19.80,68 20 15.27,2.9,not sampled,11.6,60,1,0.45,9740,115,29,0.81,,,0.9,,1.56,31,46.7,5.9
6-22,CL-3,Bal-11,Bal,11,Populus,balsamifera,47 11 19.79,68 20 15.41,4.0,not sampled,10.7,50,1,0.49,17068,111,32,0.83,9.1,0.22,2.4,45.4,1.75,27,43.3,3.5
6-22,CL-3,Bal-13,Bal,13,Populus,balsamifera,47 11 19.73,68 20 15.09,2.5,not sampled,8.5,25,2,0.71,5334,121,47,0.83,17.3,0.17,2.4,,1.52,,50.0,6.4
6-22,CL-3,Bal-14,Bal,14,Populus,balsamifera,47 11 19.65,68 20 15.23,2.5,not sampled,8.5,35,2,0.79,5334,114,38,0.84,,,1.9,,1.93,,40.5,3.0
6-22,CL-3,Bal-15,Bal,15,Populus,balsamifera,47 11 19.55,68 20 15.52,not sampled,not sampled,not sampled,not sampled,not sampled,not sampled,not sampled,101,26,0.84,19.3,0.27,1.0,69.0,2.16,,45.5,3.1
6-22,CL-3,Asp-16,Asp,16,Populus,balsamifera,47 11 19.40,68 20 15.54,not sampled,not sampled,not sampled,not sampled,not sampled,not sampled,not sampled,129,13,0.83,15.9,,2.1,,2.05,,34.0,3.7
6-23,CL-3,Bal-17,Bal,17,Populus,balsamifera,47 11 19.03,68 20 15.24,3.3,not sampled,9.1,60,2,0.80,9957,129,30,0.79,20.2,0.40,1.0,57.5,1.89,25,44.0,4.3
6-22,CL-3,Asp-18,Asp,18,Populus ,tremuloides,47 11 19.16,68 20 16.05,4.2,not sampled,11.3,35,1,0.51,19893,136,16,0.84,20.1,0.23,4.1,,2.30,,23.0,1.9
6-22,CL-3,Asp-19,Asp,19,Populus ,tremuloides,47 11 19.16,68 20 16.11,4.3,not sampled,11.3,40,1,0.41,20851,155,22,0.84,16.7,0.17,2.0,,2.24,,24.0,3.8
6-22,CL-3,Asp-20,Asp,20,Populus ,tremuloides,47 11 18.85,68 20 16.28,5.5,not sampled,12.2,45,1,0.25,36879,127,21,0.84,19.0,0.28,4.3,,2.14,,27.0,5.4
6-23,CL-3,Asp-21a,Asp,1a,Populus ,tremuloides,47 11 19.99,68 20 14.90,3.1,not sampled,11.6,48,1,0.26,11130,134,12,0.82,3.8,0.02,0.0,,2.00,,,2.5
6-23,CL-3,Asp-21,Asp,21,Populus ,tremuloides,47 11 19.53,68 20 14.54,2.6,not sampled,9.8,not sampled,2,not sampled,6593,105,11,0.82,8.5,0.55,2.6,,2.12,23,31.5,2.9
6-23,CL-3,Asp-22,Asp,22,Populus ,tremuloides,47 11 19.79,68 20 13.90,1.1,not sampled,3.0,50,1,0.45,369,187,12,0.83,11.4,0.85,,,2.15,,,2.6
6-23,CL-3,Asp-23,Asp,23,Populus ,tremuloides,47 11 19.62,68 20 13.83,4.3,not sampled,not sampled,not sampled,not sampled,not sampled,not sampled,156,12,0.81,11.6,0.07,1.6,,1.91,,29.0,
6-23,CL-3,Asp-24,Asp,24,Populus ,tremuloides,47 11 19.15,68 20 13.37,7.2,1,12.8,45,2,0.64,66360,116,20,0.83,10.0,0.15,1.3,,2.22,22,36.0,3.4
6-23,CL-3,Asp-25,Asp,25,Populus ,tremuloides,47 11 18.90,68 20 13.34,5.2,not sampled,12.2,65,1,0.25,32966,139,13,0.82,,0.05,,,2.10,,,
6-23,CL-3,Asp-26,Asp,26,Populus ,tremuloides,47 11 18.70,68 20 13.84,1.2,not sampled,6.1,25,2,0.50,878,172,16,0.74,3.0,0.02,,,2.04,,,
6-23,CL-3,Bal-27,Bal,27,Populus,balsamifera,47 11 19.04,68 20 13.99,0.5,not sampled,0.8,75,1,0.73,19,151,28,0.72,15.5,0.14,6.2,,1.88,,34.0,2.9
6-23,CL-3,Asp-28,Asp,28,Populus ,tremuloides,not sampled,not sampled,4.1,not sampled,12.8,40,1,0.40,21518,130,24,0.80,8.0,0.04,3.2,,1.89,,38.0,6.3
6-23,CL-3,Asp-29,Asp,29,Populus ,tremuloides,47 11 19.31,68 20 14.51,5.0,not sampled,13.7,30,1,0.44,34288,126,18,0.80,31.9,0.18,,,2.17,,,
6-23,CL-3,Asp-30,Asp,30,Populus ,tremuloides,47 11 19.29,68 20 14.57,3.4,not sampled,not sampled,not sampled,1,not sampled,not sampled,113,15,0.80,16.7,0.86,3.9,,2.09,,31.5,3.4
6-23,CL-3,Asp-31,Asp,31,Populus ,tremuloides,47 11 19.29,68 20 14.75,3.1,not sampled,11.6,35,1,0.47,11130,145,16,0.78,6.3,0.03,2.6,,1.97,,32.5,4.9
,HB-1,Asp-1,Asp,1,Populus ,tremuloides,46 50 44.05,68 37 31.76,6.6,0,18.7,30,1,0.54,80057,,,,,,6.7,,,,,
7/24/21,HB-1,Asp-2,Asp,2,Populus ,tremuloides,46 50 44.33,68 37 32.27,16.0,0,16.0,90,1,0.73,410705,84,27,0.66,0.8,0.00,1.5,,,,30.2,2.6
7/24/21,HB-1,Asp-3,Asp,3,Populus ,tremuloides,46 50 44.42,68 37 31.88,4.6,0,16.0,20,2,0.34,33861,133,16,0.84,18.3,0.13,2.5,,2.16,,33.6,1.7
7/24/21,HB-1,Asp-7,Asp,7,Populus ,tremuloides,46 50 44.30,68 37 34.15,12.9,0,22.4,70,1,0.57,373294,80,24,0.82,8.0,0.04,2.0,,1.58,,47.0,
7/24/21,HB-1,Asp-20,Asp,20,Populus ,tremuloides,46 50 44.04,68 37 35.42,7.0,2,15.4,50,2,0.55,75331,100,16,0.85,28.4,0.25,3.5,,2.48,,34.3,1.5
,HB-1,Asp-21,Asp,21,Populus ,tremuloides,46 50 44.08,68 37 35.42,5.5,1,23.5,30,1,0.53,70990,,,,,,,,,,,
,HB-1,Asp-22,Asp,22,Populus ,tremuloides,46 50 44.12,68 37 35.67,12.2,0,31.2,80,1,0.61,465020,,,,,,,,,,30.7,
7/24/21,HB-1,Asp-23,Asp,23,Populus ,tremuloides,46 50 44.15,68 37 35.89,7.5,0,15.3,20,3,0.55,86209,111,23,0.84,13.8,0.13,0.8,,2.16,,29.9,2.6
7/24/21,HB-1,Asp-24,Asp,24,Populus ,tremuloides,46 50 44.23,68 37 36.03,8.9,0,20.0,35,2,0.49,158654,132,13,0.85,18.7,0.18,54.5,,2.12,,36.5,1.5
,HB-1,Asp-25,Asp,25,Populus ,tremuloides,46 50 44.16,68 37 36.41,9.9,0,8.5,35,1,0.49,83729,116,10,0.85,16.3,0.19,4.3,,2.12,,41.1,1.8
,HB-1,Asp-26,Asp,26,Populus ,tremuloides,46 50 43.98,68 37 36.31,26.4,0,19.0,65,2,0.82,1325830,131,20,0.84,11.0,0.08,1.1,,2.25,,,
,HB-1,Asp-27,Asp,27,Populus ,tremuloides,46 50 44.46,68 37 37.31,14.2,0,15.5,25,2,0.67,313599,,,,,,,,,,,
7/26/21,HB-1,Asp-31,Asp,31,Populus ,tremuloides,46 50 44.85,68 37 35.97,1.3,0,1.3,not sampled,2,1.00,203,97,12,0.80,21.9,,4.6,,1.38,,38.2,7.5
,HB-1,Asp-32,Asp,32,Populus ,tremuloides,46 50 45.19,68 37 37.19,16.5,0,24.2,55,1,0.65,659644,,,,,,,,,,,
7/26/21,HB-1,Asp-33,Asp,33,Populus ,tremuloides,46 50 45.12,68 37 36.66,12.2,6,8.3,45,1,0.69,123375,101,22,0.84,16.0,,,,1.87,,35.6,3.3
7/26/21,HB-1,Asp-34,Asp,34,Populus ,tremuloides,46 50 45.14,68 37 36.41,8.8,0,13.8,25,2,0.53,107531,126,28,0.84,18.3,0.14,27.6,,1.81,,38.8,4.1
,HB-1,Asp-35,Asp,35,Populus ,tremuloides,46 50 45.11,68 37 36.23,25.4,0,25.8,30,2,0.60,1661287,,,,,,,,,,,
7/27/21,HB-1,Asp-36,Asp,36,Populus ,tremuloides,46 50 44.98,68 37 36.35,15.6,0,13.3,45,2,0.41,325704,123,17,0.84,25.2,,2.3,,2.17,,35.1,1.5
,HB-1,Asp-37,Asp,37,Populus ,tremuloides,46 50 45.05,68 37 35.93,2.8,0,2.2,15,3,0.04,1737,123,9,0.85,17.4,0.14,8.4,,2.20,,39.9,
7/27/21,HB-1,Asp-38,Asp,38,Populus ,tremuloides,46 50 45.00,68 37 35.50,24.1,0,13.5,60,1,not sampled,784444,108,15,0.85,26.8,,1.3,,,,32.1,2.3
,HB-1,Asp-39,Asp,39,Populus ,tremuloides,46 50 44.87,68 37 34.69,1.3,0,1.0,not sampled,1,1.00,156,125,21,0.83,3.1,,7.3,,2.30,,41.2,1.7
,HB-1,Asp-40,Asp,40,Populus ,tremuloides,46 50 45.11,68 37 35.35,15.0,0,20.0,not sampled,-,not sampled,,,,,,,,,,,,
,HB-1,Asp-41,Asp,41,Populus ,tremuloides,46 50 45.11,68 37 34.96,12.3,0,20.3,not sampled,-,not sampled,,,,,,,,,,,,
7/26/21,HB-1,Asp-42,Asp,42,Populus ,tremuloides,46 50 45.10,68 37 34.38,6.9,0,not sampled,not sampled,-,not sampled,not sampled,91,8,0.83,2.6,,1.5,,2.31,,36.7,1.7
7/26/21,HB-1,Asp-45,Asp,45,Populus ,tremuloides,46 50 45.38,68 37 34.55,10.6,0,9.2,25,2,0.61,103883,88,16,0.84,26.5,,1.6,,1.94,24,34.8,2.7
,HB-1,Asp-48,Asp,48,Populus ,tremuloides,46 50 45.67,68 37 35.22,1.3,0,1.5,not sampled,3,1.00,234,134,6,0.74,4.5,,,,2.31,,39.6,3.3
,HB-1,Asp-49,Asp,49,Populus ,tremuloides,46 50 45.78,68 37 35.26,1.3,0,1.5,not sampled,3,1.00,234,121,15,0.83,31.5,,10.2,,1.85,,38.9,3.2
,HB-1,Asp-50,Asp,50,Populus ,tremuloides,46 50 45.83,68 37 35.27,1.3,0,2.0,not sampled,2,1.00,313,124,17,0.82,20.7,,,,1.96,,33.0,3.2
,HB-1,Asp-51,Asp,51,Populus ,tremuloides,46 50 45.86,68 37 35.42,1.3,0,1.8,not sampled,3,1.00,273,120,41,0.78,4.6,,,,1.59,,34.1,10.6
,HB-1,Asp-52,Asp,52,Populus ,tremuloides,46 50 45.49,68 37 35.53,13.5,0,10.9,5,3,0.08,198282,101,16,0.82,0.5,,1.7,,2.02,,,
,HB-1,Asp-53,Asp,53,Populus ,tremuloides,46 50 45.76,68 37 35.75,1.3,0,1.5,not sampled,3,1.00,234,,,0.81,,,6.5,,1.82,,36.9,3.2
,HB-1,Bal-56,Bal,56,Populus ,balsamifera,46 50 46.2,68 37 35.67,1.3,0,1.8,not sampled,2,1.00,281,,13,0.80,11.4,,,13.9,2.20,,37.9,1.3
7/27/21,HB-1,Bal-60,Bal,60,Populus ,balsamifera,46 50 45.72,68 37 34.04,3.7,0,1.3,not sampled,1,not sampled,1755,,19,0.79,26.8,,6.0,12.8,1.97,,40.0,1.5
7/24/21,HB-1,Bal-4,Bal,4,Populus ,balsamifera,46 50 44.01,68 37 33.17,18.0,0,26.2,50,1,0.52,852980,189,49,0.84,28.5,0.37,2.9,8.7,1.84,,41.0,0.2
,HB-1,Bal-5,Bal,5,Populus ,balsamifera,46 50 44.08,68 37 33.09,19.4,0,21.6,45,1,0.24,817059,,,,,,,,,,,
,HB-1,Bal-6,Bal,6,Populus ,balsamifera,46 50 43.92,68 37 33.73,24.3,0,20.7,80,1,0.49,1215069,,,,,,,,,,,
7/24/21,HB-1,Bal-8,Bal,8,Populus ,balsamifera,46 50 44.35,68 37 34.31,1.3,0,1.3,not sampled,2,1.00,203,103,38,0.82,18.7,0.14,6.7,12.1,1.66,,33.3,6.2
7/24/21,HB-1,Bal-9,Bal,9,Populus ,balsamifera,46 50 44.31,68 37 34.44,1.3,0,1.2,not sampled,2,1.00,188,198,49,0.78,16.0,0.18,7.9,13.2,1.84,,36.1,3.1
7/24/21,HB-1,Bal-10,Bal,10,Populus ,balsamifera,46 50 44.74,68 37 34.40,1.3,0,1.4,not sampled,2,1.00,211,111,52,0.83,31.8,0.22,1.9,21.1,1.99,,47.0,2.7
7/24/21,HB-1,Bal-11,Bal,11,Populus ,balsamifera,46 50 44.75,68 37 34.48,1.3,0,2.2,not sampled,1,1.00,344,83,22,0.80,27.7,0.23,6.7,12.9,1.62,,45.6,3.8
7/26/21,HB-1,Bal-12,Bal,12,Populus ,balsamifera,46 50 44.88,68 37 33.23,1.3,0,2.8,not sampled,2,1.00,438,233,25,0.82,30.2,0.31,6.5,12.2,,,40.3,2.5
7/24/21,HB-1,Bal-13,Bal,13,Populus ,balsamifera,46 50 44.98,68 37 32.98,1.3,0,3.0,55,1,0.83,469,72,20,0.85,11.9,,4.3,23.5,1.77,,37.8,0.8
7/24/21,HB-1,Bal-14,Bal,14,Populus ,balsamifera,46 50 45.15,68 37 32.79,4.1,0,1.9,80,1,0.99,3206,81,27,0.79,25.6,0.27,5.1,15.4,1.70,,49.5,3.5
7/24/21,HB-1,Bal-15,Bal,15,Populus ,balsamifera,46 50 45.22,68 37 32.84,3.6,0,3.0,90,1,0.57,3794,110,23,0.80,27.0,0.27,2.2,9.8,1.75,28,43.8,3.8
7/24/21,HB-1,Bal-16,Bal,16,Populus ,balsamifera,46 50 45.16,68 37 32.97,1.3,0,2.5,30,1,0.80,391,247,35,0.83,11.6,0.11,21.7,16.8,1.78,,38.0,2.3
7/26/21,HB-1,Bal-17,Bal,17,Populus ,balsamifera,46 50 44.91,68 37 32.69,2.8,0,2.4,30,1,0.64,1855,121,22,0.83,19.5,0.24,4.9,17.3,2.11,,40.1,1.2
7/26/21,HB-1,Bal-18,Bal,18,Populus ,balsamifera,46 50 45.10,68 37 33.02,1.3,0,3.0,30,1,0.83,469,98,25,0.78,8.4,0.07,3.6,20.8,1.70,,32.6,2.1
7/26/21,HB-1,Bal-19,Bal,19,Populus ,balsamifera,46 50 45.05,68 37 33.09,1.3,0,2.3,45,1,0.89,359,129,56,0.73,17.4,0.33,7.3,13.3,1.71,,45.6,2.1
7/26/21,HB-1,Bal-28,Bal,28,Populus ,balsamifera,46 50 44.58,68 37 36.55,1.3,0,0.9,not sampled,3,1.00,141,110,11,0.81,21.7,,3.7,12.9,1.53,,49.3,2.7
7/26/21,HB-1,Bal-29,Bal,29,Populus ,balsamifera,46 50 44.66,68 37 35.74,1.3,0,0.9,not sampled,1,1.00,148,135,29,0.81,31.2,,6.6,5.2,1.89,,43.7,8.5
7/26/21,HB-1,Bal-30,Bal,30,Populus ,balsamifera,46 50 44.65,68 37 35.93,1.3,0,0.9,not sampled,1,1.00,141,103,35,0.82,36.3,,,,1.89,,41.7,3.3
,HB-1,Bal-43,Bal,43,Populus ,balsamifera,46 50 45.52,68 37 34.08,1.3,0,1.1,not sampled,2,1.00,171,111,18,0.81,23.7,,,,1.61,,,
,HB-1,Bal-44,Bal,44,Populus ,balsamifera,46 50 45.55,68 37 34.35,1.3,0,1.1,25,2,1.00,172,108,19,0.81,16.7,,3.4,15.3,1.58,,49.4,2.3
,HB-1,Bal-46,Bal,46,Populus ,balsamifera,46 50 45.57,68 37 34.74,1.3,0,1.3,30,1,1.00,203,,18,0.83,17.9,,0.5,21.7,2.03,,40.2,2.9
,HB-1,Bal-47,Bal,47,Populus ,balsamifera,46 50 45.55,68 37 34.86,1.3,0,2.3,35,1,1.00,359,87,22,0.82,16.8,,4.4,18.3,1.62,,39.8,3.8
,HB-1,Bal-55,Bal,55,Populus ,balsamifera,46 50 45.76,68 37 35.75,1.3,0,2.2,not sampled,2,1.00,344,,,0.66,,,6.1,,1.82,,43.8,3.8
,HB-1,Bal-57,Bal,57,Populus ,balsamifera,46 50 46.42,68 37 35.37,12.8,1,17.8,45,2,0.61,292044,,,,,,,,,,,
,HB-1,Bal-58,Bal,58,Populus ,balsamifera,46 50 46.33,68 37 35.28,21.1,0,11.4,60,2,0.42,508489,,,,,,,,,,,
,HB-1,Asp-59,Asp,59,Populus ,tremuloides,46 50 46.56,68 37 35.57,15.5,0,16.4,not sampled,3,not sampled,394852,,,,,,,,,,,
,HB-1,Big-54,Big,54,Populus ,grandidentata,46 50 46.17,68 37 36.07,1.3,0,0.8,not sampled,3,1.00,125,153,8,0.82,30.6,,,,2.35,,36.9,3.7
7/27/21,HB-2,Big-3,Big,3,Populus ,grandidentata,46 53 25.16,68 37 34.36,10.9,0,17.2,not sampled,3,not sampled,205496,104,7,0.84,8.1,0.03,,,2.72,,31.9,
,HB-2,Asp-48,Asp,48,Populus ,tremuloides,46 50 45.69,68 37 35.30,not sampled,not sampled,no data,no data,no data,not sampled,not sampled,,10,0.84,7.2,0.05,,,2.08,,38.1,6.0
,HB-2,Asp-50,Asp,50,Populus ,tremuloides,not sampled,not sampled,not sampled,not sampled,no data,no data,no data,not sampled,not sampled,,,,19.0,0.14,,,,,34.8,
7/27/21,HB-2,Bal-5,Bal,5,Populus ,balsamifera,46 53 25.16,68 37 34.37,5.1,0,4.7,20,2,0.56,12121,107,41,0.85,27.9,0.33,,11.0,1.67,,41.0,7.0
,HB-2,Bal-35,Bal,35,Populus ,balsamifera,not sampled,not sampled,not sampled,not sampled,not sampled,not sampled,not sampled,not sampled,not sampled,53,33,0.82,11.8,0.08,,,1.43,,57.0,
,HB-2,Bal-36,Bal,36,Populus ,balsamifera,not sampled,not sampled,not sampled,not sampled,not sampled,not sampled,not sampled,not sampled,not sampled,146,41,0.81,11.5,0.11,,25.2,1.50,,44.0,6.7
,HB-2,Bal-37,Bal,37,Populus ,balsamifera,not sampled,not sampled,not sampled,not sampled,not sampled,not sampled,not sampled,not sampled,not sampled,83,18,0.63,5.2,0.01,,,0.98,,,
,HB-2,Bal-38,Bal,38,Populus ,balsamifera,not sampled,not sampled,not sampled,not sampled,not sampled,not sampled,not sampled,not sampled,not sampled,110,24,0.82,10.2,0.12,,26.8,1.35,,36.0,8.1
,HB-2,Bal-39,Bal,39,Populus ,balsamifera,not sampled,not sampled,not sampled,not sampled,not sampled,not sampled,not sampled,not sampled,not sampled,111,21,0.80,14.9,0.11,,9.4,1.26,,44.5,21.1
,HB-2,Bal-40,Bal,40,Populus ,balsamifera,not sampled,not sampled,not sampled,not sampled,not sampled,not sampled,not sampled,not sampled,not sampled,119,28,0.72,18.9,0.27,,25.6,1.34,,41.0,6.3
,HB-2,Bal-41,Bal,41,Populus ,balsamifera,46 53 30.29,68 37 34.59,1.3,0,2.5,85,1,1.00,391,,35,0.77,10.8,0.10,,,1.00,,45.0,9.3
,HB-2,Bal-42,Bal,42,Populus ,balsamifera,not sampled,not sampled,not sampled,not sampled,not sampled,not sampled,not sampled,not sampled,not sampled,104,21,0.82,16.2,0.17,,10.0,1.57,,36.0,6.0
,HB-2,Bal-43,Bal,43,Populus ,balsamifera,not sampled,not sampled,not sampled,not sampled,not sampled,not sampled,not sampled,not sampled,not sampled,70,20,0.72,18.4,0.23,,14.4,1.32,,44.0,14.8
,HB-2,Bal-44,Bal,44,Populus ,balsamifera,not sampled,not sampled,not sampled,not sampled,not sampled,not sampled,not sampled,not sampled,not sampled,113,34,0.79,,,,4.5,1.52,,41.0,3.7
,HB-2,Bal-46,Bal,46,Populus ,balsamifera,46 53 30.21,68 37 33.96,1.3,0,3.5,95,1,1.00,547,,,,,,,,,,,
,HB-2,Bal-49,Bal,49,Populus ,balsamifera,46 50 45.81,68 37 35.36,not sampled,not sampled,not sampled,not sampled,not sampled,not sampled,not sampled,102,27,0.83,19.5,0.21,,11.1,1.50,,59.5,8.7
7/27/21,HB-2,Big-1,Big,1,Populus ,grandidentata,46 53 25.18,68 37 34.64,8.4,0,11.1,40,1,0.67,78146,141,23,0.81,25.4,0.27,1.2,25.3,2.07,,32.4,7.3
7/27/21,HB-2,Big-2,Big,2,Populus ,grandidentata,46 53 25.17,68 37 34.48,8.9,1,13.4,45,1,0.73,105924,138,31,0.83,26.4,0.22,,30.6,1.91,25,33.0,4.2
7/27/21,HB-2,Big-4,Big,4,Populus ,grandidentata,46 53 25.12,68 37 34.10,13.1,1,15.0,40,2,0.84,256721,106,34,0.85,2.9,0.01,,38.6,2.03,24,35.7,5.4
7/27/21,HB-2,Asp-6,Asp,6,Populus ,tremuloides,46 53 25.13,68 37 34.50,27.9,0,21.8,80,1,0.60,1700603,,26,0.82,21.9,0.13,,,1.91,,29.6,
7/27/21,HB-2,Big-7,Big,7,Populus ,grandidentata,46 53 25.53,68 37 33.73,7.5,1,26.5,30,2,0.34,148802,114,30,0.83,0.2,0.00,,28.9,2.33,,29.2,1.2
7/27/21,HB-2,Big-8,Big,8,Populus ,grandidentata,46 53 25.58,68 37 33.29,12.4,2,23.7,50,2,0.51,366810,129,36,0.81,5.6,0.01,,,2.68,,28.5,1.2
7/27/21,HB-2,Big-9,Big,9,Populus ,grandidentata,46 53 25.62,68 37 32.65,9.7,1,21.9,55,1,0.58,204078,127,25,0.84,0.4,0.00,,28.2,2.62,19,33.5,3.5
7/27/21,HB-2,Big-10,Big,10,Populus ,grandidentata,46 53 25.53,68 37 32.68,5.1,0,16.2,60,1,0.62,41689,122,32,0.84,0.4,0.00,,,2.64,18,30.0,5.2
7/27/21,HB-2,Big-11,Big,11,Populus ,grandidentata,46 53 25.49,68 37 32.56,7.4,0,14.9,40,1,0.47,81115,169,42,0.84,2.9,0.00,,,2.76,,27.2,2.4
7/27/21,HB-2,Big-12,Big,12,Populus ,grandidentata,46 53 25.52,68 37 31.70,8.4,0,10.0,35,1,0.82,70110,,,0.84,,,,,2.14,,26.8,5.7
,HB-2,Asp-16,Asp,16,Populus ,tremuloides,46 53 25.82,68 37 31.36,28.8,0,24.1,90,1,0.71,1992646,,,,,,,,,,25.9,
,HB-2,Big-45,Big,45,Populus ,grandidentata,no data,not sampled,not sampled,not sampled,not sampled,not sampled,not sampled,not sampled,not sampled,80,37,0.82,17.5,0.13,,,2.08,,34.0,4.0
7/27/21,HB-2,Asp-13,Asp,13,Populus ,tremuloides,46 53 25.52,68 37 31.48,5.5,0,8.4,30,1,0.71,25044,,3,0.80,,,,,2.23,,,
7/27/21,HB-2,Asp-14,Asp,14,Populus ,tremuloides,46 53 25.61,68 37 31.67,25.5,0,16.3,85,1,0.79,1063884,,,,,,,,,,,
7/27/21,HB-2,Asp-15,Asp,15,Populus ,tremuloides,46 53 25.4,68 37 31.42,16.5,0,19.4,25,2,0.49,524691,,,,,,,,,,,
7/27/21,HB-2,Asp-17,Asp,17,Populus ,tremuloides,46 53 25.51,68 37 30.78,21.1,0,26.4,60,1,0.64,1174866,,,,,,,,,,,
7/27/21,HB-2,Asp-18,Asp,18,Populus ,tremuloides,46 53 26.06,68 37 30.94,13.5,0,33.0,40,1,0.61,598297,,,,,,,,,,,
7/27/21,HB-2,Asp-19,Asp,19,Populus ,tremuloides,46 53 26.1,68 37 30.99,19.6,2,17.0,15,3,0.61,648504,,,,,,,,,,,
7/27/21,HB-2,Asp-20,Asp,20,Populus ,tremuloides,46 53 26.16,68 37 30.93,19.8,0,18.9,70,1,0.81,741006,,,,,,,,,,,
7/28/21,HB-2,Asp-21,Asp,21,Populus ,tremuloides,46 53 26.97,68 37 31.7,25.9,0,23.0,65,1,0.65,1540638,,,,,,,,,,,
7/28/21,HB-2,Asp-22,Asp,22,Populus ,tremuloides,46 53 27.18,38 37 31.75,13.5,1,17.5,45,1,0.61,317829,,,,,,,,,,,
,HB-2,Asp-24,Asp,24,Populus ,tremuloides,46 53 27.58,68 37 31.97,14.2,0,21.4,40,1,0.63,433031,,,,,,,,,,,
,HB-2,Asp-25,Asp,25,Populus ,tremuloides,46 53 27.66,68 37 32.22,13.7,0,25.3,50,1,0.72,475042,,,,,,,,,,,
,HB-2,Asp-27,Asp,27,Populus ,tremuloides,46 53 28.07,68 37 33.26,25.3,0,23.8,90,1,0.66,1522343,,,,,,,,,,,
,HB-2,Asp-28,Asp,28,Populus ,tremuloides,not sampled,not sampled,18.7,0,24.5,60,1,0.61,853086,,,,,,,,,,,
,HB-2,Asp-29,Asp,29,Populus ,tremuloides,46 53 28.44,68 37 32.90,25.4,0,24.3,75,1,0.63,1567735,,,,,,,,,,,
,HB-2,Asp-30,Asp,30,Populus ,tremuloides,46 53 28.62,68 37 32.81,34.9,0,12.8,2,3,0.03,1561929,,,,,,,,,,,
,HB-2,Bal-31,Bal,31,Populus ,tremuloides,46 53 29.59,68 37 32.95,10.7,0,6.1,60,1,0.58,69445,,,,,,,,,,,
,HB-2,Asp-32,Asp,32,Populus ,tremuloides,no data,not sampled,14.2,0,15.6,55,1,0.69,316397,,21,0.87,,,,,2.17,22,28.5,5.7
,HB-2,Asp-33,Asp,33,Populus ,tremuloides,46 53 29.96,68 37 33.28,4.8,0,4.5,55,1,0.71,10381,92,8,0.82,,,,,1.62,,30.9,5.2
,HB-2,Asp-34,Asp,34,no data,no data,not sampled,not sampled,5.0,0,4.3,70,1,0.38,10532,,,,,,,,,,,
,HB-2,Asp-50,Asp,50,Populus ,tremuloides,not sampled,not sampled,not sampled,not sampled,not sampled,not sampled,not sampled,not sampled,not sampled,,,0.80,,,,,2.07,,,4.3
,HB-2,Asp-51,Asp,51,Populus ,tremuloides,46 53 30.17,68 37 33.62,4.4,0,4.5,40,1,0.93,8891,,,,,,,,,,,
,RR-1,Asp-4,Asp,4,Populus ,tremuloides,46 55 34.35,68 42 37.79,8.1,0,11.5,50,1,0.58,75689,,,0.82,2.4,0.01,,,2.19,,,
,RR-1,Asp-5,Asp,5,Populus ,tremuloides,46 55 34.52,68 42 39.99,19.7,2,24.3,75,1,0.76,940089,,,0.80,2.6,0.01,,,1.95,,,
,RR-1,Asp-6,Asp,6,Populus ,tremuloides,46 55 34.56,68 42 38.34,18.9,1,18.7,70,1,0.63,667876,,,0.83,15.5,0.10,,,2.00,,,
,RR-1,Asp-8,Asp,8,Populus ,tremuloides,46 55 34.86,68 42 38.68,27.4,0,22.9,90,1,0.69,1726520,125,17,0.84,21.8,0.30,2.7,,2.14,,38.0,
,RR-1,Asp-9,Asp,9,Populus ,tremuloides,46 55 34.81,68 42 38.40,3.3,0,3.0,15,3,0.17,3271,,,0.65,2.1,0.01,,,1.55,,,
,RR-1,Asp-10,Asp,10,Populus ,tremuloides,46 55 34.93,68 42 38.85,10.7,0,15.7,35,1,0.67,178967,142,21,0.88,28.9,0.33,,,,,,
,RR-1,Bal-11,Bal,11,Populus ,balsamifera,46 55 34.86,68 42 39.10,16.5,1,18.9,55,1,0.70,514588,,,0.84,,,0.8,,2.01,,31.2,
,RR-1,Asp-12,Asp,12,Populus ,tremuloides,46 55 35.15,68 42 38.70,18.5,0,21.1,90,1,0.76,726981,121,17,0.85,26.4,0.31,3.0,,2.39,,36.0,
,RR-1,Asp-15,Asp,15,Populus ,tremuloides,46 55 35.20,68 42 38.43,7.9,3,11.2,55,1,0.74,69311,111,25,0.82,25.0,0.27,,,2.05,,,
,RR-1,Asp-16,Asp,16,Populus ,tremuloides,46 55 35.22,68 42 38.29,7.6,0,3.5,15,2,0.39,20552,,,0.80,4.8,0.03,,,1.80,,,
,RR-1,Asp-17,Asp,17,Populus ,tremuloides,46 55 35.43,68 42 38.21,6.4,0,9.8,55,1,0.53,39495,112,10,0.84,28.9,0.31,2.5,,2.16,,37.0,
,RR-1,Asp-18,Asp,18,Populus ,tremuloides,46 55 34.33,68 42 38.32,9.4,0,15.9,40,1,0.78,140067,117,15,0.84,15.7,0.20,3.1,,1.94,,33.5,
,RR-1,Asp-19,Asp,19,Populus ,tremuloides,46 55 35.40,68 42 38.14,17.8,2,20.4,20,2,0.75,644660,,18,0.85,,,1.7,,2.32,,35.5,
,RR-1,Asp-20,Asp,20,Populus ,tremuloides,46 55 35.43,68 42 38.01,12.7,0,13.1,10,2,0.55,211470,152,12,0.84,9.8,0.12,3.1,,1.81,19,35.5,
,RR-1,Asp-21,Asp,21,Populus ,tremuloides,46 55 35.58,68 42 38.12,17.8,0,17.1,30,1,0.00,539080,115,19,0.83,22.0,0.23,2.0,,2.84,,34.5,
,RR-1,Asp-22,Asp,22,Populus ,tremuloides,46 55 35.43,68 42 37.72,3.8,0,1.2,15,1,0.92,1814,126,12,0.85,21.9,0.37,2.2,,1.78,,34.0,
,RR-1,Bal-23,Bal,23,Populus ,balsamifera,46 55 35.39,68 42 37.70,3.8,0,2.0,25,2,0.88,2880,,,0.84,19.9,0.40,,,1.46,,41.5,
,RR-1,Asp-24,Asp,24,Populus ,tremuloides,46 55 35.58,68 42 37.94,9.9,0,8.8,25,1,0.57,86592,142,15,0.82,,,1.6,,1.94,,36.5,
,RR-1,Asp-25,Asp,25,Populus ,tremuloides,46 55 35.58,68 42 37.73,11.7,0,15.1,10,1,0.22,206291,88,18,0.81,,,,,1.89,,,
,RR-1,Asp-26,Asp,26,Populus ,tremuloides,46 55 35.64,68 42 37.62,10.7,0,9.4,15,1,0.51,107212,116,14,0.81,22.1,0.21,2.6,,1.70,,37.0,
,RR-1,Asp-28,Asp,28,Populus ,tremuloides,46 55 35.67,68 42 37.60,9.9,0,11.0,25,2,0.45,107988,94,13,0.83,,,4.0,,1.61,,41.0,
,RR-1,Asp-29,Asp,29,Populus ,tremuloides,47 55 35.60,69 42 37.42,7.9,0,7.7,35,2,0.30,47614,131,18,0.82,22.5,0.22,2.8,,1.75,,34.0,
,RR-1,Asp-30,Asp,30,Populus ,tremuloides,46 55 35.77,68 42 37.38,10.7,not sampled,not sampled,not sampled,not sampled,not sampled,not sampled,114,22,0.86,,,1.9,,1.92,,42.0,
,RR-1,Asp-31,Asp,31,Populus ,tremuloides,46 55 35.71,68 42 37.33,7.1,not sampled,not sampled,not sampled,not sampled,not sampled,not sampled,130,23,,20.3,0.17,,,,,,
,RR-1,Asp-32,Asp,32,Populus ,tremuloides,47 55 35.87,69 42 37.00,8.3,not sampled,not sampled,not sampled,not sampled,not sampled,not sampled,128,18,0.82,,,2.3,,2.10,,34.0,
,RR-1,Asp-33 ,Asp,3,Populus ,tremuloides,46 55 35.84,68 42 36.46,10.3,not sampled,not sampled,not sampled,not sampled,not sampled,not sampled,,,,,,,,,,,
,RR-1,Asp-34,Asp,34,Populus ,tremuloides,46 55 35.83,68 42 36.93,10.9,not sampled,not sampled,not sampled,not sampled,not sampled,not sampled,,,,,,,,,,,
,RR-1,Asp-35,Asp,35,Populus ,tremuloides,46 55 35.92,68 42 36.82,7.6,not sampled,not sampled,not sampled,not sampled,not sampled,not sampled,,,,,,,,,,,
,RR-1,Asp-36,Asp,36,Populus ,tremuloides,46 55 35.89,68 42 36.86,9.4,not sampled,not sampled,not sampled,not sampled,not sampled,not sampled,,,,,,,,,,,
,RR-1,Asp-37,Asp,37,Populus ,tremuloides,46 55 35.87,68 42 36.54,19.7,not sampled,not sampled,not sampled,not sampled,not sampled,not sampled,,,,,,,,,,,
,RR-1,Asp-38,Asp,38,Populus ,tremuloides,46 65 35.92,68 42 36.52,13.0,not sampled,not sampled,not sampled,not sampled,not sampled,not sampled,,,,,,,,,,,
,RR-1,Asp-39,Asp,39,Populus ,tremuloides,46 65 36.01,68 42 36.40,10.4,not sampled,not sampled,not sampled,not sampled,not sampled,not sampled,,,,,,,,,,,
,RR-1,Asp-40,Asp,40,Populus ,tremuloides,46 65 35.97,68 42 36.25,9.4,not sampled,not sampled,not sampled,not sampled,not sampled,not sampled,,,,,,,,,,,
,RR-1,Asp-41,Asp,41,Populus ,tremuloides,46 55 35.91,68 42 36.24,6.1,not sampled,not sampled,not sampled,not sampled,not sampled,not sampled,,,,,,,,,,,
,RR-1,Asp-42,Asp,42,Populus ,tremuloides,46 55 35.91,68 42 36.64,16.3,not sampled,not sampled,not sampled,not sampled,not sampled,not sampled,,,,,,,,,,,
,RR-1,Asp-44,Asp,44,Populus ,tremuloides,46 55 35.42,68 42 36.45,18.0,not sampled,not sampled,not sampled,not sampled,not sampled,not sampled,113,21,0.81,26.4,0.25,3.8,,2.04,23,36.6,
,RR-1,Asp-45,Bal,45,Populus ,balsamifera,46 55 35.74,68 42 36.12,3.8,0,2.3,85,1,1.00,3339,,,0.81,21.9,0.14,,,1.91,,46.0,
,RR-1,Asp-52,Asp,52,Populus ,tremuloides,46 55 35.35,68 42 35.29,10.4,0,6.9,50,1,0.44,74855,119,12,0.84,22.7,0.20,,,2.39,,,
,RR-1,Asp-53,Asp,53,Populus ,tremuloides,46 55 35.29,68 42 35.28,8.9,0,4.5,65,2,0.22,35564,128,17,0.84,,,,,2.42,,,
,RR-1,Asp-54,Asp,54,Populus ,tremuloides,46 55 35.14,68 42 38.39,13.7,0,12.8,60,2,0.73,240855,,,,,,,,,,,
,RR-1,Bal-1,Bal,1,Populus ,balsamifera,46 55 34.10,68 42 37.20,not sampled,not sampled,not sampled,not sampled,not sampled,not sampled,not sampled,,,0.80,15.0,0.14,1.2,22.6,1.44,,48.6,
,RR-1,Bal-2,Bal,2,Populus ,balsamifera,46 55 34.04,68 42 37.13,17.0,0,17.0,70,1,0.87,492367,,,0.78,18.3,0.17,1.0,25.2,1.45,32,44.7,
,RR-1,Bal-3,Bal,3,Populus ,balsamifera,46 55 34.36,68 42 37.65,17.4,0,14.9,85,1,0.82,451142,,,0.81,18.5,0.17,0.8,25.4,1.70,27,48.8,
,RR-1,Bal-7,Bal,7,Populus ,balsamifera,46 55 34.66,68 42 38.55,10.3,0,13.8,30,1,0.64,145561,,,0.86,16.4,0.19,0.5,20.5,2.10,,42.5,
,RR-1,Bal-11,Bal,11,Populus ,balsamifera,46 55 35.01,68 42 38.94,16.5,1,12.2,90,1,0.00,332548,114,45,0.84,14.9,0.20,2.8,17.8,2.00,,36.7,
,RR-1,Bal-23,Bal,23,Populus ,balsamifera,46 55 35.40,68 42 37.67,3.8,0,69.1,25,2,0.01,100350,124,30,0.84,,,1.1,22.0,1.47,,41.3,
,RR-1,Bal-43,Bal,43,Populus ,balsamifera,46 55 35.61,68 42 36.64,13.6,not sampled,not sampled,not sampled,not sampled,not sampled,not sampled,57,21,0.83,,,0.9,28.0,1.91,,49.9,
,RR-1,Bal-46,Bal,46,Populus ,balsamifera,46 55 35.55,68 42 36.05,1.3,0,2.3,85,1,1.00,359,,,,,,1.2,,1.91,,44.3,
,RR-1,Bal-47,Bal,47,Populus ,balsamifera,46 55 35.48,68 42 35.96,1.3,0,1.7,70,1,0.94,266,178,24,0.83,30.2,0.22,1.2,29.8,1.78,,50.5,
,RR-1,Bal-48,Bal,48,Populus ,balsamifera,46 55 35.53,68 42 35.77,1.3,0,2.7,80,1,1.00,422,111,17,0.81,20.2,0.31,2.3,,1.30,,56.0,
,RR-1,Bal-49,Bal,49,Populus ,balsamifera,46 55 35.52,68 42 35.48,7.6,0,8.8,85,1,0.45,51097,,,0.76,,,,,,,,
,RR-1,Bal-50,Bal,50,Populus ,balsamifera,46 55 35.51,68 42 35.41,6.4,0,4.5,80,1,0.25,18330,123,16,0.80,21.2,,1.3,21.9,1.81,,46.0,
,RR-1,Bal-55,Bal,55,Populus ,balsamifera,46 55 35.17,68 42 35.52,4.3,0,2.0,70,1,1.00,3728,,,,,,,,,,,
,RR-1,Bal-51,Bal,51,Populus ,balsamifera,46 55 35.50,68 42 35.38,5.7,0,9.9,70,1,0.61,32016,,,,,,,,,,,
,RR-1,Asp-14,Asp,14,Populus ,tremuloides,46 55 35.15,68 42 38.56,7.4,2,8.3,40,1,0.63,44766,145,15,0.84,19.0,0.28,3.3,,1.79,,31.5,
,RR-1,Big-13,Big,13,Populus ,grandidentata,46 55 35.12,68 42 58.67,7.6,0,12.5,30,1,0.88,72439,111,29,0.83,,,2.7,50.8,1.98,,37.0,
,RR-1,Big-27,Big,27,Populus ,grandidentata,46 55 35.68,68 42 37.63,10.9,0,11.3,15,2,0.21,134520,99,19,0.82,,,2.0,19.9,2.29,,32.5,
7/1/2022,HB-3,Asp-1,Asp,1,Populus,tremuloides,46 50 14.9,68 40 6.16,1.3,0,2.5,not sampled,1,1.00,423,422,50,,,,,2.7,2.56,,24.0,
7/1/2022,HB-3,Bal-2,Bal,2,Populus,balsamifera,46 54 15.45,68 40.6 26,1.3,0,1.2,not sampled,1,1.00,203,120,21,,,,,5.9,,,36.0,
7/1/2022,HB-3,Bal-3,Bal,3,Populus,balsamifera,46 54 15.45,68 40 6.35,12.2,0,9.3,30,2,0.56,138421,84,54,,,,,13.2,1.92,25,51.0,
7/1/2022,HB-3,Bal-4,Bal,4,Populus,balsamifera,46 54 13.51,68 40 6.44,13.0,0,8.0,45,2,0.54,135200,,58,,,,,12.4,1.42,,47.0,
7/1/2022,HB-3,Bal-5,Bal,5,Populus,balsamifera,46 54 13.44,68 40 6.50,14.2,0,10.3,20,1,0.79,207689,214,77,,,,,9.4,2.13,23,42.0,
7/1/2022,HB-3,Bal-6,Bal,6,Populus,balsamifera,46 54 13.04,68 40 6.55,19.1,0,9.6,45,2,0.60,350218,300,66,,,,,7.9,2.19,22,39.5,
7/1/2022,HB-3,Bal-15,Bal,15,Populus,balsamifera,46 54 11.18,68 40 6.60,16.8,0,10.8,75,1,1.00,304819,106,21,,,,,12.7,1.83,26,51.0,
7/1/2022,HB-3,Bal-16,Bal,16,Populus,balsamifera,46 54 10.96,68 40 6.60,7.6,0,5.7,65,1,1.00,32923,90,46,,,,,17.7,1.97,25,52.6,
7/1/2022,HB-3,Bal-23,Bal,23,Populus,balsamifera,46 54 10.54,68 40 7.52,32.5,0,15.0,65,1,0.63,1584375,182,84,,,,,12.3,2.16,22,52.3,
7/1/2022,HB-3,Bal-28,Bal,28,Populus,balsamifera,46 54 11.31,68 40 7.33,24.9,0,11.2,40,2,1.00,694411,276,74,,,,,13.4,1.90,26,50.7,
7/1/2022,HB-3,Bal-29,Bal,29,Populus,balsamifera,46 54 11.49,68 40 7.26,18.0,0,11.1,35,2,0.54,359640,190,45,,,,,13.2,2.00,24,54.2,
7/1/2022,HB-3,Bal-30,Bal,30,Populus,balsamifera,46 54 11.79,68 40 7.17,17.8,0,11.3,35,2,-0.40,358029,,,,,,,,,,,
7/1/2022,HB-3,Bal-31,Bal,31,Populus,balsamifera,46 54 12.20,68 40 7.33,24.6,0,13.9,50,1,0.78,841172,,,,,,,,,,,
7/1/2022,HB-3,Bal-33,Bal,33,Populus,balsamifera,46 54 13.60,68 40 7.05,11.9,0,11.5,25,1,0.33,162852,,,,,,,,,,,
7/1/2022,HB-3,Bal-34,Bal,34,Populus,balsamifera,46 54 10.29,68 40 4.97,14.0,0,10.9,40,2,1.00,213640,,,,,,,,,,,
,,,,,,,,,,,,,,,,,,,,,,,,,,
,,,,,,,,,,,,,,,,,,,,,,,,,,
,,,,,,,,,,,,,,,,,,,,,,,,,,
,,,,,,,,,,,,,,,,,,,,,,,,,,
,,,,,,,,,,,,,,,,,,,,,,,,,,
,,,,,,,,,,,,,,,,,,,,,,,,,,
,,,,,,,,,,,,,,,,,,,,,,,,,,
,,,,,,,,,,,,,,,,,,,,,,,,,,
,,,,,,,,,,,,,,,,,,,,,,,,,,
,,,,,,,,,,,,,,,,,,,,,,,,,,
,,,,,,,,,,,,,,,,,,,,,,,,,,
,,,,,,,,,,,,,,,,,,,,,,,,,,
,,,,,,,,,,,,,,,,,,,,,,,,,,
,,,,,,,,,,,,,,,,,,,,,,,,,,
,,,,,,,,,,,,,,,,,,,,,,,,,,
,,,,,,,,,,,,,,,,,,,,,,,,,,
,,,,,,,,,,,,,,,,,,,,,,,,,,
,,,,,,,,,,,,,,,,,,,,,,,,,,
,,,,,,,,,,,,,,,,,,,,,,,,,,
,,,,,,,,,,,,,,,,,,,,,,,,,,
,,,,,,,,,,,,,,,,,,,,,,,,,,
,,,,,,,,,,,,,,,,,,,,,,,,,,
,,,,,,,,,,,,,,,,,,,,,,,,,,
,,,,,,,,,,,,,,,,,,,,,,,,,,
,,,,,,,,,,,,,,,,,,,,,,,,,,
,,,,,,,,,,,,,,,,,,,,,,,,,,
,,,,,,,,,,,,,,,,,,,,,,,,,,
,,,,,,,,,,,,,,,,,,,,,,,,,,
,,,,,,,,,,,,,,,,,,,,,,,,,,
,,,,,,,,,,,,,,,,,,,,,,,,,,
,,,,,,,,,,,,,,,,,,,,,,,,,,
,,,,,,,,,,,,,,,,,,,,,,,,,,
,,,,,,,,,,,,,,,,,,,,,,,,,,
,,,,,,,,,,,,,,,,,,,,,,,,,,
,,,,,,,,,,,,,,,,,,,,,,,,,,
,,,,,,,,,,,,,,,,,,,,,,,,,,
,,,,,,,,,,,,,,,,,,,,,,,,,,
,,,,,,,,,,,,,,,,,,,,,,,,,,
,,,,,,,,,,,,,,,,,,,,,,,,,,
,,,,,,,,,,,,,,,,,,,,,,,,,,
,,,,,,,,,,,,,,,,,,,,,,,,,,
,,,,,,,,,,,,,,,,,,,,,,,,,,
,,,,,,,,,,,,,,,,,,,,,,,,,,
,,,,,,,,,,,,,,,,,,,,,,,,,,
,,,,,,,,,,,,,,,,,,,,,,,,,,
,,,,,,,,,,,,,,,,,,,,,,,,,,
,,,,,,,,,,,,,,,,,,,,,,,,,,
,,,,,,,,,,,,,,,,,,,,,,,,,,
,,,,,,,,,,,,,,,,,,,,,,,,,,
,,,,,,,,,,,,,,,,,,,,,,,,,,
,,,,,,,,,,,,,,,,,,,,,,,,,,
,,,,,,,,,,,,,,,,,,,,,,,,,,
,,,,,,,,,,,,,,,,,,,,,,,,,,
,,,,,,,,,,,,,,,,,,,,,,,,,,
,,,,,,,,,,,,,,,,,,,,,,,,,,
,,,,,,,,,,,,,,,,,,,,,,,,,,
,,,,,,,,,,,,,,,,,,,,,,,,,,
,,,,,,,,,,,,,,,,,,,,,,,,,,
,,,,,,,,,,,,,,,,,,,,,,,,,,
,,,,,,,,,,,,,,,,,,,,,,,,,,
,,,,,,,,,,,,,,,,,,,,,,,,,,
,,,,,,,,,,,,,,,,,,,,,,,,,,
,,,,,,,,,,,,,,,,,,,,,,,,,,
,,,,,,,,,,,,,,,,,,,,,,,,,,
,,,,,,,,,,,,,,,,,,,,,,,,,,
,,,,,,,,,,,,,,,,,,,,,,,,,,
,,,,,,,,,,,,,,,,,,,,,,,,,,
,,,,,,,,,,,,,,,,,,,,,,,,,,
,,,,,,,,,,,,,,,,,,,,,,,,,,
,,,,,,,,,,,,,,,,,,,,,,,,,,
,,,,,,,,,,,,,,,,,,,,,,,,,,
,,,,,,,,,,,,,,,,,,,,,,,,,,
,,,,,,,,,,,,,,,,,,,,,,,,,,
,,,,,,,,,,,,,,,,,,,,,,,,,,
,,,,,,,,,,,,,,,,,,,,,,,,,,
,,,,,,,,,,,,,,,,,,,,,,,,,,
,,,,,,,,,,,,,,,,,,,,,,,,,,
,,,,,,,,,,,,,,,,,,,,,,,,,,
,,,,,,,,,,,,,,,,,,,,,,,,,,
,,,,,,,,,,,,,,,,,,,,,,,,,,
,,,,,,,,,,,,,,,,,,,,,,,,,,
,,,,,,,,,,,,,,,,,,,,,,,,,,
,,,,,,,,,,,,,,,,,,,,,,,,,,
,,,,,,,,,,,,,,,,,,,,,,,,,,
,,,,,,,,,,,,,,,,,,,,,,,,,,
,,,,,,,,,,,,,,,,,,,,,,,,,,
,,,,,,,,,,,,,,,,,,,,,,,,,,
,,,,,,,,,,,,,,,,,,,,,,,,,,
,,,,,,,,,,,,,,,,,,,,,,,,,,
,,,,,,,,,,,,,,,,,,,,,,,,,,
,,,,,,,,,,,,,,,,,,,,,,,,,,
,,,,,,,,,,,,,,,,,,,,,,,,,,
,,,,,,,,,,,,,,,,,,,,,,,,,,
,,,,,,,,,,,,,,,,,,,,,,,,,,
,,,,,,,,,,,,,,,,,,,,,,,,,,
,,,,,,,,,,,,,,,,,,,,,,,,,,
,,,,,,,,,,,,,,,,,,,,,,,,,,
,,,,,,,,,,,,,,,,,,,,,,,,,,
,,,,,,,,,,,,,,,,,,,,,,,,,,
,,,,,,,,,,,,,,,,,,,,,,,,,,
,,,,,,,,,,,,,,,,,,,,,,,,,,
,,,,,,,,,,,,,,,,,,,,,,,,,,
,,,,,,,,,,,,,,,,,,,,,,,,,,
,,,,,,,,,,,,,,,,,,,,,,,,,,
,,,,,,,,,,,,,,,,,,,,,,,,,,
,,,,,,,,,,,,,,,,,,,,,,,,,,
,,,,,,,,,,,,,,,,,,,,,,,,,,
,,,,,,,,,,,,,,,,,,,,,,,,,,
,,,,,,,,,,,,,,,,,,,,,,,,,,
,,,,,,,,,,,,,,,,,,,,,,,,,,
,,,,,,,,,,,,,,,,,,,,,,,,,,
,,,,,,,,,,,,,,,,,,,,,,,,,,
,,,,,,,,,,,,,,,,,,,,,,,,,,
,,,,,,,,,,,,,,,,,,,,,,,,,,
,,,,,,,,,,,,,,,,,,,,,,,,,,
,,,,,,,,,,,,,,,,,,,,,,,,,,
,,,,,,,,,,,,,,,,,,,,,,,,,,
,,,,,,,,,,,,,,,,,,,,,,,,,,
,,,,,,,,,,,,,,,,,,,,,,,,,,
,,,,,,,,,,,,,,,,,,,,,,,,,,
,,,,,,,,,,,,,,,,,,,,,,,,,,
,,,,,,,,,,,,,,,,,,,,,,,,,,
,,,,,,,,,,,,,,,,,,,,,,,,,,
,,,,,,,,,,,,,,,,,,,,,,,,,,
,,,,,,,,,,,,,,,,,,,,,,,,,,
,,,,,,,,,,,,,,,,,,,,,,,,,,
,,,,,,,,,,,,,,,,,,,,,,,,,,
,,,,,,,,,,,,,,,,,,,,,,,,,,
,,,,,,,,,,,,,,,,,,,,,,,,,,
,,,,,,,,,,,,,,,,,,,,,,,,,,
,,,,,,,,,,,,,,,,,,,,,,,,,,
,,,,,,,,,,,,,,,,,,,,,,,,,,
,,,,,,,,,,,,,,,,,,,,,,,,,,
,,,,,,,,,,,,,,,,,,,,,,,,,,
,,,,,,,,,,,,,,,,,,,,,,,,,,
,,,,,,,,,,,,,,,,,,,,,,,,,,
,,,,,,,,,,,,,,,,,,,,,,,,,,
,,,,,,,,,,,,,,,,,,,,,,,,,,
,,,,,,,,,,,,,,,,,,,,,,,,,,
,,,,,,,,,,,,,,,,,,,,,,,,,,
,,,,,,,,,,,,,,,,,,,,,,,,,,
,,,,,,,,,,,,,,,,,,,,,,,,,,
,,,,,,,,,,,,,,,,,,,,,,,,,,
,,,,,,,,,,,,,,,,,,,,,,,,,,
,,,,,,,,,,,,,,,,,,,,,,,,,,
,,,,,,,,,,,,,,,,,,,,,,,,,,
,,,,,,,,,,,,,,,,,,,,,,,,,,
,,,,,,,,,,,,,,,,,,,,,,,,,,
,,,,,,,,,,,,,,,,,,,,,,,,,,
,,,,,,,,,,,,,,,,,,,,,,,,,,
,,,,,,,,,,,,,,,,,,,,,,,,,,
,,,,,,,,,,,,,,,,,,,,,,,,,,
,,,,,,,,,,,,,,,,,,,,,,,,,,
,,,,,,,,,,,,,,,,,,,,,,,,,,
,,,,,,,,,,,,,,,,,,,,,,,,,,
,,,,,,,,,,,,,,,,,,,,,,,,,,
,,,,,,,,,,,,,,,,,,,,,,,,,,
,,,,,,,,,,,,,,,,,,,,,,,,,,
,,,,,,,,,,,,,,,,,,,,,,,,,,
,,,,,,,,,,,,,,,,,,,,,,,,,,
,,,,,,,,,,,,,,,,,,,,,,,,,,
,,,,,,,,,,,,,,,,,,,,,,,,,,
,,,,,,,,,,,,,,,,,,,,,,,,,,
,,,,,,,,,,,,,,,,,,,,,,,,,,
,,,,,,,,,,,,,,,,,,,,,,,,,,
,,,,,,,,,,,,,,,,,,,,,,,,,,
,,,,,,,,,,,,,,,,,,,,,,,,,,
,,,,,,,,,,,,,,,,,,,,,,,,,,
,,,,,,,,,,,,,,,,,,,,,,,,,,
,,,,,,,,,,,,,,,,,,,,,,,,,,
,,,,,,,,,,,,,,,,,,,,,,,,,,
,,,,,,,,,,,,,,,,,,,,,,,,,,
,,,,,,,,,,,,,,,,,,,,,,,,,,
,,,,,,,,,,,,,,,,,,,,,,,,,,
,,,,,,,,,,,,,,,,,,,,,,,,,,
,,,,,,,,,,,,,,,,,,,,,,,,,,
,,,,,,,,,,,,,,,,,,,,,,,,,,
,,,,,,,,,,,,,,,,,,,,,,,,,,
,,,,,,,,,,,,,,,,,,,,,,,,,,
,,,,,,,,,,,,,,,,,,,,,,,,,,
,,,,,,,,,,,,,,,,,,,,,,,,,,
,,,,,,,,,,,,,,,,,,,,,,,,,,
,,,,,,,,,,,,,,,,,,,,,,,,,,
,,,,,,,,,,,,,,,,,,,,,,,,,,
,,,,,,,,,,,,,,,,,,,,,,,,,,
,,,,,,,,,,,,,,,,,,,,,,,,,,
,,,,,,,,,,,,,,,,,,,,,,,,,,
,,,,,,,,,,,,,,,,,,,,,,,,,,
,,,,,,,,,,,,,,,,,,,,,,,,,,
,,,,,,,,,,,,,,,,,,,,,,,,,,
,,,,,,,,,,,,,,,,,,,,,,,,,,
,,,,,,,,,,,,,,,,,,,,,,,,,,
,,,,,,,,,,,,,,,,,,,,,,,,,,
,,,,,,,,,,,,,,,,,,,,,,,,,,
,,,,,,,,,,,,,,,,,,,,,,,,,,
,,,,,,,,,,,,,,,,,,,,,,,,,,
,,,,,,,,,,,,,,,,,,,,,,,,,,
,,,,,,,,,,,,,,,,,,,,,,,,,,
,,,,,,,,,,,,,,,,,,,,,,,,,,
,,,,,,,,,,,,,,,,,,,,,,,,,,
,,,,,,,,,,,,,,,,,,,,,,,,,,
,,,,,,,,,,,,,,,,,,,,,,,,,,
,,,,,,,,,,,,,,,,,,,,,,,,,,
,,,,,,,,,,,,,,,,,,,,,,,,,,
,,,,,,,,,,,,,,,,,,,,,,,,,,
,,,,,,,,,,,,,,,,,,,,,,,,,,
,,,,,,,,,,,,,,,,,,,,,,,,,,
,,,,,,,,,,,,,,,,,,,,,,,,,,
,,,,,,,,,,,,,,,,,,,,,,,,,,
,,,,,,,,,,,,,,,,,,,,,,,,,,
,,,,,,,,,,,,,,,,,,,,,,,,,,
,,,,,,,,,,,,,,,,,,,,,,,,,,
,,,,,,,,,,,,,,,,,,,,,,,,,,
,,,,,,,,,,,,,,,,,,,,,,,,,,
,,,,,,,,,,,,,,,,,,,,,,,,,,
,,,,,,,,,,,,,,,,,,,,,,,,,,
,,,,,,,,,,,,,,,,,,,,,,,,,,
,,,,,,,,,,,,,,,,,,,,,,,,,,
,,,,,,,,,,,,,,,,,,,,,,,,,,
,,,,,,,,,,,,,,,,,,,,,,,,,,
,,,,,,,,,,,,,,,,,,,,,,,,,,
,,,,,,,,,,,,,,,,,,,,,,,,,,
,,,,,,,,,,,,,,,,,,,,,,,,,,
,,,,,,,,,,,,,,,,,,,,,,,,,,
,,,,,,,,,,,,,,,,,,,,,,,,,,
,,,,,,,,,,,,,,,,,,,,,,,,,,
,,,,,,,,,,,,,,,,,,,,,,,,,,
,,,,,,,,,,,,,,,,,,,,,,,,,,
,,,,,,,,,,,,,,,,,,,,,,,,,,
,,,,,,,,,,,,,,,,,,,,,,,,,,
,,,,,,,,,,,,,,,,,,,,,,,,,,
,,,,,,,,,,,,,,,,,,,,,,,,,,
,,,,,,,,,,,,,,,,,,,,,,,,,,
,,,,,,,,,,,,,,,,,,,,,,,,,,
,,,,,,,,,,,,,,,,,,,,,,,,,,
,,,,,,,,,,,,,,,,,,,,,,,,,,
,,,,,,,,,,,,,,,,,,,,,,,,,,
,,,,,,,,,,,,,,,,,,,,,,,,,,
,,,,,,,,,,,,,,,,,,,,,,,,,,
,,,,,,,,,,,,,,,,,,,,,,,,,,
,,,,,,,,,,,,,,,,,,,,,,,,,,
,,,,,,,,,,,,,,,,,,,,,,,,,,
,,,,,,,,,,,,,,,,,,,,,,,,,,
,,,,,,,,,,,,,,,,,,,,,,,,,,
,,,,,,,,,,,,,,,,,,,,,,,,,,
,,,,,,,,,,,,,,,,,,,,,,,,,,
,,,,,,,,,,,,,,,,,,,,,,,,,,
,,,,,,,,,,,,,,,,,,,,,,,,,,
,,,,,,,,,,,,,,,,,,,,,,,,,,
,,,,,,,,,,,,,,,,,,,,,,,,,,
,,,,,,,,,,,,,,,,,,,,,,,,,,
,,,,,,,,,,,,,,,,,,,,,,,,,,
,,,,,,,,,,,,,,,,,,,,,,,,,,
,,,,,,,,,,,,,,,,,,,,,,,,,,
,,,,,,,,,,,,,,,,,,,,,,,,,,
,,,,,,,,,,,,,,,,,,,,,,,,,,
,,,,,,,,,,,,,,,,,,,,,,,,,,
,,,,,,,,,,,,,,,,,,,,,,,,,,
,,,,,,,,,,,,,,,,,,,,,,,,,,
,,,,,,,,,,,,,,,,,,,,,,,,,,
,,,,,,,,,,,,,,,,,,,,,,,,,,
,,,,,,,,,,,,,,,,,,,,,,,,,,
,,,,,,,,,,,,,,,,,,,,,,,,,,
,,,,,,,,,,,,,,,,,,,,,,,,,,
,,,,,,,,,,,,,,,,,,,,,,,,,,
,,,,,,,,,,,,,,,,,,,,,,,,,,
,,,,,,,,,,,,,,,,,,,,,,,,,,
,,,,,,,,,,,,,,,,,,,,,,,,,,
,,,,,,,,,,,,,,,,,,,,,,,,,,
,,,,,,,,,,,,,,,,,,,,,,,,,,
,,,,,,,,,,,,,,,,,,,,,,,,,,
,,,,,,,,,,,,,,,,,,,,,,,,,,
,,,,,,,,,,,,,,,,,,,,,,,,,,
,,,,,,,,,,,,,,,,,,,,,,,,,,
,,,,,,,,,,,,,,,,,,,,,,,,,,
,,,,,,,,,,,,,,,,,,,,,,,,,,
,,,,,,,,,,,,,,,,,,,,,,,,,,
,,,,,,,,,,,,,,,,,,,,,,,,,,
,,,,,,,,,,,,,,,,,,,,,,,,,,
,,,,,,,,,,,,,,,,,,,,,,,,,,
,,,,,,,,,,,,,,,,,,,,,,,,,,
,,,,,,,,,,,,,,,,,,,,,,,,,,
,,,,,,,,,,,,,,,,,,,,,,,,,,
,,,,,,,,,,,,,,,,,,,,,,,,,,
,,,,,,,,,,,,,,,,,,,,,,,,,,
,,,,,,,,,,,,,,,,,,,,,,,,,,
,,,,,,,,,,,,,,,,,,,,,,,,,,
,,,,,,,,,,,,,,,,,,,,,,,,,,
,,,,,,,,,,,,,,,,,,,,,,,,,,
,,,,,,,,,,,,,,,,,,,,,,,,,,
,,,,,,,,,,,,,,,,,,,,,,,,,,
,,,,,,,,,,,,,,,,,,,,,,,,,,
,,,,,,,,,,,,,,,,,,,,,,,,,,
,,,,,,,,,,,,,,,,,,,,,,,,,,
,,,,,,,,,,,,,,,,,,,,,,,,,,
,,,,,,,,,,,,,,,,,,,,,,,,,,
,,,,,,,,,,,,,,,,,,,,,,,,,,
,,,,,,,,,,,,,,,,,,,,,,,,,,
,,,,,,,,,,,,,,,,,,,,,,,,,,
,,,,,,,,,,,,,,,,,,,,,,,,,,
,,,,,,,,,,,,,,,,,,,,,,,,,,
,,,,,,,,,,,,,,,,,,,,,,,,,,
,,,,,,,,,,,,,,,,,,,,,,,,,,
,,,,,,,,,,,,,,,,,,,,,,,,,,
,,,,,,,,,,,,,,,,,,,,,,,,,,
,,,,,,,,,,,,,,,,,,,,,,,,,,
,,,,,,,,,,,,,,,,,,,,,,,,,,
,,,,,,,,,,,,,,,,,,,,,,,,,,
,,,,,,,,,,,,,,,,,,,,,,,,,,
,,,,,,,,,,,,,,,,,,,,,,,,,,
,,,,,,,,,,,,,,,,,,,,,,,,,,
,,,,,,,,,,,,,,,,,,,,,,,,,,
,,,,,,,,,,,,,,,,,,,,,,,,,,
,,,,,,,,,,,,,,,,,,,,,,,,,,
,,,,,,,,,,,,,,,,,,,,,,,,,,
,,,,,,,,,,,,,,,,,,,,,,,,,,
,,,,,,,,,,,,,,,,,,,,,,,,,,
,,,,,,,,,,,,,,,,,,,,,,,,,,
,,,,,,,,,,,,,,,,,,,,,,,,,,
,,,,,,,,,,,,,,,,,,,,,,,,,,
,,,,,,,,,,,,,,,,,,,,,,,,,,
,,,,,,,,,,,,,,,,,,,,,,,,,,
,,,,,,,,,,,,,,,,,,,,,,,,,,
,,,,,,,,,,,,,,,,,,,,,,,,,,
,,,,,,,,,,,,,,,,,,,,,,,,,,
,,,,,,,,,,,,,,,,,,,,,,,,,,
,,,,,,,,,,,,,,,,,,,,,,,,,,
,,,,,,,,,,,,,,,,,,,,,,,,,,
,,,,,,,,,,,,,,,,,,,,,,,,,,
,,,,,,,,,,,,,,,,,,,,,,,,,,
,,,,,,,,,,,,,,,,,,,,,,,,,,
,,,,,,,,,,,,,,,,,,,,,,,,,,
,,,,,,,,,,,,,,,,,,,,,,,,,,
,,,,,,,,,,,,,,,,,,,,,,,,,,
,,,,,,,,,,,,,,,,,,,,,,,,,,
,,,,,,,,,,,,,,,,,,,,,,,,,,
,,,,,,,,,,,,,,,,,,,,,,,,,,
,,,,,,,,,,,,,,,,,,,,,,,,,,
,,,,,,,,,,,,,,,,,,,,,,,,,,
,,,,,,,,,,,,,,,,,,,,,,,,,,
,,,,,,,,,,,,,,,,,,,,,,,,,,
,,,,,,,,,,,,,,,,,,,,,,,,,,
,,,,,,,,,,,,,,,,,,,,,,,,,,
,,,,,,,,,,,,,,,,,,,,,,,,,,
,,,,,,,,,,,,,,,,,,,,,,,,,,
,,,,,,,,,,,,,,,,,,,,,,,,,,
,,,,,,,,,,,,,,,,,,,,,,,,,,
,,,,,,,,,,,,,,,,,,,,,,,,,,
,,,,,,,,,,,,,,,,,,,,,,,,,,
,,,,,,,,,,,,,,,,,,,,,,,,,,
,,,,,,,,,,,,,,,,,,,,,,,,,,
,,,,,,,,,,,,,,,,,,,,,,,,,,
,,,,,,,,,,,,,,,,,,,,,,,,,,
,,,,,,,,,,,,,,,,,,,,,,,,,,
,,,,,,,,,,,,,,,,,,,,,,,,,,
,,,,,,,,,,,,,,,,,,,,,,,,,,
,,,,,,,,,,,,,,,,,,,,,,,,,,
,,,,,,,,,,,,,,,,,,,,,,,,,,
,,,,,,,,,,,,,,,,,,,,,,,,,,
,,,,,,,,,,,,,,,,,,,,,,,,,,
,,,,,,,,,,,,,,,,,,,,,,,,,,
,,,,,,,,,,,,,,,,,,,,,,,,,,
,,,,,,,,,,,,,,,,,,,,,,,,,,
,,,,,,,,,,,,,,,,,,,,,,,,,,
,,,,,,,,,,,,,,,,,,,,,,,,,,
,,,,,,,,,,,,,,,,,,,,,,,,,,
,,,,,,,,,,,,,,,,,,,,,,,,,,
,,,,,,,,,,,,,,,,,,,,,,,,,,
,,,,,,,,,,,,,,,,,,,,,,,,,,
,,,,,,,,,,,,,,,,,,,,,,,,,,
,,,,,,,,,,,,,,,,,,,,,,,,,,
,,,,,,,,,,,,,,,,,,,,,,,,,,
,,,,,,,,,,,,,,,,,,,,,,,,,,
,,,,,,,,,,,,,,,,,,,,,,,,,,
,,,,,,,,,,,,,,,,,,,,,,,,,,
,,,,,,,,,,,,,,,,,,,,,,,,,,
,,,,,,,,,,,,,,,,,,,,,,,,,,
,,,,,,,,,,,,,,,,,,,,,,,,,,
,,,,,,,,,,,,,,,,,,,,,,,,,,
,,,,,,,,,,,,,,,,,,,,,,,,,,
,,,,,,,,,,,,,,,,,,,,,,,,,,
,,,,,,,,,,,,,,,,,,,,,,,,,,
,,,,,,,,,,,,,,,,,,,,,,,,,,
,,,,,,,,,,,,,,,,,,,,,,,,,,
,,,,,,,,,,,,,,,,,,,,,,,,,,
,,,,,,,,,,,,,,,,,,,,,,,,,,
,,,,,,,,,,,,,,,,,,,,,,,,,,
,,,,,,,,,,,,,,,,,,,,,,,,,,
,,,,,,,,,,,,,,,,,,,,,,,,,,
,,,,,,,,,,,,,,,,,,,,,,,,,,
,,,,,,,,,,,,,,,,,,,,,,,,,,
,,,,,,,,,,,,,,,,,,,,,,,,,,
,,,,,,,,,,,,,,,,,,,,,,,,,,
,,,,,,,,,,,,,,,,,,,,,,,,,,
,,,,,,,,,,,,,,,,,,,,,,,,,,
,,,,,,,,,,,,,,,,,,,,,,,,,,
,,,,,,,,,,,,,,,,,,,,,,,,,,
,,,,,,,,,,,,,,,,,,,,,,,,,,
,,,,,,,,,,,,,,,,,,,,,,,,,,
,,,,,,,,,,,,,,,,,,,,,,,,,,
,,,,,,,,,,,,,,,,,,,,,,,,,,
,,,,,,,,,,,,,,,,,,,,,,,,,,
,,,,,,,,,,,,,,,,,,,,,,,,,,
,,,,,,,,,,,,,,,,,,,,,,,,,,
,,,,,,,,,,,,,,,,,,,,,,,,,,
,,,,,,,,,,,,,,,,,,,,,,,,,,
,,,,,,,,,,,,,,,,,,,,,,,,,,
,,,,,,,,,,,,,,,,,,,,,,,,,,
,,,,,,,,,,,,,,,,,,,,,,,,,,
,,,,,,,,,,,,,,,,,,,,,,,,,,
,,,,,,,,,,,,,,,,,,,,,,,,,,
,,,,,,,,,,,,,,,,,,,,,,,,,,
,,,,,,,,,,,,,,,,,,,,,,,,,,
,,,,,,,,,,,,,,,,,,,,,,,,,,
,,,,,,,,,,,,,,,,,,,,,,,,,,
,,,,,,,,,,,,,,,,,,,,,,,,,,
,,,,,,,,,,,,,,,,,,,,,,,,,,
,,,,,,,,,,,,,,,,,,,,,,,,,,
,,,,,,,,,,,,,,,,,,,,,,,,,,
,,,,,,,,,,,,,,,,,,,,,,,,,,
,,,,,,,,,,,,,,,,,,,,,,,,,,
,,,,,,,,,,,,,,,,,,,,,,,,,,
,,,,,,,,,,,,,,,,,,,,,,,,,,
,,,,,,,,,,,,,,,,,,,,,,,,,,
,,,,,,,,,,,,,,,,,,,,,,,,,,
,,,,,,,,,,,,,,,,,,,,,,,,,,
,,,,,,,,,,,,,,,,,,,,,,,,,,
,,,,,,,,,,,,,,,,,,,,,,,,,,
,,,,,,,,,,,,,,,,,,,,,,,,,,
,,,,,,,,,,,,,,,,,,,,,,,,,,
,,,,,,,,,,,,,,,,,,,,,,,,,,
,,,,,,,,,,,,,,,,,,,,,,,,,,
,,,,,,,,,,,,,,,,,,,,,,,,,,
,,,,,,,,,,,,,,,,,,,,,,,,,,
,,,,,,,,,,,,,,,,,,,,,,,,,,
,,,,,,,,,,,,,,,,,,,,,,,,,,
,,,,,,,,,,,,,,,,,,,,,,,,,,
,,,,,,,,,,,,,,,,,,,,,,,,,,
,,,,,,,,,,,,,,,,,,,,,,,,,,
,,,,,,,,,,,,,,,,,,,,,,,,,,
,,,,,,,,,,,,,,,,,,,,,,,,,,
,,,,,,,,,,,,,,,,,,,,,,,,,,
,,,,,,,,,,,,,,,,,,,,,,,,,,
,,,,,,,,,,,,,,,,,,,,,,,,,,
,,,,,,,,,,,,,,,,,,,,,,,,,,
,,,,,,,,,,,,,,,,,,,,,,,,,,
,,,,,,,,,,,,,,,,,,,,,,,,,,
,,,,,,,,,,,,,,,,,,,,,,,,,,
,,,,,,,,,,,,,,,,,,,,,,,,,,
,,,,,,,,,,,,,,,,,,,,,,,,,,
,,,,,,,,,,,,,,,,,,,,,,,,,,
,,,,,,,,,,,,,,,,,,,,,,,,,,
,,,,,,,,,,,,,,,,,,,,,,,,,,
,,,,,,,,,,,,,,,,,,,,,,,,,,
,,,,,,,,,,,,,,,,,,,,,,,,,,
,,,,,,,,,,,,,,,,,,,,,,,,,,
,,,,,,,,,,,,,,,,,,,,,,,,,,
,,,,,,,,,,,,,,,,,,,,,,,,,,
,,,,,,,,,,,,,,,,,,,,,,,,,,
,,,,,,,,,,,,,,,,,,,,,,,,,,
,,,,,,,,,,,,,,,,,,,,,,,,,,
,,,,,,,,,,,,,,,,,,,,,,,,,,
,,,,,,,,,,,,,,,,,,,,,,,,,,
,,,,,,,,,,,,,,,,,,,,,,,,,,
,,,,,,,,,,,,,,,,,,,,,,,,,,
,,,,,,,,,,,,,,,,,,,,,,,,,,
,,,,,,,,,,,,,,,,,,,,,,,,,,
,,,,,,,,,,,,,,,,,,,,,,,,,,
,,,,,,,,,,,,,,,,,,,,,,,,,,
,,,,,,,,,,,,,,,,,,,,,,,,,,
,,,,,,,,,,,,,,,,,,,,,,,,,,
,,,,,,,,,,,,,,,,,,,,,,,,,,
,,,,,,,,,,,,,,,,,,,,,,,,,,
,,,,,,,,,,,,,,,,,,,,,,,,,,
,,,,,,,,,,,,,,,,,,,,,,,,,,
,,,,,,,,,,,,,,,,,,,,,,,,,,
,,,,,,,,,,,,,,,,,,,,,,,,,,
,,,,,,,,,,,,,,,,,,,,,,,,,,
,,,,,,,,,,,,,,,,,,,,,,,,,,
,,,,,,,,,,,,,,,,,,,,,,,,,,
,,,,,,,,,,,,,,,,,,,,,,,,,,
,,,,,,,,,,,,,,,,,,,,,,,,,,
,,,,,,,,,,,,,,,,,,,,,,,,,,
,,,,,,,,,,,,,,,,,,,,,,,,,,
,,,,,,,,,,,,,,,,,,,,,,,,,,
,,,,,,,,,,,,,,,,,,,,,,,,,,
,,,,,,,,,,,,,,,,,,,,,,,,,,
,,,,,,,,,,,,,,,,,,,,,,,,,,
,,,,,,,,,,,,,,,,,,,,,,,,,,
,,,,,,,,,,,,,,,,,,,,,,,,,,
,,,,,,,,,,,,,,,,,,,,,,,,,,
,,,,,,,,,,,,,,,,,,,,,,,,,,
,,,,,,,,,,,,,,,,,,,,,,,,,,
,,,,,,,,,,,,,,,,,,,,,,,,,,
,,,,,,,,,,,,,,,,,,,,,,,,,,
,,,,,,,,,,,,,,,,,,,,,,,,,,
,,,,,,,,,,,,,,,,,,,,,,,,,,
,,,,,,,,,,,,,,,,,,,,,,,,,,
,,,,,,,,,,,,,,,,,,,,,,,,,,
,,,,,,,,,,,,,,,,,,,,,,,,,,
,,,,,,,,,,,,,,,,,,,,,,,,,,
,,,,,,,,,,,,,,,,,,,,,,,,,,
,,,,,,,,,,,,,,,,,,,,,,,,,,
,,,,,,,,,,,,,,,,,,,,,,,,,,
,,,,,,,,,,,,,,,,,,,,,,,,,,
,,,,,,,,,,,,,,,,,,,,,,,,,,
,,,,,,,,,,,,,,,,,,,,,,,,,,
,,,,,,,,,,,,,,,,,,,,,,,,,,
,,,,,,,,,,,,,,,,,,,,,,,,,,
,,,,,,,,,,,,,,,,,,,,,,,,,,
,,,,,,,,,,,,,,,,,,,,,,,,,,
,,,,,,,,,,,,,,,,,,,,,,,,,,
,,,,,,,,,,,,,,,,,,,,,,,,,,
,,,,,,,,,,,,,,,,,,,,,,,,,,
,,,,,,,,,,,,,,,,,,,,,,,,,,
,,,,,,,,,,,,,,,,,,,,,,,,,,
,,,,,,,,,,,,,,,,,,,,,,,,,,
,,,,,,,,,,,,,,,,,,,,,,,,,,
,,,,,,,,,,,,,,,,,,,,,,,,,,
,,,,,,,,,,,,,,,,,,,,,,,,,,
,,,,,,,,,,,,,,,,,,,,,,,,,,
,,,,,,,,,,,,,,,,,,,,,,,,,,
,,,,,,,,,,,,,,,,,,,,,,,,,,
,,,,,,,,,,,,,,,,,,,,,,,,,,
,,,,,,,,,,,,,,,,,,,,,,,,,,
,,,,,,,,,,,,,,,,,,,,,,,,,,
,,,,,,,,,,,,,,,,,,,,,,,,,,
,,,,,,,,,,,,,,,,,,,,,,,,,,
,,,,,,,,,,,,,,,,,,,,,,,,,,
,,,,,,,,,,,,,,,,,,,,,,,,,,
,,,,,,,,,,,,,,,,,,,,,,,,,,
,,,,,,,,,,,,,,,,,,,,,,,,,,
,,,,,,,,,,,,,,,,,,,,,,,,,,
,,,,,,,,,,,,,,,,,,,,,,,,,,
,,,,,,,,,,,,,,,,,,,,,,,,,,
,,,,,,,,,,,,,,,,,,,,,,,,,,
,,,,,,,,,,,,,,,,,,,,,,,,,,
,,,,,,,,,,,,,,,,,,,,,,,,,,
,,,,,,,,,,,,,,,,,,,,,,,,,,
,,,,,,,,,,,,,,,,,,,,,,,,,,
,,,,,,,,,,,,,,,,,,,,,,,,,,
,,,,,,,,,,,,,,,,,,,,,,,,,,
,,,,,,,,,,,,,,,,,,,,,,,,,,
,,,,,,,,,,,,,,,,,,,,,,,,,,
,,,,,,,,,,,,,,,,,,,,,,,,,,
,,,,,,,,,,,,,,,,,,,,,,,,,,
,,,,,,,,,,,,,,,,,,,,,,,,,,
,,,,,,,,,,,,,,,,,,,,,,,,,,
,,,,,,,,,,,,,,,,,,,,,,,,,,
,,,,,,,,,,,,,,,,,,,,,,,,,,
,,,,,,,,,,,,,,,,,,,,,,,,,,
,,,,,,,,,,,,,,,,,,,,,,,,,,
,,,,,,,,,,,,,,,,,,,,,,,,,,
,,,,,,,,,,,,,,,,,,,,,,,,,,
,,,,,,,,,,,,,,,,,,,,,,,,,,
,,,,,,,,,,,,,,,,,,,,,,,,,,
,,,,,,,,,,,,,,,,,,,,,,,,,,
,,,,,,,,,,,,,,,,,,,,,,,,,,
,,,,,,,,,,,,,,,,,,,,,,,,,,
,,,,,,,,,,,,,,,,,,,,,,,,,,
,,,,,,,,,,,,,,,,,,,,,,,,,,
,,,,,,,,,,,,,,,,,,,,,,,,,,
,,,,,,,,,,,,,,,,,,,,,,,,,,
,,,,,,,,,,,,,,,,,,,,,,,,,,
,,,,,,,,,,,,,,,,,,,,,,,,,,
,,,,,,,,,,,,,,,,,,,,,,,,,,
,,,,,,,,,,,,,,,,,,,,,,,,,,
,,,,,,,,,,,,,,,,,,,,,,,,,,
,,,,,,,,,,,,,,,,,,,,,,,,,,
,,,,,,,,,,,,,,,,,,,,,,,,,,
,,,,,,,,,,,,,,,,,,,,,,,,,,
,,,,,,,,,,,,,,,,,,,,,,,,,,
,,,,,,,,,,,,,,,,,,,,,,,,,,
,,,,,,,,,,,,,,,,,,,,,,,,,,
,,,,,,,,,,,,,,,,,,,,,,,,,,
,,,,,,,,,,,,,,,,,,,,,,,,,,
,,,,,,,,,,,,,,,,,,,,,,,,,,
,,,,,,,,,,,,,,,,,,,,,,,,,,
,,,,,,,,,,,,,,,,,,,,,,,,,,
,,,,,,,,,,,,,,,,,,,,,,,,,,
,,,,,,,,,,,,,,,,,,,,,,,,,,
,,,,,,,,,,,,,,,,,,,,,,,,,,
,,,,,,,,,,,,,,,,,,,,,,,,,,
,,,,,,,,,,,,,,,,,,,,,,,,,,
,,,,,,,,,,,,,,,,,,,,,,,,,,
,,,,,,,,,,,,,,,,,,,,,,,,,,
,,,,,,,,,,,,,,,,,,,,,,,,,,
,,,,,,,,,,,,,,,,,,,,,,,,,,
,,,,,,,,,,,,,,,,,,,,,,,,,,
,,,,,,,,,,,,,,,,,,,,,,,,,,
,,,,,,,,,,,,,,,,,,,,,,,,,,
,,,,,,,,,,,,,,,,,,,,,,,,,,
,,,,,,,,,,,,,,,,,,,,,,,,,,
,,,,,,,,,,,,,,,,,,,,,,,,,,
,,,,,,,,,,,,,,,,,,,,,,,,,,
,,,,,,,,,,,,,,,,,,,,,,,,,,
,,,,,,,,,,,,,,,,,,,,,,,,,,
,,,,,,,,,,,,,,,,,,,,,,,,,,
,,,,,,,,,,,,,,,,,,,,,,,,,,
,,,,,,,,,,,,,,,,,,,,,,,,,,
,,,,,,,,,,,,,,,,,,,,,,,,,,
,,,,,,,,,,,,,,,,,,,,,,,,,,
,,,,,,,,,,,,,,,,,,,,,,,,,,
,,,,,,,,,,,,,,,,,,,,,,,,,,
,,,,,,,,,,,,,,,,,,,,,,,,,,
,,,,,,,,,,,,,,,,,,,,,,,,,,
,,,,,,,,,,,,,,,,,,,,,,,,,,
,,,,,,,,,,,,,,,,,,,,,,,,,,
,,,,,,,,,,,,,,,,,,,,,,,,,,
,,,,,,,,,,,,,,,,,,,,,,,,,,
,,,,,,,,,,,,,,,,,,,,,,,,,,
,,,,,,,,,,,,,,,,,,,,,,,,,,
,,,,,,,,,,,,,,,,,,,,,,,,,,
,,,,,,,,,,,,,,,,,,,,,,,,,,
,,,,,,,,,,,,,,,,,,,,,,,,,,
,,,,,,,,,,,,,,,,,,,,,,,,,,
,,,,,,,,,,,,,,,,,,,,,,,,,,
,,,,,,,,,,,,,,,,,,,,,,,,,,
,,,,,,,,,,,,,,,,,,,,,,,,,,
,,,,,,,,,,,,,,,,,,,,,,,,,,
,,,,,,,,,,,,,,,,,,,,,,,,,,
,,,,,,,,,,,,,,,,,,,,,,,,,,
,,,,,,,,,,,,,,,,,,,,,,,,,,
,,,,,,,,,,,,,,,,,,,,,,,,,,
,,,,,,,,,,,,,,,,,,,,,,,,,,
,,,,,,,,,,,,,,,,,,,,,,,,,,
,,,,,,,,,,,,,,,,,,,,,,,,,,
,,,,,,,,,,,,,,,,,,,,,,,,,,
,,,,,,,,,,,,,,,,,,,,,,,,,,
,,,,,,,,,,,,,,,,,,,,,,,,,,
,,,,,,,,,,,,,,,,,,,,,,,,,,
,,,,,,,,,,,,,,,,,,,,,,,,,,
,,,,,,,,,,,,,,,,,,,,,,,,,,
,,,,,,,,,,,,,,,,,,,,,,,,,,
,,,,,,,,,,,,,,,,,,,,,,,,,,
,,,,,,,,,,,,,,,,,,,,,,,,,,
,,,,,,,,,,,,,,,,,,,,,,,,,,
,,,,,,,,,,,,,,,,,,,,,,,,,,
,,,,,,,,,,,,,,,,,,,,,,,,,,
,,,,,,,,,,,,,,,,,,,,,,,,,,
,,,,,,,,,,,,,,,,,,,,,,,,,,
,,,,,,,,,,,,,,,,,,,,,,,,,,
,,,,,,,,,,,,,,,,,,,,,,,,,,
,,,,,,,,,,,,,,,,,,,,,,,,,,
,,,,,,,,,,,,,,,,,,,,,,,,,,
,,,,,,,,,,,,,,,,,,,,,,,,,,
,,,,,,,,,,,,,,,,,,,,,,,,,,
,,,,,,,,,,,,,,,,,,,,,,,,,,
,,,,,,,,,,,,,,,,,,,,,,,,,,
,,,,,,,,,,,,,,,,,,,,,,,,,,
,,,,,,,,,,,,,,,,,,,,,,,,,,
,,,,,,,,,,,,,,,,,,,,,,,,,,
,,,,,,,,,,,,,,,,,,,,,,,,,,
,,,,,,,,,,,,,,,,,,,,,,,,,,
,,,,,,,,,,,,,,,,,,,,,,,,,,
,,,,,,,,,,,,,,,,,,,,,,,,,,
,,,,,,,,,,,,,,,,,,,,,,,,,,
,,,,,,,,,,,,,,,,,,,,,,,,,,
,,,,,,,,,,,,,,,,,,,,,,,,,,
,,,,,,,,,,,,,,,,,,,,,,,,,,
,,,,,,,,,,,,,,,,,,,,,,,,,,
,,,,,,,,,,,,,,,,,,,,,,,,,,
,,,,,,,,,,,,,,,,,,,,,,,,,,
,,,,,,,,,,,,,,,,,,,,,,,,,,
,,,,,,,,,,,,,,,,,,,,,,,,,,
,,,,,,,,,,,,,,,,,,,,,,,,,,
,,,,,,,,,,,,,,,,,,,,,,,,,,
,,,,,,,,,,,,,,,,,,,,,,,,,,
,,,,,,,,,,,,,,,,,,,,,,,,,,
,,,,,,,,,,,,,,,,,,,,,,,,,,
,,,,,,,,,,,,,,,,,,,,,,,,,,
,,,,,,,,,,,,,,,,,,,,,,,,,,
,,,,,,,,,,,,,,,,,,,,,,,,,,
,,,,,,,,,,,,,,,,,,,,,,,,,,
,,,,,,,,,,,,,,,,,,,,,,,,,,
,,,,,,,,,,,,,,,,,,,,,,,,,,
,,,,,,,,,,,,,,,,,,,,,,,,,,
,,,,,,,,,,,,,,,,,,,,,,,,,,
,,,,,,,,,,,,,,,,,,,,,,,,,,
,,,,,,,,,,,,,,,,,,,,,,,,,,
,,,,,,,,,,,,,,,,,,,,,,,,,,
,,,,,,,,,,,,,,,,,,,,,,,,,,
,,,,,,,,,,,,,,,,,,,,,,,,,,
,,,,,,,,,,,,,,,,,,,,,,,,,,
,,,,,,,,,,,,,,,,,,,,,,,,,,
,,,,,,,,,,,,,,,,,,,,,,,,,,
,,,,,,,,,,,,,,,,,,,,,,,,,,
,,,,,,,,,,,,,,,,,,,,,,,,,,
,,,,,,,,,,,,,,,,,,,,,,,,,,
,,,,,,,,,,,,,,,,,,,,,,,,,,
,,,,,,,,,,,,,,,,,,,,,,,,,,
,,,,,,,,,,,,,,,,,,,,,,,,,,
,,,,,,,,,,,,,,,,,,,,,,,,,,
,,,,,,,,,,,,,,,,,,,,,,,,,,
,,,,,,,,,,,,,,,,,,,,,,,,,,
,,,,,,,,,,,,,,,,,,,,,,,,,,
,,,,,,,,,,,,,,,,,,,,,,,,,,
,,,,,,,,,,,,,,,,,,,,,,,,,,
,,,,,,,,,,,,,,,,,,,,,,,,,,
,,,,,,,,,,,,,,,,,,,,,,,,,,
,,,,,,,,,,,,,,,,,,,,,,,,,,
,,,,,,,,,,,,,,,,,,,,,,,,,,
,,,,,,,,,,,,,,,,,,,,,,,,,,
,,,,,,,,,,,,,,,,,,,,,,,,,,
,,,,,,,,,,,,,,,,,,,,,,,,,,
,,,,,,,,,,,,,,,,,,,,,,,,,,
,,,,,,,,,,,,,,,,,,,,,,,,,,
,,,,,,,,,,,,,,,,,,,,,,,,,,
,,,,,,,,,,,,,,,,,,,,,,,,,,
,,,,,,,,,,,,,,,,,,,,,,,,,,
,,,,,,,,,,,,,,,,,,,,,,,,,,
,,,,,,,,,,,,,,,,,,,,,,,,,,
,,,,,,,,,,,,,,,,,,,,,,,,,,
,,,,,,,,,,,,,,,,,,,,,,,,,,
,,,,,,,,,,,,,,,,,,,,,,,,,,
,,,,,,,,,,,,,,,,,,,,,,,,,,
,,,,,,,,,,,,,,,,,,,,,,,,,,
,,,,,,,,,,,,,,,,,,,,,,,,,,
,,,,,,,,,,,,,,,,,,,,,,,,,,
,,,,,,,,,,,,,,,,,,,,,,,,,,
,,,,,,,,,,,,,,,,,,,,,,,,,,
,,,,,,,,,,,,,,,,,,,,,,,,,,
,,,,,,,,,,,,,,,,,,,,,,,,,,
,,,,,,,,,,,,,,,,,,,,,,,,,,
,,,,,,,,,,,,,,,,,,,,,,,,,,
,,,,,,,,,,,,,,,,,,,,,,,,,,
,,,,,,,,,,,,,,,,,,,,,,,,,,
,,,,,,,,,,,,,,,,,,,,,,,,,,
,,,,,,,,,,,,,,,,,,,,,,,,,,
,,,,,,,,,,,,,,,,,,,,,,,,,,
,,,,,,,,,,,,,,,,,,,,,,,,,,
,,,,,,,,,,,,,,,,,,,,,,,,,,
,,,,,,,,,,,,,,,,,,,,,,,,,,
,,,,,,,,,,,,,,,,,,,,,,,,,,
,,,,,,,,,,,,,,,,,,,,,,,,,,
,,,,,,,,,,,,,,,,,,,,,,,,,,
,,,,,,,,,,,,,,,,,,,,,,,,,,
,,,,,,,,,,,,,,,,,,,,,,,,,,
,,,,,,,,,,,,,,,,,,,,,,,,,,
,,,,,,,,,,,,,,,,,,,,,,,,,,
,,,,,,,,,,,,,,,,,,,,,,,,,,
,,,,,,,,,,,,,,,,,,,,,,,,,,
,,,,,,,,,,,,,,,,,,,,,,,,,,
,,,,,,,,,,,,,,,,,,,,,,,,,,
,,,,,,,,,,,,,,,,,,,,,,,,,,
,,,,,,,,,,,,,,,,,,,,,,,,,,
,,,,,,,,,,,,,,,,,,,,,,,,,,
,,,,,,,,,,,,,,,,,,,,,,,,,,
,,,,,,,,,,,,,,,,,,,,,,,,,,
,,,,,,,,,,,,,,,,,,,,,,,,,,
,,,,,,,,,,,,,,,,,,,,,,,,,,
,,,,,,,,,,,,,,,,,,,,,,,,,,
,,,,,,,,,,,,,,,,,,,,,,,,,,
,,,,,,,,,,,,,,,,,,,,,,,,,,
,,,,,,,,,,,,,,,,,,,,,,,,,,
,,,,,,,,,,,,,,,,,,,,,,,,,,
,,,,,,,,,,,,,,,,,,,,,,,,,,
,,,,,,,,,,,,,,,,,,,,,,,,,,
,,,,,,,,,,,,,,,,,,,,,,,,,,
,,,,,,,,,,,,,,,,,,,,,,,,,,
,,,,,,,,,,,,,,,,,,,,,,,,,,
,,,,,,,,,,,,,,,,,,,,,,,,,,
,,,,,,,,,,,,,,,,,,,,,,,,,,
,,,,,,,,,,,,,,,,,,,,,,,,,,
,,,,,,,,,,,,,,,,,,,,,,,,,,
,,,,,,,,,,,,,,,,,,,,,,,,,,
,,,,,,,,,,,,,,,,,,,,,,,,,,
,,,,,,,,,,,,,,,,,,,,,,,,,,
,,,,,,,,,,,,,,,,,,,,,,,,,,
,,,,,,,,,,,,,,,,,,,,,,,,,,
,,,,,,,,,,,,,,,,,,,,,,,,,,
,,,,,,,,,,,,,,,,,,,,,,,,,,
,,,,,,,,,,,,,,,,,,,,,,,,,,
,,,,,,,,,,,,,,,,,,,,,,,,,,
,,,,,,,,,,,,,,,,,,,,,,,,,,
,,,,,,,,,,,,,,,,,,,,,,,,,,
,,,,,,,,,,,,,,,,,,,,,,,,,,
,,,,,,,,,,,,,,,,,,,,,,,,,,
,,,,,,,,,,,,,,,,,,,,,,,,,,
,,,,,,,,,,,,,,,,,,,,,,,,,,
,,,,,,,,,,,,,,,,,,,,,,,,,,
,,,,,,,,,,,,,,,,,,,,,,,,,,
,,,,,,,,,,,,,,,,,,,,,,,,,,
,,,,,,,,,,,,,,,,,,,,,,,,,,
,,,,,,,,,,,,,,,,,,,,,,,,,,
,,,,,,,,,,,,,,,,,,,,,,,,,,
,,,,,,,,,,,,,,,,,,,,,,,,,,
,,,,,,,,,,,,,,,,,,,,,,,,,,
,,,,,,,,,,,,,,,,,,,,,,,,,,
