Sampling_Date,Site_Code,Tree_ID,Genus,Species,Location_deg_min_sec_North_nosym,Location_deg_min_sec_West,dbh_cm,No_stem_cankers,Total_tree_height_m,Crown_density_percent,Crown_dieback_percent,Vigor_class,Uncompacted_live_crown_ratio,diameter_squared_x_height_cubic_cm,SLA_cm2_per_g,Area_per_needle_cm2,AVG_Fv_Fm,Branch_1_Amax_normalized_umol_per_m2_sec,Branch_1_gsw_normalized_umol_per_m2_sec,Average_Condensed_TANNINS_percent_DW,Average_TN_percent_DW,Average_CN,Average_SUGAR_percent_DW,Average_STARCH_percent_DW
6/29/2022,HB1,R-1,Picea ,rubens,46 50 45.47,68 37 34.17,not sampled,0,2.3,not sampled,0,1,1.00,not sampled,38.5,0.015,not sampled,not sampled,not sampled,not sampled,not sampled,not sampled,not sampled,5.8
6/29/2022,HB1,W-2,Picea ,glauca,46 50 45.50,68 37 34.00,1.3,0,1.7,not sampled,0,1,1.00,266,not sampled,1.058,not sampled,not sampled,not sampled,3.3,not sampled,not sampled,20.7,6.5
6/29/2022,HB1,W-3,Picea ,glauca,46 50 45.60,68 37 33.48,1.3,0,2.2,not sampled,0,1,1.00,355,50.0,0.192,0.82,not sampled,not sampled,2.2,not sampled,not sampled,not sampled,2.7
6/29/2022,HB1,W-4,Picea ,glauca,46 50 45.91,68 37 33.12,5.3,0,3.9,65,0,1,1.00,11154,69.2,0.158,0.84,not sampled,0.20,2.3,1.33,37,13.0,1.4
6/29/2022,HB1,R-5,Picea ,rubens,46 50 45.26,68 37 34.12,22.2,0,16.0,20,15,2,0.34,788534,43.8,0.035,0.86,not sampled,0.43,2.7,0.91,52,24.7,4.5
6/29/2022,HB1,R-6,Picea ,rubens,46 50 45.90,68 37 34.71,15.7,0,10.4,45,10,2,not sampled,257258,38.9,0.039,0.83,not sampled,0.26,2.3,1.14,41,21.0,5.0
6/29/2022,HB1,R-7,Picea ,rubens,46 50 44.16,68 37 30.61,15.5,0,12.5,50,10,2,not sampled,300098,48.8,0.088,0.85,not sampled,0.01,2.9,1.08,44,22.9,7.1
6/29/2022,HB1,R-8,Picea ,rubens,46 50 44.31,68 37 30.75,14.7,0,11.5,15,20,2,not sampled,250142,39.8,0.070,0.83,not sampled,0.01,2.7,0.81,58,20.5,4.4
6/29/2022,HB1,R-9,Picea ,rubens,46 50 44.37,68 37 30.84,18.3,0,12.5,25,5,2,not sampled,416409,43.8,0.149,0.92,not sampled,0.12,2.5,1.08,44,21.4,4.6
6/29/2022,HB1,W-10,Picea ,glauca,46 50 44.54,68 37 30.60,14.0,0,10.3,30,5,2,not sampled,200812,not sampled,0.418,0.84,not sampled,not sampled,2.9,1.13,42,23.9,4.3
6/29/2022,HB1,W-11,Picea ,glauca,46 50 44.70,68 37 30.80,6.6,0,7.4,80,0,1,1.00,32282,not sampled,not sampled,0.87,not sampled,not sampled,3.8,1.11,43,21.2,7.8
6/29/2022,HB1,R-12,Picea ,rubens,46 50 44.77,68 37 30.89,1.3,0,4.3,65,0,1,1.00,686,44.8,0.055,0.85,not sampled,0.01,3.7,1.10,44,14.4,7.8
6/29/2022,HB1,W-13,Picea ,glauca,46 50 44.86,68 37 30.92,7.9,0,5.7,80,0,1,1.00,35193,55.6,0.079,0.89,not sampled,0.03,1.9,1.05,46,20.0,4.2
6/29/2022,HB1,W-14,Picea ,glauca,46 50 44.93,68 37 30.83,15.0,0,10.4,55,20,1,0.28,233151,21.2,0.503,0.85,not sampled,0.02,2.8,1.05,45,24.0,3.5
6/29/2022,HB1,W-15,Picea ,glauca,46 50 45.09,68 37 30.81,12.4,0,7.4,85,5,1,1.00,114916,45.0,0.161,0.82,not sampled,0.10,1.7,1.10,43,16.7,3.7
6/29/2022,HB1,W-16,Picea ,glauca,46 50 45.08,68 37 30.88,12.4,0,8.3,65,5,1,not sampled,128738,33.3,0.085,0.89,47.9,0.41,1.1,1.28,37,16.1,3.4
6/29/2022,HB1,W-17,Picea ,glauca,46 50 45.33,68 37 31.02,15.0,0,14.1,not sampled,not sampled,2,not sampled,315925,not sampled,0.175,0.85,not sampled,not sampled,5.0,0.93,52,19.5,4.2
6/29/2022,HB1,W-18,Picea ,glauca,46 50 45.62,68 37 31.17,13.5,0,8.6,40,25,2,not sampled,155428,50.0,0.113,0.83,not sampled,not sampled,2.0,0.98,48,24.5,6.2
6/29/2022,HB1,W-19,Picea ,glauca,46 50 45.84,68 37 31.13,17.8,0,12.0,60,20,1,1.00,378622,40.8,0.223,0.80,0.6,0.00,3.2,0.94,50,18.6,4.3
6/29/2022,HB1,W-20,Picea ,glauca,46 50 45.88,68 37 31.18,16.5,0,10.1,70,5,1,not sampled,275710,40.0,0.091,0.81,not sampled,not sampled,2.4,0.91,50,24.8,7.2
6/29/2022,HB1,W-21,Picea ,glauca,46 50 45.95,68 37 31.21,19.1,0,11.3,45,25,2,not sampled,408612,not sampled,0.191,0.86,not sampled,not sampled,2.3,0.96,48,23.3,6.6
6/29/2022,HB1,W-22,Picea ,glauca,46 50 46.04,68 37 31.18,21.8,0,11.6,35,30,1,1.00,552781,30.4,0.115,0.87,not sampled,not sampled,2.6,1.09,43,19.4,2.8
6/29/2022,HB1,W-23,Picea ,glauca,46 50 46.39,68 37 31.29,13.7,0,7.5,60,10,1,1.00,140854,33.3,0.111,0.82,105.8,0.41,3.1,1.22,39,20.0,2.7
6/29/2022,HB1,W-24,Picea ,glauca,46 50 46.48,68 37 31.50,15.0,0,10.8,65,15,1,1.00,243582,46.7,0.135,0.78,not sampled,not sampled,3.2,1.01,46,21.6,1.5
6/29/2022,HB1,W-25,Picea ,glauca,46 50 46.64,68 37 31.54,not sampled,0,11.8,70,5,1,1.00,not sampled,35.3,0.130,0.89,not sampled,not sampled,2.7,1.06,45,24.5,2.7
6/29/2022,HB1,W-26,Picea ,glauca,46 50 46.70,68 37 31.59,19.6,0,9.8,60,10,1,1.00,372972,38.1,0.121,0.91,88.4,1.21,2.9,0.99,48,23.0,8.1
6/29/2022,HB1,W-27,Picea ,glauca,46 50 46.83,68 37 31.54,1.3,0,8.8,75,5,1,1.00,1417,37.0,0.154,0.87,43.8,0.23,2.4,1.03,46,22.7,6.9
6/29/2022,HB1,R-28,Picea ,rubens,46 50 44.92,68 37 36.11,1.3,0,2.1,not sampled,not sampled,1,1.00,339,36.8,0.044,0.85,27.5,0.79,2.9,0.64,76,22.4,6.4
6/29/2022,HB1,R-29,Picea ,rubens,46 50 44.78,68 37 36.08,1.3,0,1.9,not sampled,not sampled,1,1.00,306,42.9,0.069,0.91,16.1,0.16,4.0,0.97,50,21.1,8.3
6/29/2022,HB1,R-30,Picea ,rubens,46 50 44.71,68 37 36.06,1.3,0,1.8,not sampled,not sampled,1,1.00,290,not sampled,0.139,0.85,not sampled,not sampled,2.2,not sampled,not sampled,24.8,7.6
6/29/2022,HB1,R-31,Picea ,rubens,46 50 44.73,68 37 35.92,1.3,0,1.9,not sampled,not sampled,1,1.00,306,50.0,0.103,0.82,3.7,0.06,1.1,not sampled,not sampled,not sampled,3.9
6/29/2022,HB1,R-32,Picea ,rubens,46 50 44.73,68 37 36.45,not sampled,0,6.2,45,10,1,1.00,1001,41.2,0.103,0.87,30.0,0.36,2.9,0.76,63,28.3,9.2
6/29/2022,HB1,R-33,Picea ,rubens,46 50 44.61,68 37 36.55,1.3,0,3.6,40,15,1,1.00,581,40.0,0.140,0.76,21.5,0.06,4.1,0.79,61,25.1,6.7
6/29/2022,HB1,R-34,Picea ,rubens,46 50 44.34,68 37 36.58,not sampled,0,3.4,30,40,2,1.00,554,46.6,0.173,0.77,not sampled,not sampled,3.3,0.93,51,18.8,4.9
6/29/2022,HB1,W-35,Picea ,glauca,46 50 44.72,68 37 36.55,not sampled,0,not sampled,65,15,1,1.00,109,47.1,0.131,0.82,15.0,0.05,2.8,0.85,56,25.2,4.3
6/29/2022,HB1,W-36,Picea ,glauca,46 50 44.80,68 37 36.60,7.9,0,0.3,45,20,1,1.00,1965,34.8,0.157,0.86,39.2,0.26,2.1,0.75,63,25.4,8.0
7/1/2022,HB3,W-9,Picea ,glauca,46 54 12.71,68 40 6.26,18.8,0,7.1,45,30,2,0.14,251959,not sampled,not sampled,0.96,not sampled,not sampled,not sampled,1.32,36,22.1,3.8
7/1/2022,HB3,W-7,Picea ,glauca,49 54 12.54,68 40 6.26,19.8,0,9.9,65,10,1,1.00,389838,49.5,0.188,0.96,15.7,0.12,4.1,1.12,42,19.2,3.3
7/1/2022,HB3,W-8,Picea ,glauca,46 54 12.81,68 40 6.34,14.7,0,9.7,55,5,1,1.00,211067,55.6,0.158,0.95,11.3,0.09,4.5,0.97,49,20.8,4.1
7/1/2022,HB3,W-10,Picea ,glauca,46 54 12.60,68 40 6.64,16.8,0,9.5,75,5,1,1.00,267286,42.7,0.242,0.96,11.3,0.08,4.8,1.02,46,23.4,4.3
7/1/2022,HB3,W-11,Picea ,glauca,46 54 12.60,68 40 6.34,20.1,0,11.6,80,0,1,1.00,468515,40.1,0.252,0.94,5.4,0.03,4.4,1.18,40,25.7,7.8
7/1/2022,HB3,W-12,Picea ,glauca,46 54 12.73,68 40 6.41,11.9,0,7.2,60,10,2,1.00,103311,54.4,0.181,0.96,5.2,0.02,3.8,1.28,39,21.0,4.6
7/1/2022,HB3,W-13,Picea ,glauca,46 54 12.74,68 40 6.30,15.5,0,8.2,40,20,1,0.79,196861,45.8,0.125,0.92,9.9,0.09,2.8,0.92,51,22.3,5.3
7/1/2022,HB3,R-18,Picea ,rubens,46 54 4.19,68 40 5.85,5.8,0,3.3,45,40,2,1.00,11125,79.7,0.125,0.96,4.2,0.02,4.9,1.13,44,15.5,5.2
7/1/2022,HB3,W-17,Picea ,glauca,46 54 9.11,68 40 5.78,14.2,0,9.3,60,25,2,0.62,187369,48.9,0.110,not sampled,9.8,0.04,not sampled,1.15,41,16.9,2.4
7/1/2022,HB3,R-19,Picea ,rubens,46 54 8.82,68 40 6.53,8.1,0,3.6,43,0,1,1.00,23911,54.8,0.172,0.96,6.4,0.06,not sampled,1.11,44,19.0,8.6
7/1/2022,HB3,W-20,Picea ,glauca,46 54 8.87,68 40 6.74,20.8,0,10.8,90,0,1,1.00,469688,42.9,0.188,0.95,10.8,0.06,4.2,1.09,43,23.1,5.8
7/1/2022,HB3,W-21,Picea ,glauca,46 54 9.33,68 40 6.83,18.3,0,11.0,25,35,2,0.44,368315,71.2,0.150,0.92,4.8,0.03,not sampled,1.12,41,19.1,6.7
7/1/2022,HB3,W-22,Picea ,glauca,46 54 9.61,68 40 7.12,19.6,0,6.8,90,5,1,1.00,259756,26.5,0.154,0.95,26.2,0.29,3.7,0.98,49,21.4,3.6
7/1/2022,HB3,R-24,Picea ,rubens,46 54 10.49,68 40 7.52,9.1,0,5.7,80,5,1,1.00,47857,64.4,0.154,0.93,11.3,0.27,3.9,1.12,42,14.1,2.8
7/1/2022,HB3,W-25,Picea ,glauca,46 54 10.22,68 40 8.19,16.0,0,11.5,35,10,1,0.87,294548,45.7,0.137,0.95,14.2,0.13,7.9,1.06,44,21.9,2.5
7/1/2022,HB3,R-26,Picea ,rubens,46 54 10.53,not sampled,10.2,0,4.9,85,0,1,1.00,50700,53.4,0.170,0.96,15.4,0.26,4.6,1.01,47,16.6,2.3
7/1/2022,HB3,W-27,Picea ,glauca,46 54 10.43,68 40 7.74,23.4,0,8.8,80,25,1,1.00,481677,43.9,0.108,0.95,22.8,0.22,5.1,0.93,50,21.7,3.8
7/1/2022,HB3,W-32,Picea ,glauca,46 54 12.44,68 40 7.34,9.9,0,9.1,65,0,1,0.83,89159,49.1,0.159,0.92,4.1,0.05,4.7,0.95,49,22.5,2.7
7/1/2022,HB3,W-35,Picea ,glauca,46 54 10.38,68 40 5.77,11.9,0,11.5,25,25,2,0.33,164220,not sampled,not sampled,not sampled,not sampled,not sampled,not sampled,not sampled,not sampled,not sampled,not sampled
7/1/2022,HB3,W-36,Picea ,glauca,46 54 8.24,68 40 5.32,15.0,0,not sampled,not sampled,not sampled,not sampled,not sampled,not sampled,45.1,0.112,0.95,1.7,not sampled,not sampled,1.08,44,23.2,2.7
7/1/2022,HB3,R-37,Picea ,rubens,46 54 8.02,68 40 5.45,5.3,0,3.7,50,0,1,1.00,10584,67.2,0.169,0.94,7.6,0.05,not sampled,1.16,42,12.6,9.0
7/1/2022,HB3,W-38,Picea ,glauca,46 54 7.40,68 40 5.74,3.0,0,2.3,50,0,1,1.00,2137,44.4,0.124,0.95,17.7,0.16,not sampled,1.20,39,20.0,2.6
7/1/2022,HB3,R-39,Picea ,rubens,46 54 7.88,68 40 5.44,4.6,0,2.8,60,5,1,1.00,5853,71.1,0.135,0.95,10.3,0.07,3.6,1.29,36,20.3,3.9
7/1/2022,HB3,W-40,Picea ,glauca,46 54 7.40,68 40 5.74,20.8,0,7.6,80,0,1,1.00,328551,47.6,0.175,0.91,6.1,0.09,4.2,1.20,39,21.9,2.6
7/1/2022,HB3,W-41,Picea ,glauca,46 54 7.71,68 40 5.44,19.8,0,8.2,70,0,1,1.00,321630,not sampled,not sampled,not sampled,not sampled,not sampled,not sampled,not sampled,not sampled,not sampled,not sampled
7/1/2022,HB3,R-42,Picea ,rubens,46 54 7.44,68 40 6.27,3.8,0,4.9,50,0,1,1.00,7181,not sampled,not sampled,not sampled,not sampled,not sampled,not sampled,not sampled,not sampled,not sampled,not sampled
7/1/2022,HB3,R-43,Picea ,rubens,46 54 7.24,68 40 6.27,14.5,0,6.2,45,10,1,1.00,130407,not sampled,not sampled,not sampled,not sampled,not sampled,not sampled,not sampled,not sampled,not sampled,not sampled
7/1/2022,HB3,R-44,Picea ,rubens,46 54 7.24,68 40 6.39,12.4,0,8.4,30,20,2,0.94,129556,not sampled,not sampled,not sampled,not sampled,not sampled,not sampled,not sampled,not sampled,not sampled,not sampled
7/1/2022,HB3,W-45,Picea ,glauca,46 54 7.09,68 40 6.31,19.3,0,9.5,55,10,1,0.84,354491,not sampled,not sampled,not sampled,not sampled,not sampled,not sampled,not sampled,not sampled,not sampled,not sampled
7/1/2022,HB3,R-46,Picea ,rubens,46 54 7.76,68 40 6.38,15.7,0,7.4,40,15,1,0.86,182738,not sampled,not sampled,not sampled,not sampled,not sampled,not sampled,not sampled,not sampled,not sampled,not sampled
7/5/2022,RR1,W-1,Picea ,glauca,46 55 35.05,68 42 37.40,14.2,0,9.4,90,0,1,1.00,190210,33.3,0.147,0.89,9.5,0.05,2.9,0.81,55,22.9,3.6
7/5/2022,RR1,W-2,Picea ,glauca,46 55 35.04,68 42 37.82,11.9,0,6.8,80,5,1,1.00,96563,37.5,0.150,0.83,11.7,0.05,2.8,0.84,54,22.3,3.6
7/5/2022,RR1,W-3,Picea ,glauca,46 55 35.04,68 42 37.75,11.2,0,6.0,70,15,1,1.00,74883,35.1,0.126,0.93,10.9,0.07,3.4,0.89,51,24.2,3.8
7/5/2022,RR1,W-4,Picea ,glauca,46 55 35.24,68 42 37.77,13.0,0,8.8,50,25,1,1.00,148064,35.7,0.171,0.96,not sampled,0.04,3.8,0.78,62,28.8,5.1
7/5/2022,RR1,W-5,Picea ,glauca,46 55 35.11,68 42 37.56,9.4,0,7.1,45,5,1,0.96,62504,37.8,0.177,0.89,14.5,0.07,3.2,0.99,48,26.1,3.3
7/5/2022,RR1,W-6,Picea ,glauca,46 55 35.17,68 42 37.43,11.7,0,8.0,40,10,1,1.11,109100,35.1,0.170,0.97,12.7,0.06,3.3,0.86,55,26.6,3.4
7/5/2022,RR1,W-7,Picea ,glauca,46 55 35.42,68 42 37.54,13.0,0,6.0,55,10,1,1.00,100352,33.3,0.109,0.97,9.8,0.03,4.0,0.83,58,22.9,2.8
7/5/2022,RR1,W-8,Picea ,glauca,46 55 35.24,68 42 37.32,8.1,0,5.6,60,5,1,1.00,37108,33.1,0.170,0.98,11.7,0.08,4.0,0.78,61,26.4,5.2
7/5/2022,RR1,W-9,Picea ,glauca,46 55 35.06,68 42 37.20,7.9,0,7.0,45,0,2,0.69,43472,32.6,0.191,0.90,6.6,0.03,5.2,0.84,57,31.9,3.8
7/5/2022,RR1,R-10,Picea ,rubens,46 55 35.26,68 42 37.20,5.8,0,4.7,60,10,2,0.72,16021,43.1,0.116,0.96,5.2,0.07,4.6,0.88,55,22.1,5.2
7/5/2022,RR1,W-11,Picea ,glauca,46 55 35.47,68 42 37.33,8.1,0,5.9,65,20,1,1.00,39302,37.5,0.137,0.93,11.5,0.12,3.6,0.80,60,28.8,6.8
7/5/2022,RR1,W-12,Picea ,glauca,46 55 35.48,68 42 37.39,3.8,0,3.1,40,5,2,1.00,4451,36.4,0.118,0.84,13.7,0.08,4.1,0.84,57,24.8,5.4
7/5/2022,RR1,W-13,Picea ,glauca,46 55 35.36,68 42 37.30,14.7,0,6.8,40,15,2,1.00,148114,37.5,0.131,0.96,5.7,0.03,4.5,0.84,57,29.0,2.7
7/5/2022,RR1,W-14,Picea ,glauca,46 55 35.51,68 42 37.26,5.6,0,4.2,65,5,1,1.00,13014,36.8,0.085,0.97,5.4,0.02,5.2,0.74,65,29.4,8.2
7/5/2022,RR1,W-15,Picea ,glauca,46 55 35.64,68 42 37.33,5.8,0,4.8,55,5,2,1.00,16396,36.9,0.134,0.94,2.2,0.01,3.5,0.74,65,27.1,6.5
7/5/2022,RR1,W-16,Picea ,glauca,46 55 35.68,68 42 37.40,12.2,0,7.8,60,5,2,1.00,115339,39.5,0.120,0.93,16.1,0.14,3.4,1.09,44,25.6,3.6
7/5/2022,RR1,W-17,Picea ,glauca,46 55 35.51,68 42 37.18,5.8,0,4.8,45,5,2,0.79,16465,35.9,0.129,0.87,8.1,0.12,3.3,0.70,69,27.3,6.6
7/5/2022,RR1,W-18,Picea ,glauca,46 55 35.47,68 42 37.34,2.5,0,2.5,75,0,1,1.00,1598,37.9,0.153,0.98,9.4,0.08,5.4,0.71,66,33.3,7.2
7/5/2022,RR1,W-19,Picea ,glauca,43 55 35.43,68 42 37.40,13.0,0,8.4,65,10,1,1.00,141477,not sampled,not sampled,not sampled,not sampled,not sampled,not sampled,not sampled,not sampled,24.3,5.7
7/5/2022,RR1,W-20,Picea ,glauca,46 55 35.37,68 42 37.11,6.1,0,5.4,65,5,1,1.00,20127,37.1,0.134,0.78,11.7,0.13,5.3,0.79,61,23.8,7.6
7/5/2022,RR1,W-21,Picea ,glauca,46 55 35.54,68 42 36.96,8.4,0,6.1,35,15,2,0.72,42664,33.8,0.113,0.72,11.1,0.08,3.4,not sampled,not sampled,25.8,5.9
7/5/2022,RR1,W-22,Picea ,glauca,46 55 35.41,68 42 36.87,9.7,0,6.8,30,10,2,0.74,63522,8.6,0.032,0.89,29.3,0.21,5.1,0.69,70,31.6,6.7
7/5/2022,RR1,W-23,Picea ,glauca,46 55 35.52,68 42 36.91,5.8,0,4.5,20,50,2,0.62,15440,20.8,0.173,0.89,15.8,0.15,4.1,0.77,60,30.2,10.1
7/5/2022,RR1,W-24,Picea ,glauca,46 55 35.59,68 42 36.83,3.8,0,4.2,75,0,1,1.00,6166,not sampled,0.118,0.83,30.1,0.35,3.6,not sampled,not sampled,25.2,5.9
7/5/2022,RR1,W-25,Picea ,glauca,46 55 35.59,68 42 36.68,7.6,0,4.7,35,5,1,0.63,27373,16.0,0.083,0.82,not sampled,not sampled,3.6,0.74,66,26.7,7.7
7/5/2022,RR1,W-26,Picea ,glauca,46 55 35.61,68 42 36.94,3.3,0,2.5,75,0,1,1.00,2726,36.6,0.118,0.97,12.5,0.11,4.6,0.79,60,31.0,9.9
7/5/2022,RR1,W-27,Picea ,glauca,46 55 35.61,68 42 36.66,5.1,0,4.3,45,5,1,1.00,11117,39.1,0.099,0.81,8.0,0.07,4.1,0.72,68,34.5,8.6
7/5/2022,RR1,W-28,Picea ,glauca,46 55 35.62,68 42 36.46,14.2,0,8.7,50,10,2,0.83,175421,33.6,0.204,0.90,6.8,0.03,4.8,1.21,40,31.6,4.8
7/5/2022,RR1,W-29,Picea ,glauca,46 55 35.62,68 42 36.26,8.1,0,6.1,40,10,2,0.35,40580,32.5,0.212,0.90,4.8,0.04,4.0,0.84,57,28.4,3.6
7/5/2022,RR1,W-30,Picea ,glauca,46 55 35.58,68 42 36.24,7.1,0,6.7,15,15,3,0.48,33889,35.3,0.159,0.84,4.0,0.02,5.8,0.82,56,29.6,4.3
7/7/2022,RR1,W-31,Picea ,glauca,46 55 35.58,68 42 36.33,14.0,0,9.4,35,15,2,0.63,183520,32.8,0.165,0.97,7.1,0.04,5.2,0.83,58,31.8,6.2
7/7/2022,RR1,W-32,Picea ,glauca,46 55 35.80,68 42 36.24,2.8,0,3.0,45,0,1,1.00,2342,37.3,0.118,0.84,7.5,0.04,7.4,0.80,61,24.2,6.0
7/7/2022,RR1,W-33,Picea ,glauca,46 55 35.70,68 42 36.19,7.9,0,4.8,35,10,2,0.48,29916,38.0,0.105,0.84,not sampled,not sampled,5.4,0.84,57,26.9,6.4
7/7/2022,RR1,W-34,Picea ,glauca,46 55 35.67,68 42 36.09,8.1,0,5.5,40,20,2,0.54,36023,46.7,0.086,0.94,11.7,0.11,5.8,not sampled,not sampled,23.3,1.4
7/7/2022,RR1,W-35,Picea ,glauca,46 55 35.75,68 42 36.04,5.3,0,4.9,35,15,2,0.69,13802,45.3,0.098,0.95,15.2,0.20,4.5,not sampled,not sampled,22.5,3.4
7/7/2022,RR1,W-36,Picea ,glauca,46 55 35.76,68 42 36.01,7.6,0,5.6,40,10,2,1.00,32553,39.0,0.147,0.94,13.1,0.14,7.3,0.99,48,23.3,3.3
7/7/2022,RR1,W-37,Picea ,glauca,46 55 35.55,68 42 35.96,12.2,0,7.3,45,5,1,1.00,108438,32.8,0.116,0.96,16.2,0.21,2.8,not sampled,not sampled,21.9,4.4
7/7/2022,RR1,W-38,Picea ,glauca,46 55 35.62,68 42 35.69,9.1,0,7.4,40,10,2,0.66,61458,38.6,0.156,0.94,11.5,0.11,4.5,1.05,46,24.2,3.6
7/7/2022,RR1,W-39,Picea ,glauca,46 55 35.62,68 42 35.69,11.2,0,7.1,35,15,2,0.65,88632,32.9,0.179,0.96,16.4,0.17,4.0,0.99,48,21.4,4.8
7/7/2022,RR1,W-40,Picea ,glauca,46 55 35.49,68 42 35.97,11.7,0,8.4,40,15,2,0.76,114848,35.0,0.093,0.95,18.9,0.22,4.8,0.96,50,31.3,2.9
7/7/2022,RR1,W-41,Picea ,glauca,46 55 35.54,68 42 35.86,14.0,0,9.3,not sampled,not sampled,not sampled,not sampled,180561,37.5,0.125,0.96,16.9,0.19,2.6,0.90,51,24.7,4.1
7/7/2022,RR1,W-42,Picea ,glauca,46 55 35.62,68 42 35.63,17.8,0,not sampled,not sampled,not sampled,2,not sampled,not sampled,33.8,0.193,0.96,15.5,0.17,3.7,0.95,48,25.8,2.6
7/7/2022,RR1,W-43,Picea ,glauca,46 55 35.96,68 42 35.75,16.3,0,8.2,65,5,1,0.76,217719,30.0,0.092,0.91,17.2,0.18,5.6,0.87,54,25.0,5.2
7/7/2022,RR1,W-44,Picea ,glauca,46 55 36.05,68 42 35.72,14.0,0,9.4,25,20,2,1.00,183949,37.6,0.132,0.96,13.8,0.43,2.9,1.10,43,21.3,4.6
7/7/2022,RR1,W-45,Picea ,glauca,46 55 35.95,68 42 35.50,14.0,0,7.2,65,5,1,1.00,139911,19.6,0.079,0.96,21.9,0.28,4.7,1.01,48,27.3,2.7
7/7/2022,RR1,W-46,Picea ,glauca,46 55 35.96,68 42 35.17,35.3,0,12.7,30,15,2,1.00,1584177,not sampled,not sampled,not sampled,not sampled,not sampled,not sampled,not sampled,not sampled,not sampled,not sampled
7/7/2022,RR1,R-47,Picea ,rubens,46 55 36.20,68 42 35.80,12.2,0,7.2,35,15,1,1.00,107024,not sampled,not sampled,not sampled,not sampled,not sampled,not sampled,not sampled,not sampled,not sampled,not sampled
7/7/2022,RR1,W-48,Picea ,glauca,46 55 35.15,68 42 36.05,1.3,0,1.5,85,0,1,1.00,242,40.9,0.119,0.92,14.6,0.17,6.6,0.90,51,not sampled,5.9
7/7/2022,RR1,W-49,Picea ,glauca,46 55 35.02,68 42 35.96,1.3,0,2.1,70,0,1,1.00,339,38.6,0.129,0.95,12.2,0.13,4.0,0.88,52,not sampled,8.8
7/7/2022,RR1,W-50,Picea ,glauca,46 55 35.02,68 42 36.04,1.3,0,2.3,60,0,1,1.00,371,38.2,0.165,0.94,7.8,0.06,3.6,0.95,49,not sampled,13.3
7/7/2022,RR1,W-51,Picea ,glauca,46 55 34.74,68 42 36.56,7.6,0,4.6,75,0,1,1.00,26851,not sampled,not sampled,not sampled,not sampled,not sampled,not sampled,not sampled,not sampled,not sampled,not sampled
7/7/2022,RR1,W-52,Picea ,glauca,46 55 34.62,68 42 36.67,8.4,0,5.4,25,20,2,1.00,38153,not sampled,not sampled,not sampled,not sampled,not sampled,not sampled,not sampled,not sampled,not sampled,not sampled
7/7/2022,RR1,W-53,Picea ,glauca,46 55 34.57,68 42 36.57,8.9,0,6.9,80,0,1,1.00,54502,not sampled,not sampled,not sampled,not sampled,not sampled,not sampled,not sampled,not sampled,not sampled,not sampled
7/15/2022,CL2,W-1,Picea ,glauca,47 10 04.39,68 20 42.11,4.6,0,3.4,60,0,1,1.00,7152,41.0,0.137,not sampled,not sampled,not sampled,5.4,not sampled,not sampled,24.4,2.6
7/15/2022,CL2,R-2,Picea ,rubens,47 10 04.39,68 20 42.06,3.0,0,2.9,75,0,1,1.00,2652,45.9,0.137,not sampled,not sampled,not sampled,4.8,0.88,56,21.9,2.3
7/15/2022,CL2,W-3,Picea ,glauca,47 10 04.28,68 20 42.00,5.8,0,4.2,60,0,1,1.00,14497,32.9,0.199,not sampled,18.5,0.32,5.6,1.00,48,28.3,4.4
7/15/2022,CL2,R-4,Picea ,rubens,47 10 04.14,68 20 41.75,5.8,0,3.9,85,0,1,1.00,13400,38.6,0.160,not sampled,16.2,0.34,3.1,not sampled,not sampled,20.0,3.5
7/15/2022,CL2,W-5,Picea ,glauca,47 10 03.84,68 20 41.19,7.4,0,4.5,60,0,1,0.66,24194,35.7,0.229,not sampled,18.2,0.26,4.9,0.91,54,27.3,1.7
7/15/2022,CL2,W-6,Picea ,glauca,47 10 03.79,68 20 41.13,5.1,0,3.8,55,5,1,0.87,9719,39.3,0.123,not sampled,16.5,0.35,5.7,0.96,51,28.4,3.1
7/15/2022,CL2,W-7,Picea ,glauca,47 10 03.71,68 20 41.10,3.0,0,2.4,85,0,1,1.00,2245,28.8,0.158,not sampled,17.7,0.48,not sampled,not sampled,not sampled,28.2,4.0
7/15/2022,CL2,R-8,Picea ,rubens,47 10 03.77,68 20 40.99,5.1,0,3.7,65,5,1,1.00,9567,47.1,0.141,not sampled,5.6,0.09,4.4,0.91,54,36.3,3.4
7/15/2022,CL2,W-9,Picea ,glauca,47 10 03.29,68 20 40.37,9.1,0,4.2,65,5,1,0.74,35113,37.7,0.203,not sampled,8.4,0.17,6.9,not sampled,not sampled,30.2,2.2
7/15/2022,CL2,W-10,Picea ,glauca,47 10 03.18,68 20 40.37,7.1,0,4.5,70,0,1,1.00,22765,42.7,0.182,not sampled,8.9,0.24,4.9,1.10,44,26.7,5.0
7/15/2022,CL2,R-11,Picea ,rubens,47 10 03.18,68 20 40.43,5.8,0,4.4,55,0,1,1.00,15030,42.0,0.168,not sampled,7.9,0.09,4.6,1.02,47,26.6,3.3
7/15/2022,CL2,W-12,Picea ,glauca,47 10 03.22,68 20 40.12,7.4,0,5.7,45,10,2,0.65,30730,30.4,0.157,not sampled,8.7,0.17,5.3,not sampled,not sampled,26.7,4.1
7/15/2022,CL2,W-13,Picea ,glauca,47 10 02.82,68 20 39.80,6.6,0,3.6,90,0,1,1.00,15674,34.0,0.157,not sampled,11.5,0.28,5.4,not sampled,not sampled,27.2,3.0
7/15/2022,CL2,R-14,Picea ,rubens,47 10 02.76,68 20 39.70,8.4,0,5.0,70,0,1,1.00,35311,37.3,0.139,not sampled,13.8,not sampled,3.9,0.88,56,20.9,2.2
7/15/2022,CL2,W-15,Picea ,glauca,47 10 02.58,68 20 39.48,9.7,0,4.8,65,0,1,1.00,44318,38.9,0.204,not sampled,14.4,not sampled,7.4,1.14,42,29.6,3.1
7/15/2022,CL2,W-16,Picea ,glauca,47 10 02.42,68 20 39.73,5.8,0,3.6,70,0,1,1.00,12163,33.7,0.195,not sampled,15.9,not sampled,4.5,0.89,54,29.8,3.1
7/15/2022,CL2,R-17,Picea ,rubens,47 10 02.52,68 20 39.71,2.5,0,2.3,60,0,1,1.00,1484,44.9,0.080,not sampled,9.9,not sampled,5.6,0.79,63,25.2,2.2
7/15/2022,CL2,W-18,Picea ,glauca,47 10 02.72,68 20 40.01,3.8,0,2.3,65,0,1,1.00,3339,35.2,0.235,0.92,6.9,0.08,5.7,0.99,47,30.2,5.2
7/15/2022,CL2,R-19,Picea ,rubens,47 10 02.68,68 20 39.96,3.6,0,2.4,85,0,1,1.00,3035,43.8,0.086,not sampled,8.0,0.28,4.8,0.80,59,23.7,2.1
7/15/2022,CL2,W-20,Picea ,glauca,47 10 02.74,68 20 40.12,6.4,0,4.2,45,15,2,0.65,17124,33.3,0.144,not sampled,16.8,not sampled,3.3,1.07,45,23.2,2.9
7/15/2022,CL2,R-21,Picea ,rubens,47 10 02.86,68 20 40.31,5.1,0,5.4,60,0,1,0.91,13827,35.9,0.098,0.96,17.1,0.21,3.5,0.84,58,21.0,2.6
7/15/2022,CL2,W-22,Picea ,glauca,47 10 03.21,68 20 40.79,9.1,0,4.9,60,10,2,0.90,40889,32.9,0.124,0.95,14.8,0.20,6.3,1.03,46,32.3,1.1
7/15/2022,CL2,R-23,Picea ,rubens,47 10 03.28,68 20 41.14,5.3,0,4.0,60,5,1,0.75,11361,44.1,0.116,0.96,16.2,0.15,3.8,not sampled,not sampled,23.2,1.4
7/15/2022,CL2,R-24,Picea ,rubens,47 10 03.37,68 20 41.16,4.1,0,3.4,45,0,1,0.71,5649,36.8,0.083,0.96,19.2,0.21,3.8,not sampled,not sampled,21.7,1.9
7/15/2022,CL2,R-25,Picea ,rubens,47 10 03.63,68 20 41.51,7.4,0,4.1,85,0,1,0.88,22060,302.9,1.486,not sampled,0.7,0.01,4.5,1.02,47,26.2,2.2
7/18/2022,CL2,R-26,Picea ,rubens,47 10 3.79,68 20 41.78,5.3,0,4.4,45,5,2,0.89,12587,44.7,0.108,not sampled,18.4,0.23,2.4,1.20,41,19.6,3.2
7/18/2022,CL2,R-27,Picea ,rubens,47 10 4.11,68 20 42.28,2.5,0,2.1,85,0,1,0.00,1355,42.9,0.084,not sampled,16.0,0.27,4.3,not sampled,not sampled,16.2,3.5
7/18/2022,CL2,R-28,Picea ,rubens,47 10 5.33,68 20 42.47,10.4,0,6.9,35,5,1,0.93,75002,37.7,0.111,not sampled,not sampled,not sampled,4.6,0.91,51,0.3,1.7
7/18/2022,CL2,R-29,Picea ,rubens,47 10 5.28,68 20 42.39,7.1,0,4.0,55,0,1,0.95,20392,35.5,0.137,not sampled,16.5,0.23,4.3,1.06,45,26.8,1.7
7/18/2022,CL2,W-30,Picea ,glauca,47 10 5.12,68 20 42.73,6.9,0,4.2,50,5,1,0.95,19751,35.0,0.130,not sampled,16.1,0.16,5.1,0.90,51,29.7,3.8
7/18/2022,CL2,W-31,Picea ,glauca,47 10 4.75,68 20 43.70,9.7,0,6.5,30,0,1,0.95,60820,34.4,0.182,not sampled,11.0,0.07,3.8,0.97,49,26.2,5.3
7/18/2022,CL2,W-32,Picea ,glauca,47 10 4.82,68 20 43.65,5.8,0,4.4,15,5,1,0.93,15010,35.0,0.191,not sampled,4.5,0.04,4.6,0.96,49,28.5,2.9
7/18/2022,CL2,R-33,Picea ,rubens,47 10 4.46,68 20 43.61,11.2,0,6.1,35,5,1,1.00,75682,37.1,0.211,not sampled,10.4,0.10,3.4,0.86,57,19.9,1.2
7/18/2022,CL2,W-34,Picea ,glauca,47 10 4.47,68 20 43.77,10.4,0,8.0,40,5,1,0.91,86222,not sampled,not sampled,not sampled,not sampled,not sampled,not sampled,not sampled,not sampled,not sampled,not sampled
7/18/2022,CL2,W-35,Picea ,glauca,47 10 3.70,68 20 44.73,6.9,0,4.4,30,5,1,1.00,20560,33.3,0.133,not sampled,14.1,0.13,6.3,0.91,52,31.5,3.2
7/18/2022,CL2,W-36,Picea ,glauca,47 10 3.66,68 20 44.76,8.9,0,4.8,35,5,1,0.94,37597,32.2,0.183,not sampled,10.8,0.10,6.7,1.08,44,30.0,3.7
7/18/2022,CL2,W-37,Picea ,glauca,47 10 3.57,68 20 44.80,9.4,0,4.8,35,5,1,1.00,42610,not sampled,not sampled,not sampled,not sampled,not sampled,6.6,not sampled,not sampled,not sampled,not sampled
7/18/2022,CL2,W-38,Picea ,glauca,47 10 3.55,68 20 44.95,9.1,0,4.9,35,5,1,0.80,41364,32.7,0.252,not sampled,not sampled,not sampled,6.9,0.91,54,33.0,2.9
7/18/2022,CL2,W-39,Picea ,glauca,47 10 3.47,68 20 45.30,5.3,0,6.7,50,0,1,0.97,19161,not sampled,not sampled,not sampled,not sampled,not sampled,not sampled,not sampled,not sampled,not sampled,not sampled
7/18/2022,CL2,W-40,Picea ,glauca,47 10 3.28,68 20 45.25,11.7,0,5.3,35,5,1,0.91,72375,36.0,0.192,not sampled,6.5,0.04,6.3,0.97,49,32.2,4.3
7/18/2022,CL2,W-41,Picea ,glauca,47 10 3.85,68 20 44.88,7.9,0,5.5,25,5,1,0.91,33900,33.3,0.151,not sampled,8.4,0.06,5.1,0.89,54,27.3,2.5
7/18/2022,CL2,W-42,Picea ,glauca,47 10 3.68,68 20 45.29,9.9,0,6.8,30,15,3,0.78,66922,not sampled,not sampled,not sampled,not sampled,not sampled,not sampled,not sampled,not sampled,not sampled,not sampled
7/18/2022,CL2,W-43,Picea ,glauca,47 10 3.65,68 20 45.50,7.6,0,5.1,30,10,3,0.80,29360,not sampled,not sampled,not sampled,not sampled,not sampled,not sampled,not sampled,not sampled,not sampled,not sampled
7/18/2022,CL2,W-44,Picea ,glauca,47 10 3.63,68 20 45.57,9.4,0,5.6,30,15,3,0.73,49132,not sampled,not sampled,not sampled,not sampled,not sampled,not sampled,not sampled,not sampled,not sampled,not sampled
7/18/2022,CL2,R-45,Picea ,rubens,47 10 3.49,68 20 45.90,9.1,0,5.2,40,5,1,1.00,43487,not sampled,not sampled,not sampled,not sampled,not sampled,not sampled,not sampled,not sampled,not sampled,not sampled
7/18/2022,CL2,W-46,Picea ,glauca,47 10 3.44,68 20 45.88,8.1,0,5.1,30,5,1,0.80,33511,not sampled,not sampled,not sampled,not sampled,not sampled,not sampled,not sampled,not sampled,not sampled,not sampled
7/18/2022,CL2,W-47,Picea ,glauca,47 10 3.81,68 20 45.76,7.4,0,4.9,30,10,1,0.80,26799,not sampled,not sampled,not sampled,not sampled,not sampled,not sampled,not sampled,not sampled,not sampled,not sampled
7/18/2022,CL2,W-48,Picea ,glauca,47 10 3.72,68 20 46.09,9.7,0,6.0,30,10,2,0.75,56329,not sampled,not sampled,not sampled,not sampled,not sampled,not sampled,not sampled,not sampled,not sampled,not sampled
7/18/2022,CL2,W-49,Picea ,glauca,47 10 3.96,68 20 45.16,6.4,0,not sampled,not sampled,not sampled,not sampled,not sampled,not sampled,not sampled,not sampled,not sampled,not sampled,not sampled,not sampled,not sampled,not sampled,not sampled,not sampled
7/18/2022,CL2,W-50,Picea ,glauca,47 10 3.90,68 20 45.23,5.3,0,not sampled,not sampled,not sampled,not sampled,not sampled,not sampled,not sampled,not sampled,not sampled,not sampled,not sampled,not sampled,not sampled,not sampled,not sampled,not sampled
7/15/22,CL3,W-1,Picea ,glauca,47 11 21.05,68 20 14.48,19.8,1,7.7,50,20,2,0.61,300344,30.8,0.153,not sampled,not sampled,not sampled,3.9,1.13,43,25.6,4.3
7/15/22,CL3,W-2,Picea ,glauca,47 11 21.27,68 20 14.66,22.1,0,9.5,45,15,2,0.74,462269,40.6,0.181,not sampled,11.0,not sampled,3.7,1.08,44,22.8,2.3
7/15/22,CL3,W-3,Picea ,glauca,47 11 21.28,68 20 14.77,16.8,2,7.2,40,20,2,0.86,202343,40.7,0.163,not sampled,10.2,0.19,3.3,0.99,50,17.7,2.8
7/15/22,CL3,W-4,Picea ,glauca,47 11 21.34,68 20 14.84,22.6,0,13.5,50,15,2,0.96,688649,34.8,0.198,not sampled,17.0,not sampled,3.0,0.84,57,22.2,6.3
7/15/22,CL3,W-5,Picea ,glauca,47 11 21.45,68 20 15.08,16.8,0,15.4,50,20,2,0.74,433865,35.7,0.139,not sampled,12.8,0.15,4.3,0.91,53,24.6,1.9
7/15/22,CL3,W-6,Picea ,glauca,47 11 21.55,68 20 14.67,20.1,0,12.1,40,15,2,0.83,486890,40.8,0.187,not sampled,14.6,not sampled,2.7,0.93,53,22.4,2.4
7/15/22,CL3,W-7,Picea ,glauca,47 11 21.45,68 20 14.63,13.2,0,8.0,45,10,2,0.75,140033,41.3,0.136,not sampled,14.6,0.17,5.1,0.89,54,25.6,4.4
7/15/22,CL3,W-8,Picea ,glauca,47 11 21.00,68 20 13.53,29.7,0,13.8,45,10,2,1.00,1216895,38.1,0.150,0.95,8.4,not sampled,5.1,0.82,58,29.4,5.0
7/18/2022,CL3,W-9,Picea ,glauca,47 11 20.93,68 20 13.69,8.4,0,5.7,80,5,1,0.91,40047,37.8,0.128,0.95,14.0,0.16,4.2,1.02,48,24.5,3.6
7/18/2022,CL3,W-10,Picea ,glauca,47 11 20.74,68 20 13.50,5.6,0,3.6,70,5,1,1.00,11392,44.1,0.113,0.91,9.2,0.14,4.2,0.76,62,24.8,6.2
7/18/2022,CL3,B-11,Picea ,mariana,47 11 20.74,68 20 13.24,1.3,0,5.6,65,5,1,1.00,904,37.5,0.100,0.89,13.6,0.10,3.9,0.85,59,21.8,2.1
7/18/2022,CL3,W-12,Picea ,glauca,47 11 20.65,68 20 13.28,6.4,0,4.2,65,5,1,1.00,16933,44.4,0.101,0.91,9.7,0.09,7.5,0.91,53,28.9,2.4
7/18/2022,CL3,W-13,Picea ,glauca,47 11 20.82,68 20 13.25,12.7,0,7.8,50,10,2,0.68,125752,32.6,0.213,0.93,13.1,0.11,4.7,0.95,50,26.2,1.4
7/18/2022,CL3,W-14,Picea ,glauca,47 11 20.73,68 20 13.04,15.0,0,10.0,50,10,2,0.90,223642,51.7,0.119,0.97,9.8,0.09,3.9,0.96,50,23.9,1.7
7/18/2022,CL3,B-15,Picea ,mariana,47 11 20.69,68 20 13.16,13.2,0,8.2,65,5,2,1.00,142671,43.9,0.137,0.93,11.4,0.13,4.9,0.79,62,24.8,4.4
7/18/2022,CL3,B-16,Picea ,mariana,47 11 20.62,68 20 13.18,14.0,0,9.2,45,10,2,0.78,179548,35.6,0.126,0.94,1.5,0.14,4.0,0.75,64,22.3,1.7
7/18/2022,CL3,W-17,Picea ,glauca,47 11 20.66,68 20 13.03,9.1,0,12.4,45,10,2,0.92,103878,47.5,0.192,0.95,10.7,0.12,5.2,0.92,53,26.9,3.4
7/18/2022,CL3,B-18,Picea ,mariana,47 11 20.55,68 20 13.11,3.3,0,8.0,55,10,2,1.00,8715,150.0,0.111,0.97,12.7,0.15,5.7,0.85,58,22.4,3.7
7/18/2022,CL3,W-19,Picea ,glauca,47 11 20.41,68 20 13.06,9.4,0,4.8,75,5,1,1.00,42617,33.8,0.118,0.88,13.8,0.18,5.5,0.75,65,27.0,9.3
7/18/2022,CL3,B-20,Picea ,mariana,47 11 20.41,68 20 13.00,8.9,0,5.2,60,10,2,0.81,41105,43.8,0.112,0.87,7.3,0.08,4.5,0.79,62,20.4,2.5
7/18/2022,CL3,W-21,Picea ,glauca,47 11 20.29,68 20 12.83,7.1,0,5.0,75,0,1,1.00,25136,31.1,0.142,not sampled,not sampled,not sampled,7.0,0.86,56,25.4,10.9
7/18/2022,CL3,B-22,Picea ,mariana,47 11 20.37,68 20 12.67,15.2,0,10.2,60,5,1,0.90,236903,not sampled,not sampled,#DIV/0!,not sampled,not sampled,not sampled,not sampled,not sampled,not sampled,not sampled
7/18/2022,CL3,B-23,Picea ,mariana,47 11 20.29,68 20 12.60,15.7,0,8.0,55,10,2,0.88,198446,44.7,0.137,0.95,not sampled,not sampled,4.3,0.77,63,25.1,2.3
7/18/2022,CL3,B-24,Picea ,mariana,47 11 20.16,68 20 12.62,9.1,0,6.0,25,30,3,0.83,50143,36.8,0.181,0.94,1.4,0.02,7.0,0.62,78,22.4,5.4
7/18/2022,CL3,W-25,Picea ,glauca,47 11 20.09,68 20 12.54,6.9,0,3.9,35,15,1,0.92,18466,not sampled,not sampled,0.95,not sampled,not sampled,4.9,1.02,47,20.3,2.4
7/18/2022,CL3,B-26,Picea ,mariana,47 11 20.08,68 20 12.29,11.9,0,5.9,15,70,3,0.80,84722,38.2,0.127,0.95,4.0,0.02,7.3,0.84,58,20.2,2.2
7/18/2022,CL3,B-27,Picea ,mariana,47 11 20.12,68 20 12.17,12.4,0,9.2,50,35,2,0.84,143061,39.6,0.123,0.95,5.1,0.21,7.8,0.79,62,25.5,1.3
7/18/2022,CL3,B-28,Picea ,mariana,47 11 20.05,68 20 12.11,17.3,0,8.7,45,45,2,0.80,259602,34.0,0.132,0.95,8.5,0.04,5.2,0.82,59,27.7,4.2
7/18/2022,CL3,B-29,Picea ,mariana,47 11 19.96,68 20 12.17,18.0,0,8.7,40,35,2,0.89,283014,41.5,0.121,0.95,5.6,0.02,5.4,0.82,59,21.4,4.9
7/18/2022,CL3,B-30,Picea ,mariana,47 11 20.04,68 20 12.07,14.2,0,7.9,30,40,not sampled,0.96,160820,36.2,0.117,not sampled,not sampled,not sampled,6.0,0.71,69,26.0,2.5
7/18/2022,CL3,B-31,Picea ,mariana,47 11 20.10,68 20 14.97,16.0,1,10.4,40,30,2,0.62,266081,not sampled,not sampled,not sampled,not sampled,not sampled,not sampled,not sampled,not sampled,not sampled,not sampled
7/18/2022,CL3,R-32,Picea ,rubens,47 11 21.06,68 20 16.47,14.7,2,10.7,35,15,2,0.57,232312,not sampled,not sampled,not sampled,not sampled,not sampled,not sampled,not sampled,not sampled,not sampled,not sampled
7/18/2022,CL3,W-33,Picea ,glauca,47 11 21.58,68 20 15.46,18.0,0,9.0,40,50,2,0.78,292314,not sampled,not sampled,not sampled,not sampled,not sampled,not sampled,not sampled,not sampled,not sampled,not sampled
7/18/2022,CL3,W-34,Picea ,glauca,47 11 21.60,68 20 15.28,23.4,0,11.0,50,20,1,0.82,602043,not sampled,not sampled,not sampled,not sampled,not sampled,not sampled,not sampled,not sampled,not sampled,not sampled
7/18/2022,CL3,W-35,Picea ,glauca,47 11 21.51,68 20 15.38,14.0,0,10.4,30,40,2,0.86,202192,not sampled,not sampled,not sampled,not sampled,not sampled,not sampled,not sampled,not sampled,not sampled,not sampled
7/18/2022,CL3,W-36,Picea ,glauca,47 11 21.32,68 20 15.21,10.9,0,8.1,35,40,2,0.59,97033,not sampled,not sampled,not sampled,not sampled,not sampled,not sampled,not sampled,not sampled,not sampled,not sampled
7/18/2022,CL3,W-37,Picea ,glauca,47 11 21.85,68 20 14.72,15.5,1,10.1,35,10,1,0.90,242249,not sampled,not sampled,#DIV/0!,not sampled,not sampled,not sampled,not sampled,not sampled,not sampled,not sampled
7/18/2022,CL3,W-38,Picea ,glauca,47 11 21.97,68 20 15.81,8.1,0,4.7,35,5,1,0.89,31079,not sampled,not sampled,0.84,not sampled,not sampled,4.8,1.03,47,30.7,not sampled
7/18/2022,CL3,W-39,Picea ,glauca,47 11 21.94,68 20 15.90,3.8,0,2.5,65,0,1,0.92,3629,not sampled,not sampled,0.91,not sampled,not sampled,not sampled,not sampled,not sampled,33.6,not sampled
7/18/2022,CL3,W-40,Picea ,glauca,47 11 21.99,68 20 15.95,3.6,1,2.0,20,30,2,0.90,2529,42.5,0.144,0.96,17.8,0.16,7.6,1.06,45,30.9,4.3
7/18/2022,CL3,W-41,Picea ,glauca,47 11 22.49,68 20 16.56,3.6,0,2.2,50,5,1,0.86,2782,46.3,0.142,0.97,11.0,0.07,5.5,0.87,55,31.5,13.4
7/18/2022,CL3,W-42,Picea ,glauca,47 11 22.95,68 20 17.11,6.6,0,not sampled,45,5,1,1.54,11339,29.4,0.161,0.95,11.8,0.08,5.0,0.93,52,29.2,5.1
7/18/2022,CL3,W-43,Picea ,glauca,47 11 23.00,68 20 16.95,4.3,0,2.2,40,10,1,0.91,4102,33.9,0.129,0.95,15.3,0.15,6.3,0.91,53,30.9,2.8
7/18/2022,CL3,W-44,Picea ,glauca,47 11 23.11,68 20 16.93,4.3,0,3.0,35,10,1,0.90,5594,35.1,0.156,0.96,14.2,0.13,4.8,1.15,42,30.6,3.1
7/18/2022,CL3,W-45,Picea ,glauca,47 11 22.89,68 20 16.61,4.6,1,2.8,35,15,2,0.82,5853,35.9,0.139,0.97,16.7,0.15,4.9,1.12,43,29.3,1.5
7/18/2022,CL3,W-46,Picea ,glauca,47 11 21.88,68 20 14.99,17.3,0,12.4,35,50,2,0.88,370626,31.2,0.148,0.95,9.5,0.03,5.9,0.97,49,26.4,1.3
7/18/2022,CL3,W-47,Picea ,glauca,47 11 21.77,68 20 15.00,13.7,0,7.4,40,40,2,0.86,138622,41.0,0.188,not sampled,8.2,0.08,6.2,0.80,59,31.2,3.3
7/29/2022,SR1,W-1,Picea ,glauca,47 06 36.96,68 12 47.82,2.3,0,2.0,70,0,1,1.00,1045,37.0,0.185,0.96,9.6,0.06,5.8,0.98,47,26.6,11.7
7/29/2022,SR1,W-2,Picea ,glauca,47 06 36.88,68 12 47.82,3.6,0,2.8,50,0,1,1.00,3541,39.6,0.132,0.87,3.9,0.01,8.0,0.96,49,31.1,3.3
7/29/2022,SR1,W-3,Picea ,glauca,47 06 35.56,68 12 49.00,18.3,0,9.5,55,5,2,0.55,316869,42.9,0.196,0.85,14.1,0.11,5.9,1.26,38,27.8,1.3
7/29/2022,SR1,W-4,Picea ,glauca,47 06 35.56,68 12 49.24,23.1,0,12.7,35,5,2,0.46,678507,37.5,0.115,0.87,14.2,0.13,5.4,1.27,39,27.4,2.5
7/29/2022,SR1,W-5,Picea ,glauca,47 06 36.40,68 12 49.88,8.1,0,4.0,60,0,1,1.00,26634,43.3,0.134,0.85,13.7,0.09,4.0,0.85,55,13.6,2.9
7/29/2022,SR1,R-6,Picea ,glauca,47 06 36.29,68 12 50.37,18.0,0,9.7,40,0,1,0.75,315523,47.1,0.240,0.90,8.0,0.04,4.2,1.20,40,11.8,2.6
7/29/2022,SR1,W-7,Picea ,glauca,47 06 35.99,68 12 50.12,17.8,0,10.1,70,5,1,0.59,319057,29.0,0.180,0.89,17.9,0.12,4.0,1.04,45,27.9,2.9
7/29/2022,SR1,W-8,Picea ,glauca,47 06 35.91,68 12 50.45,21.1,1,13.1,40,20,1,0.52,583350,54.0,0.125,0.88,5.7,0.04,5.0,1.16,41,26.0,1.7
7/29/2022,SR1,W-9,Picea ,glauca,47 06 35.58,68 12 51.03,19.8,0,11.4,35,10,1,0.56,445557,44.5,0.153,0.92,10.2,0.15,7.6,1.00,48,28.8,1.8
7/29/2022,SR1,W-10,Picea ,glauca,47 06 35.36,68 12 51.64,17.0,0,9.7,20,30,2,0.68,280924,35.8,0.137,0.89,not sampled,not sampled,5.4,1.02,48,28.7,6.2
7/29/2022,SR1,W-11,Picea ,glauca,47 06 34.82,68 12 50.94,18.8,0,12.8,35,10,1,0.58,452427,39.7,0.139,0.92,not sampled,not sampled,4.8,1.10,43,27.0,3.1
7/29/2022,SR1,W-12,Picea ,glauca,47 06 34.54,68 12 50.64,24.1,0,13.1,40,25,1,0.62,764223,42.4,0.214,0.93,not sampled,not sampled,4.2,1.10,43,27.8,2.5
7/29/2022,SR1,W-13,Picea ,glauca,47 06 34.44,68 12 50.41,17.5,0,11.8,35,10,2,0.40,361504,50.5,0.235,0.98,11.2,not sampled,5.6,1.26,38,26.6,1.4
7/29/2022,SR1,R-14,Picea ,glauca,47 06 34.21,68 12 51.30,12.4,0,8.9,35,5,1,0.52,137097,44.0,0.199,0.98,8.3,0.19,4.3,0.94,52,18.4,1.5
7/29/2022,SR1,W-15,Picea ,glauca,47 06 33.68,68 12 51.01,24.4,0,15.0,35,10,1,0.47,894429,49.3,0.152,0.98,8.5,1.30,4.5,1.05,46,23.7,1.1
7/29/2022,SR1,W-16,Picea ,glauca,47 06 33.08,68 12 51.14,19.1,0,11.7,50,5,1,0.50,424433,32.8,0.211,0.96,16.0,0.26,5.9,1.19,40,28.0,5.4
7/29/2022,SR1,W-17,Picea ,glauca,47 06 32.45,68 12 51.41,17.8,1,11.0,35,10,2,0.43,348367,51.5,0.141,0.93,13.5,2.03,5.7,1.38,35,26.4,4.0
7/29/2022,SR1,W-18,Picea ,glauca,47 06 32.50,68 12 51.73,23.1,0,11.4,25,20,2,0.45,611250,48.7,0.183,0.96,9.0,not sampled,5.8,1.16,41,28.7,1.2
7/29/2022,SR1,W-19,Picea ,glauca,47 06 32.05,68 12 52.10,15.2,1,10.6,35,15,2,0.48,247079,45.1,0.158,0.96,12.3,0.18,4.8,1.14,42,24.4,3.7
7/29/2022,SR1,W-20,Picea ,glauca,47 06 31.55,68 12 50.75,17.3,0,10.7,50,5,1,0.53,317999,44.8,0.175,0.94,not sampled,not sampled,5.4,1.07,45,29.4,1.6
7/29/2022,SR1,W-21,Picea ,glauca,47 06 31.78,68 12 51.72,18.3,0,11.0,45,10,1,not sampled,367539,47.7,0.295,0.97,not sampled,not sampled,5.5,1.04,45,30.2,1.5
7/29/2022,SR1,W-22,Picea ,glauca,47 06 31.87,68 12 50.60,20.6,0,12.1,35,20,2,0.59,510204,11.8,0.058,0.97,46.8,not sampled,5.4,1.08,45,25.8,3.2
7/29/2022,SR1,W-23,Picea ,glauca,47 06 31.84,68 12 50.43,20.6,0,12.1,30,10,2,0.55,511779,50.5,0.159,0.96,3.7,0.10,4.8,1.14,43,29.2,2.9
7/29/2022,SR1,W-24,Picea ,glauca,47 06 32.55,68 12 50.36,25.1,0,11.6,45,30,1,0.73,732177,212.1,0.140,0.97,not sampled,not sampled,5.9,1.21,40,28.5,2.5
7/29/2022,SR1,W-25,Picea ,glauca,47 06 36.10,68 12 49.82,3.3,0,2.4,75,0,1,0.92,2617,13.1,0.150,0.89,10.8,0.10,3.4,1.03,46,14.2,3.3
,,,,,,,,,,,,,,,,,,,,,,,,
,,,,,,,,,,,,,,,,,,,,,,,,
,,,,,,,,,,,,,,,,,,,,,,,,
,,,,,,,,,,,,,,,,,,,,,,,,
,,,,,,,,,,,,,,,,,,,,,,,,
,,,,,,,,,,,,,,,,,,,,,,,,
,,,,,,,,,,,,,,,,,,,,,,,,
,,,,,,,,,,,,,,,,,,,,,,,,
,,,,,,,,,,,,,,,,,,,,,,,,
,,,,,,,,,,,,,,,,,,,,,,,,
,,,,,,,,,,,,,,,,,,,,,,,,
,,,,,,,,,,,,,,,,,,,,,,,,
,,,,,,,,,,,,,,,,,,,,,,,,
,,,,,,,,,,,,,,,,,,,,,,,,
,,,,,,,,,,,,,,,,,,,,,,,,
,,,,,,,,,,,,,,,,,,,,,,,,
,,,,,,,,,,,,,,,,,,,,,,,,
,,,,,,,,,,,,,,,,,,,,,,,,
,,,,,,,,,,,,,,,,,,,,,,,,
,,,,,,,,,,,,,,,,,,,,,,,,
,,,,,,,,,,,,,,,,,,,,,,,,
,,,,,,,,,,,,,,,,,,,,,,,,
,,,,,,,,,,,,,,,,,,,,,,,,
,,,,,,,,,,,,,,,,,,,,,,,,
,,,,,,,,,,,,,,,,,,,,,,,,
,,,,,,,,,,,,,,,,,,,,,,,,
,,,,,,,,,,,,,,,,,,,,,,,,
,,,,,,,,,,,,,,,,,,,,,,,,
,,,,,,,,,,,,,,,,,,,,,,,,
,,,,,,,,,,,,,,,,,,,,,,,,
,,,,,,,,,,,,,,,,,,,,,,,,
,,,,,,,,,,,,,,,,,,,,,,,,
,,,,,,,,,,,,,,,,,,,,,,,,
,,,,,,,,,,,,,,,,,,,,,,,,
,,,,,,,,,,,,,,,,,,,,,,,,
,,,,,,,,,,,,,,,,,,,,,,,,
,,,,,,,,,,,,,,,,,,,,,,,,
,,,,,,,,,,,,,,,,,,,,,,,,
,,,,,,,,,,,,,,,,,,,,,,,,
,,,,,,,,,,,,,,,,,,,,,,,,
,,,,,,,,,,,,,,,,,,,,,,,,
,,,,,,,,,,,,,,,,,,,,,,,,
,,,,,,,,,,,,,,,,,,,,,,,,
,,,,,,,,,,,,,,,,,,,,,,,,
,,,,,,,,,,,,,,,,,,,,,,,,
,,,,,,,,,,,,,,,,,,,,,,,,
,,,,,,,,,,,,,,,,,,,,,,,,
,,,,,,,,,,,,,,,,,,,,,,,,
,,,,,,,,,,,,,,,,,,,,,,,,
,,,,,,,,,,,,,,,,,,,,,,,,
,,,,,,,,,,,,,,,,,,,,,,,,
,,,,,,,,,,,,,,,,,,,,,,,,
,,,,,,,,,,,,,,,,,,,,,,,,
,,,,,,,,,,,,,,,,,,,,,,,,
,,,,,,,,,,,,,,,,,,,,,,,,
,,,,,,,,,,,,,,,,,,,,,,,,
,,,,,,,,,,,,,,,,,,,,,,,,
,,,,,,,,,,,,,,,,,,,,,,,,
,,,,,,,,,,,,,,,,,,,,,,,,
,,,,,,,,,,,,,,,,,,,,,,,,
,,,,,,,,,,,,,,,,,,,,,,,,
,,,,,,,,,,,,,,,,,,,,,,,,
,,,,,,,,,,,,,,,,,,,,,,,,
,,,,,,,,,,,,,,,,,,,,,,,,
,,,,,,,,,,,,,,,,,,,,,,,,
,,,,,,,,,,,,,,,,,,,,,,,,
,,,,,,,,,,,,,,,,,,,,,,,,
,,,,,,,,,,,,,,,,,,,,,,,,
,,,,,,,,,,,,,,,,,,,,,,,,
,,,,,,,,,,,,,,,,,,,,,,,,
,,,,,,,,,,,,,,,,,,,,,,,,
,,,,,,,,,,,,,,,,,,,,,,,,
,,,,,,,,,,,,,,,,,,,,,,,,
,,,,,,,,,,,,,,,,,,,,,,,,
,,,,,,,,,,,,,,,,,,,,,,,,
,,,,,,,,,,,,,,,,,,,,,,,,
,,,,,,,,,,,,,,,,,,,,,,,,
,,,,,,,,,,,,,,,,,,,,,,,,
,,,,,,,,,,,,,,,,,,,,,,,,
,,,,,,,,,,,,,,,,,,,,,,,,
,,,,,,,,,,,,,,,,,,,,,,,,
,,,,,,,,,,,,,,,,,,,,,,,,
,,,,,,,,,,,,,,,,,,,,,,,,
,,,,,,,,,,,,,,,,,,,,,,,,
,,,,,,,,,,,,,,,,,,,,,,,,
,,,,,,,,,,,,,,,,,,,,,,,,
,,,,,,,,,,,,,,,,,,,,,,,,
,,,,,,,,,,,,,,,,,,,,,,,,
,,,,,,,,,,,,,,,,,,,,,,,,
,,,,,,,,,,,,,,,,,,,,,,,,
,,,,,,,,,,,,,,,,,,,,,,,,
,,,,,,,,,,,,,,,,,,,,,,,,
,,,,,,,,,,,,,,,,,,,,,,,,
,,,,,,,,,,,,,,,,,,,,,,,,
,,,,,,,,,,,,,,,,,,,,,,,,
,,,,,,,,,,,,,,,,,,,,,,,,
,,,,,,,,,,,,,,,,,,,,,,,,
,,,,,,,,,,,,,,,,,,,,,,,,
,,,,,,,,,,,,,,,,,,,,,,,,
,,,,,,,,,,,,,,,,,,,,,,,,
,,,,,,,,,,,,,,,,,,,,,,,,
,,,,,,,,,,,,,,,,,,,,,,,,
,,,,,,,,,,,,,,,,,,,,,,,,
,,,,,,,,,,,,,,,,,,,,,,,,
,,,,,,,,,,,,,,,,,,,,,,,,
,,,,,,,,,,,,,,,,,,,,,,,,
,,,,,,,,,,,,,,,,,,,,,,,,
,,,,,,,,,,,,,,,,,,,,,,,,
,,,,,,,,,,,,,,,,,,,,,,,,
,,,,,,,,,,,,,,,,,,,,,,,,
,,,,,,,,,,,,,,,,,,,,,,,,
,,,,,,,,,,,,,,,,,,,,,,,,
,,,,,,,,,,,,,,,,,,,,,,,,
,,,,,,,,,,,,,,,,,,,,,,,,
,,,,,,,,,,,,,,,,,,,,,,,,
,,,,,,,,,,,,,,,,,,,,,,,,
,,,,,,,,,,,,,,,,,,,,,,,,
,,,,,,,,,,,,,,,,,,,,,,,,
,,,,,,,,,,,,,,,,,,,,,,,,
,,,,,,,,,,,,,,,,,,,,,,,,
,,,,,,,,,,,,,,,,,,,,,,,,
,,,,,,,,,,,,,,,,,,,,,,,,
,,,,,,,,,,,,,,,,,,,,,,,,
,,,,,,,,,,,,,,,,,,,,,,,,
,,,,,,,,,,,,,,,,,,,,,,,,
,,,,,,,,,,,,,,,,,,,,,,,,
,,,,,,,,,,,,,,,,,,,,,,,,
,,,,,,,,,,,,,,,,,,,,,,,,
,,,,,,,,,,,,,,,,,,,,,,,,
,,,,,,,,,,,,,,,,,,,,,,,,
,,,,,,,,,,,,,,,,,,,,,,,,
,,,,,,,,,,,,,,,,,,,,,,,,
,,,,,,,,,,,,,,,,,,,,,,,,
,,,,,,,,,,,,,,,,,,,,,,,,
,,,,,,,,,,,,,,,,,,,,,,,,
,,,,,,,,,,,,,,,,,,,,,,,,
,,,,,,,,,,,,,,,,,,,,,,,,
,,,,,,,,,,,,,,,,,,,,,,,,
,,,,,,,,,,,,,,,,,,,,,,,,
,,,,,,,,,,,,,,,,,,,,,,,,
,,,,,,,,,,,,,,,,,,,,,,,,
,,,,,,,,,,,,,,,,,,,,,,,,
,,,,,,,,,,,,,,,,,,,,,,,,
,,,,,,,,,,,,,,,,,,,,,,,,
,,,,,,,,,,,,,,,,,,,,,,,,
,,,,,,,,,,,,,,,,,,,,,,,,
,,,,,,,,,,,,,,,,,,,,,,,,
,,,,,,,,,,,,,,,,,,,,,,,,
,,,,,,,,,,,,,,,,,,,,,,,,
,,,,,,,,,,,,,,,,,,,,,,,,
,,,,,,,,,,,,,,,,,,,,,,,,
,,,,,,,,,,,,,,,,,,,,,,,,
,,,,,,,,,,,,,,,,,,,,,,,,
,,,,,,,,,,,,,,,,,,,,,,,,
,,,,,,,,,,,,,,,,,,,,,,,,
,,,,,,,,,,,,,,,,,,,,,,,,
,,,,,,,,,,,,,,,,,,,,,,,,
,,,,,,,,,,,,,,,,,,,,,,,,
,,,,,,,,,,,,,,,,,,,,,,,,
,,,,,,,,,,,,,,,,,,,,,,,,
,,,,,,,,,,,,,,,,,,,,,,,,
,,,,,,,,,,,,,,,,,,,,,,,,
,,,,,,,,,,,,,,,,,,,,,,,,
,,,,,,,,,,,,,,,,,,,,,,,,
,,,,,,,,,,,,,,,,,,,,,,,,
,,,,,,,,,,,,,,,,,,,,,,,,
,,,,,,,,,,,,,,,,,,,,,,,,
,,,,,,,,,,,,,,,,,,,,,,,,
,,,,,,,,,,,,,,,,,,,,,,,,
,,,,,,,,,,,,,,,,,,,,,,,,
,,,,,,,,,,,,,,,,,,,,,,,,
,,,,,,,,,,,,,,,,,,,,,,,,
,,,,,,,,,,,,,,,,,,,,,,,,
,,,,,,,,,,,,,,,,,,,,,,,,
,,,,,,,,,,,,,,,,,,,,,,,,
,,,,,,,,,,,,,,,,,,,,,,,,
,,,,,,,,,,,,,,,,,,,,,,,,
,,,,,,,,,,,,,,,,,,,,,,,,
,,,,,,,,,,,,,,,,,,,,,,,,
,,,,,,,,,,,,,,,,,,,,,,,,
,,,,,,,,,,,,,,,,,,,,,,,,
,,,,,,,,,,,,,,,,,,,,,,,,
,,,,,,,,,,,,,,,,,,,,,,,,
,,,,,,,,,,,,,,,,,,,,,,,,
,,,,,,,,,,,,,,,,,,,,,,,,
,,,,,,,,,,,,,,,,,,,,,,,,
,,,,,,,,,,,,,,,,,,,,,,,,
,,,,,,,,,,,,,,,,,,,,,,,,
,,,,,,,,,,,,,,,,,,,,,,,,
,,,,,,,,,,,,,,,,,,,,,,,,
,,,,,,,,,,,,,,,,,,,,,,,,
,,,,,,,,,,,,,,,,,,,,,,,,
,,,,,,,,,,,,,,,,,,,,,,,,
,,,,,,,,,,,,,,,,,,,,,,,,
,,,,,,,,,,,,,,,,,,,,,,,,
,,,,,,,,,,,,,,,,,,,,,,,,
,,,,,,,,,,,,,,,,,,,,,,,,
,,,,,,,,,,,,,,,,,,,,,,,,
,,,,,,,,,,,,,,,,,,,,,,,,
,,,,,,,,,,,,,,,,,,,,,,,,
,,,,,,,,,,,,,,,,,,,,,,,,
,,,,,,,,,,,,,,,,,,,,,,,,
,,,,,,,,,,,,,,,,,,,,,,,,
,,,,,,,,,,,,,,,,,,,,,,,,
,,,,,,,,,,,,,,,,,,,,,,,,
,,,,,,,,,,,,,,,,,,,,,,,,
,,,,,,,,,,,,,,,,,,,,,,,,
,,,,,,,,,,,,,,,,,,,,,,,,
,,,,,,,,,,,,,,,,,,,,,,,,
,,,,,,,,,,,,,,,,,,,,,,,,
,,,,,,,,,,,,,,,,,,,,,,,,
,,,,,,,,,,,,,,,,,,,,,,,,
,,,,,,,,,,,,,,,,,,,,,,,,
,,,,,,,,,,,,,,,,,,,,,,,,
,,,,,,,,,,,,,,,,,,,,,,,,
,,,,,,,,,,,,,,,,,,,,,,,,
,,,,,,,,,,,,,,,,,,,,,,,,
,,,,,,,,,,,,,,,,,,,,,,,,
,,,,,,,,,,,,,,,,,,,,,,,,
,,,,,,,,,,,,,,,,,,,,,,,,
,,,,,,,,,,,,,,,,,,,,,,,,
,,,,,,,,,,,,,,,,,,,,,,,,
,,,,,,,,,,,,,,,,,,,,,,,,
,,,,,,,,,,,,,,,,,,,,,,,,
,,,,,,,,,,,,,,,,,,,,,,,,
,,,,,,,,,,,,,,,,,,,,,,,,
,,,,,,,,,,,,,,,,,,,,,,,,
,,,,,,,,,,,,,,,,,,,,,,,,
,,,,,,,,,,,,,,,,,,,,,,,,
,,,,,,,,,,,,,,,,,,,,,,,,
,,,,,,,,,,,,,,,,,,,,,,,,
,,,,,,,,,,,,,,,,,,,,,,,,
,,,,,,,,,,,,,,,,,,,,,,,,
,,,,,,,,,,,,,,,,,,,,,,,,
,,,,,,,,,,,,,,,,,,,,,,,,
,,,,,,,,,,,,,,,,,,,,,,,,
,,,,,,,,,,,,,,,,,,,,,,,,
,,,,,,,,,,,,,,,,,,,,,,,,
,,,,,,,,,,,,,,,,,,,,,,,,
,,,,,,,,,,,,,,,,,,,,,,,,
,,,,,,,,,,,,,,,,,,,,,,,,
,,,,,,,,,,,,,,,,,,,,,,,,
,,,,,,,,,,,,,,,,,,,,,,,,
,,,,,,,,,,,,,,,,,,,,,,,,
,,,,,,,,,,,,,,,,,,,,,,,,
,,,,,,,,,,,,,,,,,,,,,,,,
,,,,,,,,,,,,,,,,,,,,,,,,
,,,,,,,,,,,,,,,,,,,,,,,,
,,,,,,,,,,,,,,,,,,,,,,,,
,,,,,,,,,,,,,,,,,,,,,,,,
,,,,,,,,,,,,,,,,,,,,,,,,
,,,,,,,,,,,,,,,,,,,,,,,,
,,,,,,,,,,,,,,,,,,,,,,,,
,,,,,,,,,,,,,,,,,,,,,,,,
,,,,,,,,,,,,,,,,,,,,,,,,
,,,,,,,,,,,,,,,,,,,,,,,,
,,,,,,,,,,,,,,,,,,,,,,,,
,,,,,,,,,,,,,,,,,,,,,,,,
,,,,,,,,,,,,,,,,,,,,,,,,
,,,,,,,,,,,,,,,,,,,,,,,,
,,,,,,,,,,,,,,,,,,,,,,,,
,,,,,,,,,,,,,,,,,,,,,,,,
,,,,,,,,,,,,,,,,,,,,,,,,
,,,,,,,,,,,,,,,,,,,,,,,,
,,,,,,,,,,,,,,,,,,,,,,,,
,,,,,,,,,,,,,,,,,,,,,,,,
,,,,,,,,,,,,,,,,,,,,,,,,
,,,,,,,,,,,,,,,,,,,,,,,,
,,,,,,,,,,,,,,,,,,,,,,,,
,,,,,,,,,,,,,,,,,,,,,,,,
,,,,,,,,,,,,,,,,,,,,,,,,
,,,,,,,,,,,,,,,,,,,,,,,,
,,,,,,,,,,,,,,,,,,,,,,,,
,,,,,,,,,,,,,,,,,,,,,,,,
,,,,,,,,,,,,,,,,,,,,,,,,
,,,,,,,,,,,,,,,,,,,,,,,,
,,,,,,,,,,,,,,,,,,,,,,,,
,,,,,,,,,,,,,,,,,,,,,,,,
,,,,,,,,,,,,,,,,,,,,,,,,
,,,,,,,,,,,,,,,,,,,,,,,,
,,,,,,,,,,,,,,,,,,,,,,,,
,,,,,,,,,,,,,,,,,,,,,,,,
,,,,,,,,,,,,,,,,,,,,,,,,
,,,,,,,,,,,,,,,,,,,,,,,,
,,,,,,,,,,,,,,,,,,,,,,,,
,,,,,,,,,,,,,,,,,,,,,,,,
,,,,,,,,,,,,,,,,,,,,,,,,
,,,,,,,,,,,,,,,,,,,,,,,,
,,,,,,,,,,,,,,,,,,,,,,,,
,,,,,,,,,,,,,,,,,,,,,,,,
,,,,,,,,,,,,,,,,,,,,,,,,
,,,,,,,,,,,,,,,,,,,,,,,,
,,,,,,,,,,,,,,,,,,,,,,,,
,,,,,,,,,,,,,,,,,,,,,,,,
,,,,,,,,,,,,,,,,,,,,,,,,
,,,,,,,,,,,,,,,,,,,,,,,,
,,,,,,,,,,,,,,,,,,,,,,,,
,,,,,,,,,,,,,,,,,,,,,,,,
,,,,,,,,,,,,,,,,,,,,,,,,
,,,,,,,,,,,,,,,,,,,,,,,,
,,,,,,,,,,,,,,,,,,,,,,,,
,,,,,,,,,,,,,,,,,,,,,,,,
,,,,,,,,,,,,,,,,,,,,,,,,
,,,,,,,,,,,,,,,,,,,,,,,,
,,,,,,,,,,,,,,,,,,,,,,,,
,,,,,,,,,,,,,,,,,,,,,,,,
,,,,,,,,,,,,,,,,,,,,,,,,
,,,,,,,,,,,,,,,,,,,,,,,,
,,,,,,,,,,,,,,,,,,,,,,,,
,,,,,,,,,,,,,,,,,,,,,,,,
,,,,,,,,,,,,,,,,,,,,,,,,
,,,,,,,,,,,,,,,,,,,,,,,,
,,,,,,,,,,,,,,,,,,,,,,,,
,,,,,,,,,,,,,,,,,,,,,,,,
,,,,,,,,,,,,,,,,,,,,,,,,
,,,,,,,,,,,,,,,,,,,,,,,,
,,,,,,,,,,,,,,,,,,,,,,,,
,,,,,,,,,,,,,,,,,,,,,,,,
,,,,,,,,,,,,,,,,,,,,,,,,
,,,,,,,,,,,,,,,,,,,,,,,,
,,,,,,,,,,,,,,,,,,,,,,,,
,,,,,,,,,,,,,,,,,,,,,,,,
,,,,,,,,,,,,,,,,,,,,,,,,
,,,,,,,,,,,,,,,,,,,,,,,,
,,,,,,,,,,,,,,,,,,,,,,,,
,,,,,,,,,,,,,,,,,,,,,,,,
,,,,,,,,,,,,,,,,,,,,,,,,
,,,,,,,,,,,,,,,,,,,,,,,,
,,,,,,,,,,,,,,,,,,,,,,,,
,,,,,,,,,,,,,,,,,,,,,,,,
,,,,,,,,,,,,,,,,,,,,,,,,
,,,,,,,,,,,,,,,,,,,,,,,,
,,,,,,,,,,,,,,,,,,,,,,,,
,,,,,,,,,,,,,,,,,,,,,,,,
,,,,,,,,,,,,,,,,,,,,,,,,
,,,,,,,,,,,,,,,,,,,,,,,,
,,,,,,,,,,,,,,,,,,,,,,,,
,,,,,,,,,,,,,,,,,,,,,,,,
,,,,,,,,,,,,,,,,,,,,,,,,
,,,,,,,,,,,,,,,,,,,,,,,,
,,,,,,,,,,,,,,,,,,,,,,,,
,,,,,,,,,,,,,,,,,,,,,,,,
,,,,,,,,,,,,,,,,,,,,,,,,
,,,,,,,,,,,,,,,,,,,,,,,,
,,,,,,,,,,,,,,,,,,,,,,,,
,,,,,,,,,,,,,,,,,,,,,,,,
,,,,,,,,,,,,,,,,,,,,,,,,
,,,,,,,,,,,,,,,,,,,,,,,,
,,,,,,,,,,,,,,,,,,,,,,,,
,,,,,,,,,,,,,,,,,,,,,,,,
,,,,,,,,,,,,,,,,,,,,,,,,
,,,,,,,,,,,,,,,,,,,,,,,,
,,,,,,,,,,,,,,,,,,,,,,,,
,,,,,,,,,,,,,,,,,,,,,,,,
,,,,,,,,,,,,,,,,,,,,,,,,
,,,,,,,,,,,,,,,,,,,,,,,,
,,,,,,,,,,,,,,,,,,,,,,,,
,,,,,,,,,,,,,,,,,,,,,,,,
,,,,,,,,,,,,,,,,,,,,,,,,
,,,,,,,,,,,,,,,,,,,,,,,,
,,,,,,,,,,,,,,,,,,,,,,,,
,,,,,,,,,,,,,,,,,,,,,,,,
,,,,,,,,,,,,,,,,,,,,,,,,
,,,,,,,,,,,,,,,,,,,,,,,,
,,,,,,,,,,,,,,,,,,,,,,,,
,,,,,,,,,,,,,,,,,,,,,,,,
,,,,,,,,,,,,,,,,,,,,,,,,
,,,,,,,,,,,,,,,,,,,,,,,,
,,,,,,,,,,,,,,,,,,,,,,,,
,,,,,,,,,,,,,,,,,,,,,,,,
,,,,,,,,,,,,,,,,,,,,,,,,
,,,,,,,,,,,,,,,,,,,,,,,,
,,,,,,,,,,,,,,,,,,,,,,,,
,,,,,,,,,,,,,,,,,,,,,,,,
,,,,,,,,,,,,,,,,,,,,,,,,
,,,,,,,,,,,,,,,,,,,,,,,,
,,,,,,,,,,,,,,,,,,,,,,,,
,,,,,,,,,,,,,,,,,,,,,,,,
,,,,,,,,,,,,,,,,,,,,,,,,
,,,,,,,,,,,,,,,,,,,,,,,,
,,,,,,,,,,,,,,,,,,,,,,,,
,,,,,,,,,,,,,,,,,,,,,,,,
,,,,,,,,,,,,,,,,,,,,,,,,
,,,,,,,,,,,,,,,,,,,,,,,,
,,,,,,,,,,,,,,,,,,,,,,,,
,,,,,,,,,,,,,,,,,,,,,,,,
,,,,,,,,,,,,,,,,,,,,,,,,
,,,,,,,,,,,,,,,,,,,,,,,,
,,,,,,,,,,,,,,,,,,,,,,,,
,,,,,,,,,,,,,,,,,,,,,,,,
,,,,,,,,,,,,,,,,,,,,,,,,
,,,,,,,,,,,,,,,,,,,,,,,,
,,,,,,,,,,,,,,,,,,,,,,,,
,,,,,,,,,,,,,,,,,,,,,,,,
,,,,,,,,,,,,,,,,,,,,,,,,
,,,,,,,,,,,,,,,,,,,,,,,,
,,,,,,,,,,,,,,,,,,,,,,,,
,,,,,,,,,,,,,,,,,,,,,,,,
,,,,,,,,,,,,,,,,,,,,,,,,
,,,,,,,,,,,,,,,,,,,,,,,,
,,,,,,,,,,,,,,,,,,,,,,,,
,,,,,,,,,,,,,,,,,,,,,,,,
,,,,,,,,,,,,,,,,,,,,,,,,
,,,,,,,,,,,,,,,,,,,,,,,,
,,,,,,,,,,,,,,,,,,,,,,,,
,,,,,,,,,,,,,,,,,,,,,,,,
,,,,,,,,,,,,,,,,,,,,,,,,
,,,,,,,,,,,,,,,,,,,,,,,,
,,,,,,,,,,,,,,,,,,,,,,,,
,,,,,,,,,,,,,,,,,,,,,,,,
,,,,,,,,,,,,,,,,,,,,,,,,
,,,,,,,,,,,,,,,,,,,,,,,,
,,,,,,,,,,,,,,,,,,,,,,,,
,,,,,,,,,,,,,,,,,,,,,,,,
,,,,,,,,,,,,,,,,,,,,,,,,
,,,,,,,,,,,,,,,,,,,,,,,,
,,,,,,,,,,,,,,,,,,,,,,,,
,,,,,,,,,,,,,,,,,,,,,,,,
,,,,,,,,,,,,,,,,,,,,,,,,
,,,,,,,,,,,,,,,,,,,,,,,,
,,,,,,,,,,,,,,,,,,,,,,,,
,,,,,,,,,,,,,,,,,,,,,,,,
,,,,,,,,,,,,,,,,,,,,,,,,
,,,,,,,,,,,,,,,,,,,,,,,,
,,,,,,,,,,,,,,,,,,,,,,,,
,,,,,,,,,,,,,,,,,,,,,,,,
,,,,,,,,,,,,,,,,,,,,,,,,
,,,,,,,,,,,,,,,,,,,,,,,,
,,,,,,,,,,,,,,,,,,,,,,,,
,,,,,,,,,,,,,,,,,,,,,,,,
,,,,,,,,,,,,,,,,,,,,,,,,
,,,,,,,,,,,,,,,,,,,,,,,,
,,,,,,,,,,,,,,,,,,,,,,,,
,,,,,,,,,,,,,,,,,,,,,,,,
,,,,,,,,,,,,,,,,,,,,,,,,
,,,,,,,,,,,,,,,,,,,,,,,,
,,,,,,,,,,,,,,,,,,,,,,,,
,,,,,,,,,,,,,,,,,,,,,,,,
,,,,,,,,,,,,,,,,,,,,,,,,
,,,,,,,,,,,,,,,,,,,,,,,,
,,,,,,,,,,,,,,,,,,,,,,,,
,,,,,,,,,,,,,,,,,,,,,,,,
,,,,,,,,,,,,,,,,,,,,,,,,
,,,,,,,,,,,,,,,,,,,,,,,,
,,,,,,,,,,,,,,,,,,,,,,,,
,,,,,,,,,,,,,,,,,,,,,,,,
,,,,,,,,,,,,,,,,,,,,,,,,
,,,,,,,,,,,,,,,,,,,,,,,,
,,,,,,,,,,,,,,,,,,,,,,,,
,,,,,,,,,,,,,,,,,,,,,,,,
,,,,,,,,,,,,,,,,,,,,,,,,
,,,,,,,,,,,,,,,,,,,,,,,,
,,,,,,,,,,,,,,,,,,,,,,,,
,,,,,,,,,,,,,,,,,,,,,,,,
,,,,,,,,,,,,,,,,,,,,,,,,
,,,,,,,,,,,,,,,,,,,,,,,,
,,,,,,,,,,,,,,,,,,,,,,,,
,,,,,,,,,,,,,,,,,,,,,,,,
,,,,,,,,,,,,,,,,,,,,,,,,
,,,,,,,,,,,,,,,,,,,,,,,,
,,,,,,,,,,,,,,,,,,,,,,,,
,,,,,,,,,,,,,,,,,,,,,,,,
,,,,,,,,,,,,,,,,,,,,,,,,
,,,,,,,,,,,,,,,,,,,,,,,,
,,,,,,,,,,,,,,,,,,,,,,,,
,,,,,,,,,,,,,,,,,,,,,,,,
,,,,,,,,,,,,,,,,,,,,,,,,
,,,,,,,,,,,,,,,,,,,,,,,,
,,,,,,,,,,,,,,,,,,,,,,,,
,,,,,,,,,,,,,,,,,,,,,,,,
,,,,,,,,,,,,,,,,,,,,,,,,
,,,,,,,,,,,,,,,,,,,,,,,,
,,,,,,,,,,,,,,,,,,,,,,,,
,,,,,,,,,,,,,,,,,,,,,,,,
,,,,,,,,,,,,,,,,,,,,,,,,
,,,,,,,,,,,,,,,,,,,,,,,,
,,,,,,,,,,,,,,,,,,,,,,,,
,,,,,,,,,,,,,,,,,,,,,,,,
,,,,,,,,,,,,,,,,,,,,,,,,
,,,,,,,,,,,,,,,,,,,,,,,,
,,,,,,,,,,,,,,,,,,,,,,,,
,,,,,,,,,,,,,,,,,,,,,,,,
,,,,,,,,,,,,,,,,,,,,,,,,
,,,,,,,,,,,,,,,,,,,,,,,,
,,,,,,,,,,,,,,,,,,,,,,,,
,,,,,,,,,,,,,,,,,,,,,,,,
,,,,,,,,,,,,,,,,,,,,,,,,
,,,,,,,,,,,,,,,,,,,,,,,,
,,,,,,,,,,,,,,,,,,,,,,,,
,,,,,,,,,,,,,,,,,,,,,,,,
,,,,,,,,,,,,,,,,,,,,,,,,
,,,,,,,,,,,,,,,,,,,,,,,,
,,,,,,,,,,,,,,,,,,,,,,,,
,,,,,,,,,,,,,,,,,,,,,,,,
,,,,,,,,,,,,,,,,,,,,,,,,
,,,,,,,,,,,,,,,,,,,,,,,,
,,,,,,,,,,,,,,,,,,,,,,,,
,,,,,,,,,,,,,,,,,,,,,,,,
,,,,,,,,,,,,,,,,,,,,,,,,
,,,,,,,,,,,,,,,,,,,,,,,,
,,,,,,,,,,,,,,,,,,,,,,,,
,,,,,,,,,,,,,,,,,,,,,,,,
,,,,,,,,,,,,,,,,,,,,,,,,
,,,,,,,,,,,,,,,,,,,,,,,,
,,,,,,,,,,,,,,,,,,,,,,,,
,,,,,,,,,,,,,,,,,,,,,,,,
,,,,,,,,,,,,,,,,,,,,,,,,
,,,,,,,,,,,,,,,,,,,,,,,,
,,,,,,,,,,,,,,,,,,,,,,,,
,,,,,,,,,,,,,,,,,,,,,,,,
,,,,,,,,,,,,,,,,,,,,,,,,
,,,,,,,,,,,,,,,,,,,,,,,,
,,,,,,,,,,,,,,,,,,,,,,,,
,,,,,,,,,,,,,,,,,,,,,,,,
,,,,,,,,,,,,,,,,,,,,,,,,
,,,,,,,,,,,,,,,,,,,,,,,,
,,,,,,,,,,,,,,,,,,,,,,,,
,,,,,,,,,,,,,,,,,,,,,,,,
,,,,,,,,,,,,,,,,,,,,,,,,
,,,,,,,,,,,,,,,,,,,,,,,,
,,,,,,,,,,,,,,,,,,,,,,,,
,,,,,,,,,,,,,,,,,,,,,,,,
,,,,,,,,,,,,,,,,,,,,,,,,
,,,,,,,,,,,,,,,,,,,,,,,,
,,,,,,,,,,,,,,,,,,,,,,,,
,,,,,,,,,,,,,,,,,,,,,,,,
,,,,,,,,,,,,,,,,,,,,,,,,
,,,,,,,,,,,,,,,,,,,,,,,,
,,,,,,,,,,,,,,,,,,,,,,,,
,,,,,,,,,,,,,,,,,,,,,,,,
,,,,,,,,,,,,,,,,,,,,,,,,
,,,,,,,,,,,,,,,,,,,,,,,,
,,,,,,,,,,,,,,,,,,,,,,,,
,,,,,,,,,,,,,,,,,,,,,,,,
,,,,,,,,,,,,,,,,,,,,,,,,
,,,,,,,,,,,,,,,,,,,,,,,,
,,,,,,,,,,,,,,,,,,,,,,,,
,,,,,,,,,,,,,,,,,,,,,,,,
,,,,,,,,,,,,,,,,,,,,,,,,
,,,,,,,,,,,,,,,,,,,,,,,,
,,,,,,,,,,,,,,,,,,,,,,,,
,,,,,,,,,,,,,,,,,,,,,,,,
,,,,,,,,,,,,,,,,,,,,,,,,
,,,,,,,,,,,,,,,,,,,,,,,,
,,,,,,,,,,,,,,,,,,,,,,,,
,,,,,,,,,,,,,,,,,,,,,,,,
,,,,,,,,,,,,,,,,,,,,,,,,
,,,,,,,,,,,,,,,,,,,,,,,,
,,,,,,,,,,,,,,,,,,,,,,,,
,,,,,,,,,,,,,,,,,,,,,,,,
,,,,,,,,,,,,,,,,,,,,,,,,
,,,,,,,,,,,,,,,,,,,,,,,,
,,,,,,,,,,,,,,,,,,,,,,,,
,,,,,,,,,,,,,,,,,,,,,,,,
,,,,,,,,,,,,,,,,,,,,,,,,
,,,,,,,,,,,,,,,,,,,,,,,,
,,,,,,,,,,,,,,,,,,,,,,,,
,,,,,,,,,,,,,,,,,,,,,,,,
,,,,,,,,,,,,,,,,,,,,,,,,
,,,,,,,,,,,,,,,,,,,,,,,,
,,,,,,,,,,,,,,,,,,,,,,,,
,,,,,,,,,,,,,,,,,,,,,,,,
,,,,,,,,,,,,,,,,,,,,,,,,
,,,,,,,,,,,,,,,,,,,,,,,,
,,,,,,,,,,,,,,,,,,,,,,,,
,,,,,,,,,,,,,,,,,,,,,,,,
,,,,,,,,,,,,,,,,,,,,,,,,
,,,,,,,,,,,,,,,,,,,,,,,,
,,,,,,,,,,,,,,,,,,,,,,,,
,,,,,,,,,,,,,,,,,,,,,,,,
,,,,,,,,,,,,,,,,,,,,,,,,
,,,,,,,,,,,,,,,,,,,,,,,,
,,,,,,,,,,,,,,,,,,,,,,,,
,,,,,,,,,,,,,,,,,,,,,,,,
,,,,,,,,,,,,,,,,,,,,,,,,
,,,,,,,,,,,,,,,,,,,,,,,,
,,,,,,,,,,,,,,,,,,,,,,,,
,,,,,,,,,,,,,,,,,,,,,,,,
,,,,,,,,,,,,,,,,,,,,,,,,
,,,,,,,,,,,,,,,,,,,,,,,,
,,,,,,,,,,,,,,,,,,,,,,,,
,,,,,,,,,,,,,,,,,,,,,,,,
,,,,,,,,,,,,,,,,,,,,,,,,
,,,,,,,,,,,,,,,,,,,,,,,,
,,,,,,,,,,,,,,,,,,,,,,,,
,,,,,,,,,,,,,,,,,,,,,,,,
,,,,,,,,,,,,,,,,,,,,,,,,
,,,,,,,,,,,,,,,,,,,,,,,,
,,,,,,,,,,,,,,,,,,,,,,,,
,,,,,,,,,,,,,,,,,,,,,,,,
,,,,,,,,,,,,,,,,,,,,,,,,
,,,,,,,,,,,,,,,,,,,,,,,,
,,,,,,,,,,,,,,,,,,,,,,,,
,,,,,,,,,,,,,,,,,,,,,,,,
,,,,,,,,,,,,,,,,,,,,,,,,
,,,,,,,,,,,,,,,,,,,,,,,,
,,,,,,,,,,,,,,,,,,,,,,,,
,,,,,,,,,,,,,,,,,,,,,,,,
,,,,,,,,,,,,,,,,,,,,,,,,
,,,,,,,,,,,,,,,,,,,,,,,,
,,,,,,,,,,,,,,,,,,,,,,,,
,,,,,,,,,,,,,,,,,,,,,,,,
,,,,,,,,,,,,,,,,,,,,,,,,
,,,,,,,,,,,,,,,,,,,,,,,,
,,,,,,,,,,,,,,,,,,,,,,,,
,,,,,,,,,,,,,,,,,,,,,,,,
,,,,,,,,,,,,,,,,,,,,,,,,
,,,,,,,,,,,,,,,,,,,,,,,,
,,,,,,,,,,,,,,,,,,,,,,,,
,,,,,,,,,,,,,,,,,,,,,,,,
,,,,,,,,,,,,,,,,,,,,,,,,
,,,,,,,,,,,,,,,,,,,,,,,,
,,,,,,,,,,,,,,,,,,,,,,,,
,,,,,,,,,,,,,,,,,,,,,,,,
,,,,,,,,,,,,,,,,,,,,,,,,
,,,,,,,,,,,,,,,,,,,,,,,,
,,,,,,,,,,,,,,,,,,,,,,,,
,,,,,,,,,,,,,,,,,,,,,,,,
,,,,,,,,,,,,,,,,,,,,,,,,
,,,,,,,,,,,,,,,,,,,,,,,,
,,,,,,,,,,,,,,,,,,,,,,,,
,,,,,,,,,,,,,,,,,,,,,,,,
,,,,,,,,,,,,,,,,,,,,,,,,
,,,,,,,,,,,,,,,,,,,,,,,,
,,,,,,,,,,,,,,,,,,,,,,,,
,,,,,,,,,,,,,,,,,,,,,,,,
,,,,,,,,,,,,,,,,,,,,,,,,
,,,,,,,,,,,,,,,,,,,,,,,,
,,,,,,,,,,,,,,,,,,,,,,,,
,,,,,,,,,,,,,,,,,,,,,,,,
,,,,,,,,,,,,,,,,,,,,,,,,
,,,,,,,,,,,,,,,,,,,,,,,,
,,,,,,,,,,,,,,,,,,,,,,,,
,,,,,,,,,,,,,,,,,,,,,,,,
,,,,,,,,,,,,,,,,,,,,,,,,
,,,,,,,,,,,,,,,,,,,,,,,,
,,,,,,,,,,,,,,,,,,,,,,,,
,,,,,,,,,,,,,,,,,,,,,,,,
,,,,,,,,,,,,,,,,,,,,,,,,
,,,,,,,,,,,,,,,,,,,,,,,,
,,,,,,,,,,,,,,,,,,,,,,,,
,,,,,,,,,,,,,,,,,,,,,,,,
,,,,,,,,,,,,,,,,,,,,,,,,
,,,,,,,,,,,,,,,,,,,,,,,,
,,,,,,,,,,,,,,,,,,,,,,,,
,,,,,,,,,,,,,,,,,,,,,,,,
,,,,,,,,,,,,,,,,,,,,,,,,
,,,,,,,,,,,,,,,,,,,,,,,,
,,,,,,,,,,,,,,,,,,,,,,,,
,,,,,,,,,,,,,,,,,,,,,,,,
,,,,,,,,,,,,,,,,,,,,,,,,
,,,,,,,,,,,,,,,,,,,,,,,,
,,,,,,,,,,,,,,,,,,,,,,,,
,,,,,,,,,,,,,,,,,,,,,,,,
,,,,,,,,,,,,,,,,,,,,,,,,
,,,,,,,,,,,,,,,,,,,,,,,,
,,,,,,,,,,,,,,,,,,,,,,,,
,,,,,,,,,,,,,,,,,,,,,,,,
,,,,,,,,,,,,,,,,,,,,,,,,
,,,,,,,,,,,,,,,,,,,,,,,,
,,,,,,,,,,,,,,,,,,,,,,,,
,,,,,,,,,,,,,,,,,,,,,,,,
,,,,,,,,,,,,,,,,,,,,,,,,
,,,,,,,,,,,,,,,,,,,,,,,,
,,,,,,,,,,,,,,,,,,,,,,,,
,,,,,,,,,,,,,,,,,,,,,,,,
,,,,,,,,,,,,,,,,,,,,,,,,
,,,,,,,,,,,,,,,,,,,,,,,,
,,,,,,,,,,,,,,,,,,,,,,,,
,,,,,,,,,,,,,,,,,,,,,,,,
,,,,,,,,,,,,,,,,,,,,,,,,
,,,,,,,,,,,,,,,,,,,,,,,,
,,,,,,,,,,,,,,,,,,,,,,,,
,,,,,,,,,,,,,,,,,,,,,,,,
,,,,,,,,,,,,,,,,,,,,,,,,
,,,,,,,,,,,,,,,,,,,,,,,,
,,,,,,,,,,,,,,,,,,,,,,,,
,,,,,,,,,,,,,,,,,,,,,,,,
,,,,,,,,,,,,,,,,,,,,,,,,
,,,,,,,,,,,,,,,,,,,,,,,,
,,,,,,,,,,,,,,,,,,,,,,,,
,,,,,,,,,,,,,,,,,,,,,,,,
,,,,,,,,,,,,,,,,,,,,,,,,
,,,,,,,,,,,,,,,,,,,,,,,,
,,,,,,,,,,,,,,,,,,,,,,,,
,,,,,,,,,,,,,,,,,,,,,,,,
,,,,,,,,,,,,,,,,,,,,,,,,
,,,,,,,,,,,,,,,,,,,,,,,,
,,,,,,,,,,,,,,,,,,,,,,,,
,,,,,,,,,,,,,,,,,,,,,,,,
,,,,,,,,,,,,,,,,,,,,,,,,
,,,,,,,,,,,,,,,,,,,,,,,,
,,,,,,,,,,,,,,,,,,,,,,,,
,,,,,,,,,,,,,,,,,,,,,,,,
,,,,,,,,,,,,,,,,,,,,,,,,
,,,,,,,,,,,,,,,,,,,,,,,,
,,,,,,,,,,,,,,,,,,,,,,,,
,,,,,,,,,,,,,,,,,,,,,,,,
,,,,,,,,,,,,,,,,,,,,,,,,
,,,,,,,,,,,,,,,,,,,,,,,,
,,,,,,,,,,,,,,,,,,,,,,,,
,,,,,,,,,,,,,,,,,,,,,,,,
,,,,,,,,,,,,,,,,,,,,,,,,
,,,,,,,,,,,,,,,,,,,,,,,,
,,,,,,,,,,,,,,,,,,,,,,,,
,,,,,,,,,,,,,,,,,,,,,,,,
,,,,,,,,,,,,,,,,,,,,,,,,
,,,,,,,,,,,,,,,,,,,,,,,,
,,,,,,,,,,,,,,,,,,,,,,,,
,,,,,,,,,,,,,,,,,,,,,,,,
,,,,,,,,,,,,,,,,,,,,,,,,
,,,,,,,,,,,,,,,,,,,,,,,,
,,,,,,,,,,,,,,,,,,,,,,,,
,,,,,,,,,,,,,,,,,,,,,,,,
,,,,,,,,,,,,,,,,,,,,,,,,
,,,,,,,,,,,,,,,,,,,,,,,,
,,,,,,,,,,,,,,,,,,,,,,,,
,,,,,,,,,,,,,,,,,,,,,,,,
,,,,,,,,,,,,,,,,,,,,,,,,
,,,,,,,,,,,,,,,,,,,,,,,,
,,,,,,,,,,,,,,,,,,,,,,,,
,,,,,,,,,,,,,,,,,,,,,,,,
,,,,,,,,,,,,,,,,,,,,,,,,
,,,,,,,,,,,,,,,,,,,,,,,,
,,,,,,,,,,,,,,,,,,,,,,,,
,,,,,,,,,,,,,,,,,,,,,,,,
,,,,,,,,,,,,,,,,,,,,,,,,
,,,,,,,,,,,,,,,,,,,,,,,,
,,,,,,,,,,,,,,,,,,,,,,,,
,,,,,,,,,,,,,,,,,,,,,,,,
,,,,,,,,,,,,,,,,,,,,,,,,
,,,,,,,,,,,,,,,,,,,,,,,,
,,,,,,,,,,,,,,,,,,,,,,,,
,,,,,,,,,,,,,,,,,,,,,,,,
,,,,,,,,,,,,,,,,,,,,,,,,
,,,,,,,,,,,,,,,,,,,,,,,,
,,,,,,,,,,,,,,,,,,,,,,,,
,,,,,,,,,,,,,,,,,,,,,,,,
,,,,,,,,,,,,,,,,,,,,,,,,
,,,,,,,,,,,,,,,,,,,,,,,,
,,,,,,,,,,,,,,,,,,,,,,,,
,,,,,,,,,,,,,,,,,,,,,,,,
,,,,,,,,,,,,,,,,,,,,,,,,
,,,,,,,,,,,,,,,,,,,,,,,,
,,,,,,,,,,,,,,,,,,,,,,,,
,,,,,,,,,,,,,,,,,,,,,,,,
,,,,,,,,,,,,,,,,,,,,,,,,
,,,,,,,,,,,,,,,,,,,,,,,,
