Sampling_Date,Site_Code,Tree_ID,Genus,Species,Location_deg_min_sec_North_nosym,Location_deg_min_sec_West,dbh_cm,No_stem_cankers,Total_tree_height_m,Crown_density_percent,Crown_dieback_percent,Vigor_class,Uncompacted_live_crown_ratio,diameter_squared_x_height_cubic_cm,SLA_cm2_per_g,Area_per_needle_cm2,Fv_Fm,Amax_normalized_umol_per_m2_sec,gsw_normalized_umol_per_m2_sec,Branch_2_Fv_Fm,Branch_2_Amax,Branch_2_Rday,Branch_2_Phi,Branch_2_Theta,Branch_2_g_sw,Branch_3_Fv_Fm,Branch_3_Amax,Branch_3_Rday,Branch_3_Phi,Branch_3_Theta,Branch_3_g_sw,Fv_Fm,Average_Condensed_TANNINS_percent_DW,Average_SUGAR_percent_DW,Average_STARCH_percent_DW,
6/29/2022,HB1,R-1,Picea ,rubens,46 50 45.47,68 37 34.17,NA,0,2.25,NA,0,1,1.00,NA,38.5,0.0154,NA,NA,NA,NA,NA,NA,NA,NA,NA,NA,NA,NA,NA,NA,NA,-0.25,NA,NA,5.8,
6/29/2022,HB1,W-2,Picea ,glauca,46 50 45.50,68 37 34.00,1.3,0,1.65,NA,0,1,1.00,266,NA,1.0584,NA,NA,0.02,NA,NA,NA,NA,NA,NA,NA,NA,NA,NA,NA,NA,-0.80,3.3,NA,6.5,
6/29/2022,HB1,W-3,Picea ,glauca,46 50 45.60,68 37 33.48,1.3,0,2.2,NA,0,1,1.00,355,50.0,0.1923,0.82,NA,NA,NA,NA,NA,NA,NA,NA,NA,NA,NA,NA,NA,NA,0.82,2.2,NA,2.7,
6/29/2022,HB1,W-4,Picea ,glauca,46 50 45.91,68 37 33.12,5.3,0,3.9,65,0,1,1.00,11154,69.2,0.1579,0.84,NA,0.20,NA,NA,NA,NA,NA,NA,NA,NA,NA,NA,NA,NA,0.84,2.3,NA,1.4,
6/29/2022,HB1,R-5,Picea ,rubens,46 50 45.26,68 37 34.12,22.2,0,16.0,20,15,2,0.34,788534,43.8,0.0345,0.81,NA,0.43,NA,NA,NA,NA,NA,NA,0.91,NA,NA,NA,NA,NA,0.86,2.7,23.3,4.5,
6/29/2022,HB1,R-6,Picea ,rubens,46 50 45.90,68 37 34.71,15.7,0,10.4,45,10,2,NA,257258,38.9,0.0391,0.84,NA,0.26,NA,NA,NA,NA,NA,NA,0.82,NA,NA,NA,NA,NA,0.83,2.3,26.6,5.4,
6/29/2022,HB1,R-7,Picea ,rubens,46 50 44.16,68 37 30.61,15.5,0,12.5,50,10,2,NA,300098,48.8,0.0875,0.86,NA,0.01,NA,NA,NA,NA,NA,NA,0.83,NA,NA,NA,NA,NA,0.85,2.9,29.0,7.8,
6/29/2022,HB1,R-8,Picea ,rubens,46 50 44.31,68 37 30.75,14.7,0,11.5,15,20,2,NA,250142,39.8,0.0696,0.83,NA,0.01,NA,NA,NA,NA,NA,NA,NA,NA,NA,NA,NA,NA,0.83,2.7,NA,7.6,
6/29/2022,HB1,R-9,Picea ,rubens,46 50 44.37,68 37 30.84,18.3,0,12.5,25,5,2,NA,416409,43.8,0.1489,0.91,NA,0.12,NA,NA,NA,NA,NA,NA,0.93,NA,NA,NA,NA,NA,0.92,1.3,24.6,4.4,
6/29/2022,HB1,W-10,Picea ,glauca,46 50 44.54,68 37 30.60,14.0,0,10.3,30,5,2,NA,200812,NA,0.4183,0.85,NA,0.01,NA,NA,NA,NA,NA,NA,0.83,NA,NA,NA,NA,NA,0.84,2.9,29.2,4.4,
6/29/2022,HB1,W-11,Picea ,glauca,46 50 44.70,68 37 30.80,6.6,0,7.4,80,0,1,1.00,32282,NA,NA,0.84,NA,NA,NA,NA,NA,NA,NA,NA,0.9,NA,NA,NA,NA,NA,0.87,3.8,23.4,7.8,
6/29/2022,HB1,R-12,Picea ,rubens,46 50 44.77,68 37 30.89,1.3,0,4.3,65,0,1,1.00,686,44.8,0.0547,0.88,NA,0.01,NA,NA,NA,NA,NA,NA,0.81,NA,NA,NA,NA,NA,0.85,3.7,16.0,7.8,
6/29/2022,HB1,W-13,Picea ,glauca,46 50 44.86,68 37 30.92,7.9,0,5.7,80,0,1,1.00,35193,55.6,0.0794,0.81,NA,0.03,NA,NA,NA,NA,NA,NA,0.96,NA,NA,NA,NA,NA,0.89,1.9,18.6,4.2,
6/29/2022,HB1,W-14,Picea ,glauca,46 50 44.93,68 37 30.83,15.0,0,10.4,55,20,1,0.28,233151,21.2,0.5030,0.82,NA,0.02,NA,NA,NA,NA,NA,NA,0.88,NA,NA,NA,NA,NA,0.85,2.8,24.3,3.5,
6/29/2022,HB1,W-15,Picea ,glauca,46 50 45.09,68 37 30.81,12.4,0,7.4,85,5,1,1.00,114916,45.0,0.1607,0.82,NA,0.10,NA,NA,NA,NA,NA,NA,0.82,NA,NA,NA,NA,NA,0.82,1.7,19.3,3.7,
6/29/2022,HB1,W-16,Picea ,glauca,46 50 45.08,68 37 30.88,12.4,0,8.3,65,5,1,NA,128738,33.3,0.0845,0.82,47.88,0.41,NA,NA,NA,NA,NA,NA,0.96,NA,NA,NA,NA,NA,0.89,1.1,16.3,3.4,
6/29/2022,HB1,W-17,Picea ,glauca,46 50 45.33,68 37 31.02,15.0,0,14.1,NA,NA,2,NA,315925,NA,0.1752,0.85,NA,0.04,NA,NA,NA,NA,NA,NA,NA,NA,NA,NA,NA,NA,0.85,4.1,NA,4.2,
6/29/2022,HB1,W-18,Picea ,glauca,46 50 45.62,68 37 31.17,13.5,0,8.6,40,25,2,NA,155428,50.0,0.1132,0.84,NA,NA,NA,NA,NA,NA,NA,NA,0.81,NA,NA,NA,NA,NA,0.83,2.0,24.5,6.2,
6/29/2022,HB1,W-19,Picea ,glauca,46 50 45.84,68 37 31.13,17.8,0,12.0,60,20,1,1.00,378622,40.8,0.2226,0.77,0.59,0.00,NA,NA,NA,NA,NA,NA,0.82,NA,NA,NA,NA,NA,0.80,3.2,18.2,4.3,
6/29/2022,HB1,W-20,Picea ,glauca,46 50 45.88,68 37 31.18,16.5,0,10.1,70,5,1,NA,275710,40.0,0.0909,0.83,NA,NA,NA,NA,NA,NA,NA,NA,0.79,NA,NA,NA,NA,NA,0.81,2.0,22.9,7.2,
6/29/2022,HB1,W-21,Picea ,glauca,46 50 45.95,68 37 31.21,19.1,0,11.3,45,25,2,NA,408612,NA,0.1914,0.86,NA,NA,NA,NA,NA,NA,NA,NA,0.85,NA,NA,NA,NA,NA,0.86,2.3,26.8,6.6,
6/29/2022,HB1,W-22,Picea ,glauca,46 50 46.04,68 37 31.18,21.8,0,11.6,35,30,1,1.00,552781,30.4,0.1148,0.82,NA,NA,NA,NA,NA,NA,NA,NA,0.92,NA,NA,NA,NA,NA,0.87,2.6,23.5,3.3,
6/29/2022,HB1,W-23,Picea ,glauca,46 50 46.39,68 37 31.29,13.7,0,7.5,60,10,1,1.00,140854,33.3,0.1111,0.80,105.77,0.41,NA,NA,NA,NA,NA,NA,0.83,NA,NA,NA,NA,NA,0.82,3.1,23.5,3.0,
6/29/2022,HB1,W-24,Picea ,glauca,46 50 46.48,68 37 31.50,15.0,0,10.8,65,15,1,1.00,243582,46.7,0.1346,0.85,NA,NA,NA,NA,NA,NA,NA,NA,0.7,NA,NA,NA,NA,NA,0.78,3.2,25.0,2.4,
6/29/2022,HB1,W-25,Picea ,glauca,46 50 46.64,68 37 31.54,NA,0,11.8,70,5,1,1.00,NA,35.3,0.1304,0.89,NA,NA,NA,NA,NA,NA,NA,NA,NA,NA,NA,NA,NA,NA,0.89,2.7,26.8,2.7,
6/29/2022,HB1,W-26,Picea ,glauca,46 50 46.70,68 37 31.59,19.6,0,9.8,60,10,1,1.00,372972,38.1,0.1212,0.85,88.38,1.21,NA,NA,NA,NA,NA,NA,0.96,NA,NA,NA,NA,NA,0.91,2.9,24.6,8.1,
6/29/2022,HB1,W-27,Picea ,glauca,46 50 46.83,68 37 31.54,1.3,0,8.8,75,5,1,1.00,1417,37.0,0.1538,0.83,43.81,0.23,NA,NA,NA,NA,NA,NA,0.9,NA,NA,NA,NA,NA,0.87,2.4,26.6,6.9,
6/29/2022,HB1,R-28,Picea ,rubens,46 50 44.92,68 37 36.11,1.3,0,2.1,NA,NA,1,1.00,339,36.8,0.0435,0.85,27.46,0.79,NA,NA,NA,NA,NA,NA,NA,NA,NA,NA,NA,NA,0.85,2.9,22.3,7.4,
6/29/2022,HB1,R-29,Picea ,rubens,46 50 44.78,68 37 36.08,1.3,0,1.9,NA,NA,1,1.00,306,42.9,0.0690,0.91,16.14,0.16,NA,NA,NA,NA,NA,NA,NA,NA,NA,NA,NA,NA,0.91,4.0,24.7,13.0,
6/29/2022,HB1,R-30,Picea ,rubens,46 50 44.71,68 37 36.06,1.3,0,1.8,NA,NA,1,1.00,290,NA,0.1394,0.85,1.49,0.01,NA,NA,NA,NA,NA,NA,NA,NA,NA,NA,NA,NA,0.85,2.2,NA,7.6,
6/29/2022,HB1,R-31,Picea ,rubens,46 50 44.73,68 37 35.92,1.3,0,1.9,NA,NA,1,1.00,306,50.0,0.1034,0.82,3.66,0.06,NA,NA,NA,NA,NA,NA,NA,NA,NA,NA,NA,NA,0.82,1.1,NA,3.9,
6/29/2022,HB1,R-32,Picea ,rubens,46 50 44.73,68 37 36.45,1.3,0,6.2,45,10,1,1.00,1001,41.2,0.1029,0.89,29.98,0.36,NA,NA,NA,NA,NA,NA,0.84,NA,NA,NA,NA,NA,0.87,2.9,28.1,12.7,
6/29/2022,HB1,R-33,Picea ,rubens,46 50 44.61,68 37 36.55,1.3,0,3.6,40,15,1,1.00,581,40.0,0.1404,0.76,21.47,0.06,NA,NA,NA,NA,NA,NA,NA,NA,NA,NA,NA,NA,0.76,4.1,NA,6.7,
6/29/2022,HB1,R-34,Picea ,rubens,46 50 44.34,68 37 36.58,1.3,0,3.4,30,40,2,1.00,554,46.6,0.1733,0.77,0.52,0.01,NA,NA,NA,NA,NA,NA,NA,NA,NA,NA,NA,NA,0.77,3.4,NA,4.9,
6/29/2022,HB1,W-35,Picea ,glauca,46 50 44.72,68 37 36.55,1.3,0,0.7,65,15,1,1.00,109,47.1,0.1311,0.82,14.99,0.05,NA,NA,NA,NA,NA,NA,0.81,NA,NA,NA,NA,NA,0.82,2.8,26.9,7.3,
6/29/2022,HB1,W-36,Picea ,glauca,46 50 44.80,68 37 36.60,7.9,0,0.3,45,20,1,1.00,1965,34.8,0.1569,0.82,39.20,0.26,NA,NA,NA,NA,NA,NA,0.89,NA,NA,NA,NA,NA,0.86,2.1,26.2,8.2,
7/1/2022,HB3,W-9,Picea ,glauca,46 54 12.71,68 40 6.26,18.8,0,7.1,45,30,2,0.14,251959,NA,NA,0.95,NA,NA,NA,NA,NA,NA,NA,NA,0.96,NA,NA,NA,NA,NA,0.96,NA,22.8,2.3,
7/1/2022,HB3,W-7,Picea ,glauca,49 54 12.54,68 40 6.26,19.8,0,9.9,65,10,1,1.00,389838,49.5,0.1877,0.95,15.74,0.12,NA,NA,NA,NA,NA,NA,0.97,NA,NA,NA,NA,NA,0.96,4.1,20.7,3.3,
7/1/2022,HB3,W-8,Picea ,glauca,46 54 12.81,68 40 6.34,14.7,0,9.7,55,5,1,1.00,211067,55.6,0.1575,0.95,11.30,0.09,NA,NA,NA,NA,NA,NA,NA,NA,NA,NA,NA,NA,0.95,4.5,20.8,4.1,
7/1/2022,HB3,W-10,Picea ,glauca,46 54 12.60,68 40 6.64,16.8,0,9.5,75,5,1,1.00,267286,42.7,0.2420,0.96,11.28,0.08,NA,NA,NA,NA,NA,NA,0.95,NA,NA,NA,NA,NA,0.96,4.8,23.4,4.0,
7/1/2022,HB3,W-11,Picea ,glauca,46 54 12.60,68 40 6.34,20.1,0,11.6,80,0,1,1.00,468515,40.1,0.2523,0.94,5.39,0.03,NA,NA,NA,NA,NA,NA,0.94,NA,NA,NA,NA,NA,0.94,4.4,25.0,6.9,
7/1/2022,HB3,W-12,Picea ,glauca,46 54 12.73,68 40 6.41,11.9,0,7.2,60,10,2,1.00,103311,54.4,0.1814,0.95,5.17,0.02,NA,NA,NA,NA,NA,NA,0.96,NA,NA,NA,NA,NA,0.96,3.8,23.2,2.4,
7/1/2022,HB3,W-13,Picea ,glauca,46 54 12.74,68 40 6.30,15.5,0,8.2,40,20,1,0.79,196861,45.8,0.1250,0.92,9.87,0.09,NA,NA,NA,NA,NA,NA,0.91,NA,NA,NA,NA,NA,0.92,2.8,21.4,6.2,
7/1/2022,HB3,R-18,Picea ,rubens,46 54 4.19,68 40 5.85,5.8,0,3.3,45,40,2,1.00,11125,79.7,0.1253,0.96,4.24,0.02,NA,NA,NA,NA,NA,NA,0.96,NA,NA,NA,NA,NA,0.96,4.9,18.0,2.7,
7/1/2022,HB3,W-17,Picea ,glauca,46 54 9.11,68 40 5.78,14.2,0,9.3,60,25,2,0.62,187369,48.9,0.1100,NA,9.75,0.04,NA,NA,NA,NA,NA,NA,NA,NA,NA,NA,NA,NA,NA,NA,21.7,1.8,
7/1/2022,HB3,R-19,Picea ,rubens,46 54 8.82,68 40 6.53,8.1,0,3.6,43,0,1,1.00,23911,54.8,0.1723,0.96,6.35,0.06,NA,NA,NA,NA,NA,NA,0.96,NA,NA,NA,NA,NA,0.96,NA,17.1,NA,
7/1/2022,HB3,W-20,Picea ,glauca,46 54 8.87,68 40 6.74,20.8,0,10.8,90,0,1,1.00,469688,42.9,0.1875,0.93,10.77,0.06,NA,NA,NA,NA,NA,NA,0.96,NA,NA,NA,NA,NA,0.95,4.2,27.3,6.8,
7/1/2022,HB3,W-21,Picea ,glauca,46 54 9.33,68 40 6.83,18.3,0,11.0,25,35,2,0.44,368315,71.2,0.1498,0.91,4.84,0.03,NA,NA,NA,NA,NA,NA,0.93,NA,NA,NA,NA,NA,0.92,NA,20.8,5.5,
7/1/2022,HB3,W-22,Picea ,glauca,46 54 9.61,68 40 7.12,19.6,0,6.8,90,5,1,1.00,259756,26.5,0.1538,0.95,26.21,0.29,NA,NA,NA,NA,NA,NA,0.95,NA,NA,NA,NA,NA,0.95,3.7,21.4,3.6,
7/1/2022,HB3,R-24,Picea ,rubens,46 54 10.49,68 40 7.52,9.1,0,5.7,80,5,1,1.00,47857,64.4,0.1543,0.89,11.31,0.27,NA,NA,NA,NA,NA,NA,0.97,NA,NA,NA,NA,NA,0.93,3.9,14.1,2.8,
7/1/2022,HB3,W-25,Picea ,glauca,46 54 10.22,68 40 8.19,16.0,0,11.5,35,10,1,0.87,294548,45.7,0.1373,0.95,14.18,0.13,NA,NA,NA,NA,NA,NA,0.94,NA,NA,NA,NA,NA,0.95,7.9,21.9,2.5,
7/1/2022,HB3,R-26,Picea ,rubens,46 54 10.53,NA,10.2,0,4.9,85,0,1,1.00,50700,53.4,0.1696,0.95,15.42,0.26,NA,NA,NA,NA,NA,NA,0.96,NA,NA,NA,NA,NA,0.96,4.6,16.6,2.3,
7/1/2022,HB3,W-27,Picea ,glauca,46 54 10.43,68 40 7.74,23.4,0,8.8,80,25,1,1.00,481677,43.9,0.1082,0.93,22.80,0.22,NA,NA,NA,NA,NA,NA,0.97,NA,NA,NA,NA,NA,0.95,5.1,21.7,3.8,
7/1/2022,HB3,W-32,Picea ,glauca,46 54 12.44,68 40 7.34,9.9,0,9.1,65,0,1,0.83,89159,49.1,0.1586,0.88,4.06,0.05,NA,NA,NA,NA,NA,NA,0.95,NA,NA,NA,NA,NA,0.92,4.7,22.5,2.7,
7/1/2022,HB3,W-35,Picea ,glauca,46 54 10.38,68 40 5.77,11.9,0,11.5,25,25,2,0.33,164220,NA,NA,NA,NA,NA,NA,NA,NA,NA,NA,NA,NA,NA,NA,NA,NA,NA,NA,NA,NA,NA,
7/1/2022,HB3,W-36,Picea ,glauca,46 54 8.24,68 40 5.32,15.0,0,NA,NA,NA,NA,NA,NA,45.1,0.1122,0.95,1.66,NA,NA,NA,NA,NA,NA,NA,0.94,NA,NA,NA,NA,NA,0.95,NA,23.2,2.7,
7/1/2022,HB3,R-37,Picea ,rubens,46 54 8.02,68 40 5.45,5.3,0,3.7,50,0,1,1.00,10584,67.2,0.1687,0.94,7.60,0.05,NA,NA,NA,NA,NA,NA,NA,NA,NA,NA,NA,NA,0.94,NA,12.6,9.0,
7/1/2022,HB3,W-38,Picea ,glauca,46 54 7.40,68 40 5.74,3.0,0,2.3,50,0,1,1.00,2137,44.4,0.1240,0.95,17.71,0.16,NA,NA,NA,NA,NA,NA,NA,NA,NA,NA,NA,NA,0.95,NA,20.0,2.6,
7/1/2022,HB3,R-39,Picea ,rubens,46 54 7.88,68 40 5.44,4.6,0,2.8,60,5,1,1.00,5853,71.1,0.1350,0.96,10.32,0.07,NA,NA,NA,NA,NA,NA,0.94,NA,NA,NA,NA,NA,0.95,3.6,20.3,3.9,
7/1/2022,HB3,W-40,Picea ,glauca,46 54 7.40,68 40 5.74,20.8,0,7.6,80,0,1,1.00,328551,47.6,0.1746,0.97,6.14,0.09,NA,NA,NA,NA,NA,NA,0.84,NA,NA,NA,NA,NA,0.91,4.2,21.9,2.6,
7/1/2022,HB3,W-41,Picea ,glauca,46 54 7.71,68 40 5.44,19.8,0,8.2,70,0,1,1.00,321630,NA,NA,NA,NA,NA,NA,NA,NA,NA,NA,NA,NA,NA,NA,NA,NA,NA,NA,NA,NA,NA,
7/1/2022,HB3,R-42,Picea ,rubens,46 54 7.44,68 40 6.27,3.8,0,4.9,50,0,1,1.00,7181,NA,NA,NA,NA,NA,NA,NA,NA,NA,NA,NA,NA,NA,NA,NA,NA,NA,NA,NA,NA,NA,
7/1/2022,HB3,R-43,Picea ,rubens,46 54 7.24,68 40 6.27,14.5,0,6.2,45,10,1,1.00,130407,NA,NA,NA,NA,NA,NA,NA,NA,NA,NA,NA,NA,NA,NA,NA,NA,NA,NA,NA,NA,NA,
7/1/2022,HB3,R-44,Picea ,rubens,46 54 7.24,68 40 6.39,12.4,0,8.4,30,20,2,0.94,129556,NA,NA,NA,NA,NA,NA,NA,NA,NA,NA,NA,NA,NA,NA,NA,NA,NA,NA,NA,NA,NA,
7/1/2022,HB3,W-45,Picea ,glauca,46 54 7.09,68 40 6.31,19.3,0,9.5,55,10,1,0.84,354491,NA,NA,NA,NA,NA,NA,NA,NA,NA,NA,NA,NA,NA,NA,NA,NA,NA,NA,NA,NA,NA,
7/1/2022,HB3,R-46,Picea ,rubens,46 54 7.76,68 40 6.38,15.7,0,7.4,40,15,1,0.86,182738,NA,NA,NA,NA,NA,NA,NA,NA,NA,NA,NA,NA,NA,NA,NA,NA,NA,NA,NA,NA,NA,
7/5/2022,RR1,W-1,Picea ,glauca,46 55 35.05,68 42 37.40,14.2,0,9.4,90,0,1,1.00,190210,33.3,0.1469,0.82,9.48,0.05,NA,NA,NA,NA,NA,NA,0.95,NA,NA,NA,NA,NA,0.89,2.4,22.7,3.7,
7/5/2022,RR1,W-2,Picea ,glauca,46 55 35.04,68 42 37.82,11.9,0,6.8,80,5,1,1.00,96563,37.5,0.1500,0.84,11.66,0.05,NA,NA,NA,NA,NA,NA,0.82,NA,NA,NA,NA,NA,0.83,2.5,22.3,3.6,
7/5/2022,RR1,W-3,Picea ,glauca,46 55 35.04,68 42 37.75,11.2,0,6.0,70,15,1,1.00,74883,35.1,0.1259,0.91,10.90,0.07,NA,NA,NA,NA,NA,NA,0.95,NA,NA,NA,NA,NA,0.93,3.2,24.2,3.8,
7/5/2022,RR1,W-4,Picea ,glauca,46 55 35.24,68 42 37.77,13.0,0,8.8,50,25,1,1.00,148064,35.7,0.1712,0.96,NA,0.04,NA,NA,NA,NA,NA,NA,0.95,NA,NA,NA,NA,NA,0.96,3.2,28.8,5.1,
7/5/2022,RR1,W-5,Picea ,glauca,46 55 35.11,68 42 37.56,9.4,0,7.1,45,5,1,0.96,62504,37.8,0.1772,0.86,14.48,0.07,NA,NA,NA,NA,NA,NA,0.92,NA,NA,NA,NA,NA,0.89,3.2,26.1,3.3,
7/5/2022,RR1,W-6,Picea ,glauca,46 55 35.17,68 42 37.43,11.7,0,8.0,40,10,1,1.11,109100,35.1,0.1695,0.97,12.67,0.06,NA,NA,NA,NA,NA,NA,0.96,NA,NA,NA,NA,NA,0.97,3.3,26.6,3.4,
7/5/2022,RR1,W-7,Picea ,glauca,46 55 35.42,68 42 37.54,13.0,0,6.0,55,10,1,1.00,100352,33.3,0.1087,0.97,9.77,0.03,NA,NA,NA,NA,NA,NA,0.96,NA,NA,NA,NA,NA,0.97,4.0,22.9,2.8,
7/5/2022,RR1,W-8,Picea ,glauca,46 55 35.24,68 42 37.32,8.1,0,5.6,60,5,1,1.00,37108,33.1,0.1698,0.98,11.65,0.08,NA,NA,NA,NA,NA,NA,0.98,NA,NA,NA,NA,NA,0.98,3.9,26.4,5.2,
7/5/2022,RR1,W-9,Picea ,glauca,46 55 35.06,68 42 37.20,7.9,0,7.0,45,0,2,0.69,43472,32.6,0.1908,0.97,6.57,0.03,NA,NA,NA,NA,NA,NA,0.83,NA,NA,NA,NA,NA,0.90,4.6,32.7,3.9,
7/5/2022,RR1,R-10,Picea ,rubens,46 55 35.26,68 42 37.20,5.8,0,4.7,60,10,2,0.72,16021,43.1,0.1157,0.95,5.18,0.07,NA,NA,NA,NA,NA,NA,0.97,NA,NA,NA,NA,NA,0.96,4.1,22.1,5.2,
7/5/2022,RR1,W-11,Picea ,glauca,46 55 35.47,68 42 37.33,8.1,0,5.9,65,20,1,1.00,39302,37.5,0.1368,0.93,11.48,0.12,NA,NA,NA,NA,NA,NA,NA,NA,NA,NA,NA,NA,0.93,3.6,28.8,6.8,
7/5/2022,RR1,W-12,Picea ,glauca,46 55 35.48,68 42 37.39,3.8,0,3.1,40,5,2,1.00,4451,36.4,0.1176,0.84,13.73,0.08,NA,NA,NA,NA,NA,NA,NA,NA,NA,NA,NA,NA,0.84,4.1,24.8,5.4,
7/5/2022,RR1,W-13,Picea ,glauca,46 55 35.36,68 42 37.30,14.7,0,6.8,40,15,2,1.00,148114,37.5,0.1308,0.96,5.69,0.03,NA,NA,NA,NA,NA,NA,NA,NA,NA,NA,NA,NA,0.96,4.5,30.3,3.6,
7/5/2022,RR1,W-14,Picea ,glauca,46 55 35.51,68 42 37.26,5.6,0,4.2,65,5,1,1.00,13014,36.8,0.0854,0.97,5.43,0.02,NA,NA,NA,NA,NA,NA,NA,NA,NA,NA,NA,NA,0.97,4.7,29.4,8.2,
7/5/2022,RR1,W-15,Picea ,glauca,46 55 35.64,68 42 37.33,5.8,0,4.8,55,5,2,1.00,16396,36.9,0.1336,0.94,2.21,0.01,NA,NA,NA,NA,NA,NA,NA,NA,NA,NA,NA,NA,0.94,3.5,27.1,6.5,
7/5/2022,RR1,W-16,Picea ,glauca,46 55 35.68,68 42 37.40,12.2,0,7.8,60,5,2,1.00,115339,39.5,0.1201,0.96,16.05,0.14,NA,NA,NA,NA,NA,NA,0.89,NA,NA,NA,NA,NA,0.93,3.4,25.6,3.6,
7/5/2022,RR1,W-17,Picea ,glauca,46 55 35.51,68 42 37.18,5.8,0,4.8,45,5,2,0.79,16465,35.9,0.1292,0.78,8.12,0.12,NA,NA,NA,NA,NA,NA,0.95,NA,NA,NA,NA,NA,0.87,3.3,27.3,6.6,
7/5/2022,RR1,W-18,Picea ,glauca,46 55 35.47,68 42 37.34,2.5,0,2.5,75,0,1,1.00,1598,37.9,0.1528,0.98,9.43,0.08,NA,NA,NA,NA,NA,NA,NA,NA,NA,NA,NA,NA,0.98,5.4,33.3,7.2,
7/5/2022,RR1,W-19,Picea ,glauca,43 55 35.43,68 42 37.40,13.0,0,8.4,65,10,1,1.00,141477,NA,NA,NA,NA,NA,NA,NA,NA,NA,NA,NA,NA,NA,NA,NA,NA,NA,NA,NA,24.3,5.7,
7/5/2022,RR1,W-20,Picea ,glauca,46 55 35.37,68 42 37.11,6.1,0,5.4,65,5,1,1.00,20127,37.1,0.1336,0.73,11.71,0.13,NA,NA,NA,NA,NA,NA,0.83,NA,NA,NA,NA,NA,0.78,4.7,23.8,7.6,
7/5/2022,RR1,W-21,Picea ,glauca,46 55 35.54,68 42 36.96,8.4,0,6.1,35,15,2,0.72,42664,33.8,0.1127,0.72,11.13,0.08,NA,NA,NA,NA,NA,NA,NA,NA,NA,NA,NA,NA,0.72,2.8,25.8,5.9,
7/5/2022,RR1,W-22,Picea ,glauca,46 55 35.41,68 42 36.87,9.7,0,6.8,30,10,2,0.74,63522,8.6,0.0322,0.80,29.25,0.21,NA,NA,NA,NA,NA,NA,0.98,NA,NA,NA,NA,NA,0.89,5.1,31.6,6.7,
7/5/2022,RR1,W-23,Picea ,glauca,46 55 35.52,68 42 36.91,5.8,0,4.5,20,50,2,0.62,15440,20.8,0.1734,0.97,15.78,0.15,NA,NA,NA,NA,NA,NA,0.8,NA,NA,NA,NA,NA,0.89,3.9,30.2,10.1,
7/5/2022,RR1,W-24,Picea ,glauca,46 55 35.59,68 42 36.83,3.8,0,4.2,75,0,1,1.00,6166,NA,0.1181,0.83,30.07,0.35,NA,NA,NA,NA,NA,NA,NA,NA,NA,NA,NA,NA,0.83,3.6,25.2,5.9,
7/5/2022,RR1,W-25,Picea ,glauca,46 55 35.59,68 42 36.68,7.6,0,4.7,35,5,1,0.63,27373,16.0,0.0829,0.84,2.39,NA,NA,NA,NA,NA,NA,NA,0.79,NA,NA,NA,NA,NA,0.82,3.8,26.7,7.7,
7/5/2022,RR1,W-26,Picea ,glauca,46 55 35.61,68 42 36.94,3.3,0,2.5,75,0,1,1.00,2726,36.6,0.1181,0.97,12.48,0.11,NA,NA,NA,NA,NA,NA,NA,NA,NA,NA,NA,NA,0.97,4.2,31.0,9.9,
7/5/2022,RR1,W-27,Picea ,glauca,46 55 35.61,68 42 36.66,5.1,0,4.3,45,5,1,1.00,11117,39.1,0.0989,0.79,8.03,0.07,NA,NA,NA,NA,NA,NA,0.83,NA,NA,NA,NA,NA,0.81,4.1,34.5,8.6,
7/5/2022,RR1,W-28,Picea ,glauca,46 55 35.62,68 42 36.46,14.2,0,8.7,50,10,2,0.83,175421,33.6,0.2035,0.95,6.79,0.03,NA,NA,NA,NA,NA,NA,0.85,NA,NA,NA,NA,NA,0.90,4.4,31.6,4.8,
7/5/2022,RR1,W-29,Picea ,glauca,46 55 35.62,68 42 36.26,8.1,0,6.1,40,10,2,0.35,40580,32.5,0.2115,0.98,4.77,0.04,NA,NA,NA,NA,NA,NA,0.81,NA,NA,NA,NA,NA,0.90,4.0,28.4,3.6,
7/5/2022,RR1,W-30,Picea ,glauca,46 55 35.58,68 42 36.24,7.1,0,6.7,15,15,3,0.48,33889,35.3,0.1593,0.84,4.01,0.02,NA,NA,NA,NA,NA,NA,NA,NA,NA,NA,NA,NA,0.84,5.4,29.6,4.3,
7/7/2022,RR1,W-31,Picea ,glauca,46 55 35.58,68 42 36.33,14.0,0,9.4,35,15,2,0.63,183520,32.8,0.1654,0.97,7.07,0.04,NA,NA,NA,NA,NA,NA,NA,NA,NA,NA,NA,NA,0.97,5.2,31.8,6.2,
7/7/2022,RR1,W-32,Picea ,glauca,46 55 35.80,68 42 36.24,2.8,0,3.0,45,0,1,1.00,2342,37.3,0.1183,0.84,7.53,0.04,NA,NA,NA,NA,NA,NA,NA,NA,NA,NA,NA,NA,0.84,7.4,24.2,6.0,
7/7/2022,RR1,W-33,Picea ,glauca,46 55 35.70,68 42 36.19,7.9,0,4.8,35,10,2,0.48,29916,38.0,0.1045,0.84,1.19,0.01,NA,NA,NA,NA,NA,NA,NA,NA,NA,NA,NA,NA,0.84,5.4,26.9,6.4,
7/7/2022,RR1,W-34,Picea ,glauca,46 55 35.67,68 42 36.09,8.1,0,5.5,40,20,2,0.54,36023,46.7,0.0860,0.95,11.74,0.11,NA,NA,NA,NA,NA,NA,0.93,NA,NA,NA,NA,NA,0.94,5.8,23.3,1.4,
7/7/2022,RR1,W-35,Picea ,glauca,46 55 35.75,68 42 36.04,5.3,0,4.9,35,15,2,0.69,13802,45.3,0.0980,0.95,15.22,0.20,NA,NA,NA,NA,NA,NA,NA,NA,NA,NA,NA,NA,0.95,4.5,22.5,3.4,
7/7/2022,RR1,W-36,Picea ,glauca,46 55 35.76,68 42 36.01,7.6,0,5.6,40,10,2,1.00,32553,39.0,0.1468,0.94,13.07,0.14,NA,NA,NA,NA,NA,NA,0.93,NA,NA,NA,NA,NA,0.94,7.3,23.3,3.3,
7/7/2022,RR1,W-37,Picea ,glauca,46 55 35.55,68 42 35.96,12.2,0,7.3,45,5,1,1.00,108438,32.8,0.1159,0.96,16.16,0.21,NA,NA,NA,NA,NA,NA,0.96,NA,NA,NA,NA,NA,0.96,2.8,21.9,4.4,
7/7/2022,RR1,W-38,Picea ,glauca,46 55 35.62,68 42 35.69,9.1,0,7.4,40,10,2,0.66,61458,38.6,0.1560,0.93,11.48,0.11,NA,NA,NA,NA,NA,NA,0.94,NA,NA,NA,NA,NA,0.94,4.5,24.2,3.6,
7/7/2022,RR1,W-39,Picea ,glauca,46 55 35.62,68 42 35.69,11.2,0,7.1,35,15,2,0.65,88632,32.9,0.1788,0.96,16.39,0.17,NA,NA,NA,NA,NA,NA,NA,NA,NA,NA,NA,NA,0.96,3.6,21.4,4.8,
7/7/2022,RR1,W-40,Picea ,glauca,46 55 35.49,68 42 35.97,11.7,0,8.4,40,15,2,0.76,114848,35.0,0.0928,0.95,18.88,0.22,NA,NA,NA,NA,NA,NA,0.95,NA,NA,NA,NA,NA,0.95,4.8,31.3,2.9,
7/7/2022,RR1,W-41,Picea ,glauca,46 55 35.54,68 42 35.86,14.0,0,9.3,NA,NA,NA,NA,180561,37.5,0.1250,0.96,16.94,0.19,NA,NA,NA,NA,NA,NA,0.95,NA,NA,NA,NA,NA,0.96,2.6,24.7,4.1,
7/7/2022,RR1,W-42,Picea ,glauca,46 55 35.62,68 42 35.63,17.8,0,NA,NA,NA,2,NA,NA,33.8,0.1933,0.96,15.51,0.17,NA,NA,NA,NA,NA,NA,0.96,NA,NA,NA,NA,NA,0.96,3.7,25.8,2.6,
7/7/2022,RR1,W-43,Picea ,glauca,46 55 35.96,68 42 35.75,16.3,0,8.2,65,5,1,0.76,217719,30.0,0.0916,0.91,17.16,0.18,NA,NA,NA,NA,NA,NA,0.9,NA,NA,NA,NA,NA,0.91,5.4,25.0,5.2,
7/7/2022,RR1,W-44,Picea ,glauca,46 55 36.05,68 42 35.72,14.0,0,9.4,25,20,2,1.00,183949,37.6,0.1323,0.96,13.76,0.43,NA,NA,NA,NA,NA,NA,0.95,NA,NA,NA,NA,NA,0.96,2.9,21.3,4.6,
7/7/2022,RR1,W-45,Picea ,glauca,46 55 35.95,68 42 35.50,14.0,0,7.2,65,5,1,1.00,139911,19.6,0.0789,0.95,21.94,0.28,NA,NA,NA,NA,NA,NA,0.97,NA,NA,NA,NA,NA,0.96,4.7,27.3,2.7,
7/7/2022,RR1,W-46,Picea ,glauca,46 55 35.96,68 42 35.17,35.3,0,12.7,30,15,2,1.00,1584177,NA,NA,NA,NA,NA,NA,NA,NA,NA,NA,NA,NA,NA,NA,NA,NA,NA,NA,NA,NA,NA,
7/7/2022,RR1,R-47,Picea ,rubens,46 55 36.20,68 42 35.80,12.2,0,7.2,35,15,1,1.00,107024,NA,NA,NA,NA,NA,NA,NA,NA,NA,NA,NA,NA,NA,NA,NA,NA,NA,NA,NA,NA,NA,
7/7/2022,RR1,W-48,Picea ,glauca,46 55 35.15,68 42 36.05,1.3,0,1.5,85,0,1,1.00,242,40.9,0.1192,0.92,14.64,0.17,NA,NA,NA,NA,NA,NA,NA,NA,NA,NA,NA,NA,0.92,6.6,NA,5.9,
7/7/2022,RR1,W-49,Picea ,glauca,46 55 35.02,68 42 35.96,1.3,0,2.1,70,0,1,1.00,339,38.6,0.1287,0.95,12.21,0.13,NA,NA,NA,NA,NA,NA,NA,NA,NA,NA,NA,NA,0.95,4.0,NA,8.8,
7/7/2022,RR1,W-50,Picea ,glauca,46 55 35.02,68 42 36.04,1.3,0,2.3,60,0,1,1.00,371,38.2,0.1654,0.94,7.75,0.06,NA,NA,NA,NA,NA,NA,NA,NA,NA,NA,NA,NA,0.94,3.6,NA,13.3,
7/7/2022,RR1,W-51,Picea ,glauca,46 55 34.74,68 42 36.56,7.6,0,4.6,75,0,1,1.00,26851,NA,NA,NA,NA,NA,NA,NA,NA,NA,NA,NA,NA,NA,NA,NA,NA,NA,NA,NA,NA,NA,
7/7/2022,RR1,W-52,Picea ,glauca,46 55 34.62,68 42 36.67,8.4,0,5.4,25,20,2,1.00,38153,NA,NA,NA,NA,NA,NA,NA,NA,NA,NA,NA,NA,NA,NA,NA,NA,NA,NA,NA,NA,NA,
7/7/2022,RR1,W-53,Picea ,glauca,46 55 34.57,68 42 36.57,8.9,0,6.9,80,0,1,1.00,54502,NA,NA,NA,NA,NA,NA,NA,NA,NA,NA,NA,NA,NA,NA,NA,NA,NA,NA,NA,NA,NA,
7/15/2022,CL2,W-1,Picea ,glauca,47 10 04.39,68 20 42.11,4.6,0,3.4,60,0,1,1.00,7152,41.0,0.1373,NA,NA,NA,NA,NA,NA,NA,NA,NA,,NA,NA,NA,NA,NA,NA,4.6,25.6,2.6,
7/15/2022,CL2,R-2,Picea ,rubens,47 10 04.39,68 20 42.06,3.0,0,2.9,75,0,1,1.00,2652,45.9,0.1371,NA,NA,NA,NA,NA,NA,NA,NA,NA,,NA,NA,NA,NA,NA,NA,4.8,21.9,2.3,
7/15/2022,CL2,W-3,Picea ,glauca,47 10 04.28,68 20 42.00,5.8,0,4.2,60,0,1,1.00,14497,32.9,0.1985,NA,18.50,0.32,NA,NA,NA,NA,NA,NA,,NA,NA,NA,NA,NA,NA,5.6,28.3,4.4,
7/15/2022,CL2,R-4,Picea ,rubens,47 10 04.14,68 20 41.75,5.8,0,3.9,85,0,1,1.00,13400,38.6,0.1604,NA,16.16,0.34,NA,NA,NA,NA,NA,NA,,NA,NA,NA,NA,NA,NA,2.8,20.0,3.5,
7/15/2022,CL2,W-5,Picea ,glauca,47 10 03.84,68 20 41.19,7.4,0,4.5,60,0,1,0.66,24194,35.7,0.2294,NA,18.24,0.26,NA,NA,NA,NA,NA,NA,,NA,NA,NA,NA,NA,NA,4.9,27.3,1.7,
7/15/2022,CL2,W-6,Picea ,glauca,47 10 03.79,68 20 41.13,5.1,0,3.8,55,5,1,0.87,9719,39.3,0.1232,NA,16.46,0.35,NA,NA,NA,NA,NA,NA,,NA,NA,NA,NA,NA,NA,4.8,28.4,3.1,
7/15/2022,CL2,W-7,Picea ,glauca,47 10 03.71,68 20 41.10,3.0,0,2.4,85,0,1,1.00,2245,28.8,0.1579,NA,17.71,0.48,NA,NA,NA,NA,NA,NA,,NA,NA,NA,NA,NA,NA,NA,28.2,4.0,
7/15/2022,CL2,R-8,Picea ,rubens,47 10 03.77,68 20 40.99,5.1,0,3.7,65,5,1,1.00,9567,47.1,0.1410,NA,5.59,0.09,NA,NA,NA,NA,NA,NA,,NA,NA,NA,NA,NA,NA,4.4,36.3,3.4,
7/15/2022,CL2,W-9,Picea ,glauca,47 10 03.29,68 20 40.37,9.1,0,4.2,65,5,1,0.74,35113,37.7,0.2028,NA,8.42,0.17,NA,NA,NA,NA,NA,NA,,NA,NA,NA,NA,NA,NA,5.6,30.2,2.2,
7/15/2022,CL2,W-10,Picea ,glauca,47 10 03.18,68 20 40.37,7.1,0,4.5,70,0,1,1.00,22765,42.7,0.1818,NA,8.86,0.24,NA,NA,NA,NA,NA,NA,,NA,NA,NA,NA,NA,NA,4.9,26.7,5.0,
7/15/2022,CL2,R-11,Picea ,rubens,47 10 03.18,68 20 40.43,5.8,0,4.4,55,0,1,1.00,15030,42.0,0.1680,NA,7.92,0.09,NA,NA,NA,NA,NA,NA,,NA,NA,NA,NA,NA,NA,4.6,26.6,3.3,
7/15/2022,CL2,W-12,Picea ,glauca,47 10 03.22,68 20 40.12,7.4,0,5.7,45,10,2,0.65,30730,30.4,0.1574,NA,8.66,0.17,NA,NA,NA,NA,NA,NA,,NA,NA,NA,NA,NA,NA,5.3,27.9,4.7,
7/15/2022,CL2,W-13,Picea ,glauca,47 10 02.82,68 20 39.80,6.6,0,3.6,90,0,1,1.00,15674,34.0,0.1574,NA,11.48,0.28,NA,NA,NA,NA,NA,NA,,NA,NA,NA,NA,NA,NA,5.4,27.2,3.0,
7/15/2022,CL2,R-14,Picea ,rubens,47 10 02.76,68 20 39.70,8.4,0,5.0,70,0,1,1.00,35311,37.3,0.1386,NA,13.81,NA,NA,NA,NA,NA,NA,NA,,NA,NA,NA,NA,NA,NA,3.9,22.8,3.1,
7/15/2022,CL2,W-15,Picea ,glauca,47 10 02.58,68 20 39.48,9.7,0,4.8,65,0,1,1.00,44318,38.9,0.2044,NA,14.35,NA,NA,NA,NA,NA,NA,NA,,NA,NA,NA,NA,NA,NA,4.9,29.6,3.1,
7/15/2022,CL2,W-16,Picea ,glauca,47 10 02.42,68 20 39.73,5.8,0,3.6,70,0,1,1.00,12163,33.7,0.1953,NA,15.91,NA,NA,NA,NA,NA,NA,NA,,NA,NA,NA,NA,NA,NA,4.5,29.8,3.1,
7/15/2022,CL2,R-17,Picea ,rubens,47 10 02.52,68 20 39.71,2.5,0,2.3,60,0,1,1.00,1484,44.9,0.0800,NA,9.87,0.32,NA,NA,NA,NA,NA,NA,,NA,NA,NA,NA,NA,NA,5.6,25.2,2.2,
7/15/2022,CL2,W-18,Picea ,glauca,47 10 02.72,68 20 40.01,3.8,0,2.3,65,0,1,1.00,3339,35.2,0.2346,0.92,6.93,0.08,NA,NA,NA,NA,NA,NA,,NA,NA,NA,NA,NA,0.92,4.3,30.2,5.2,
7/15/2022,CL2,R-19,Picea ,rubens,47 10 02.68,68 20 39.96,3.6,0,2.4,85,0,1,1.00,3035,43.8,0.0864,NA,8.04,0.28,NA,NA,NA,NA,NA,NA,,NA,NA,NA,NA,NA,NA,4.8,23.7,2.1,
7/15/2022,CL2,W-20,Picea ,glauca,47 10 02.74,68 20 40.12,6.4,0,4.2,45,15,2,0.65,17124,33.3,0.1438,NA,16.84,NA,NA,NA,NA,NA,NA,NA,,NA,NA,NA,NA,NA,NA,2.8,23.2,2.9,
7/15/2022,CL2,R-21,Picea ,rubens,47 10 02.86,68 20 40.31,5.1,0,5.4,60,0,1,0.91,13827,35.9,0.0979,0.96,17.05,0.21,0.96,NA,NA,NA,NA,NA,,NA,NA,NA,NA,NA,0.96,NA,21.0,2.6,
7/15/2022,CL2,W-22,Picea ,glauca,47 10 03.21,68 20 40.79,9.1,0,4.9,60,10,2,0.90,40889,32.9,0.1244,0.97,14.79,0.20,0.96,NA,NA,NA,NA,NA,,NA,NA,NA,NA,NA,0.97,6.3,36.1,1.1,
7/15/2022,CL2,R-23,Picea ,rubens,47 10 03.28,68 20 41.14,5.3,0,4.0,60,5,1,0.75,11361,44.1,0.1163,0.96,16.15,0.15,0.96,NA,NA,NA,NA,NA,,NA,NA,NA,NA,NA,0.96,3.8,23.2,1.4,
7/15/2022,CL2,R-24,Picea ,rubens,47 10 03.37,68 20 41.16,4.1,0,3.4,45,0,1,0.71,5649,36.8,0.0833,0.95,19.23,0.21,0.97,NA,NA,NA,NA,NA,,NA,NA,NA,NA,NA,0.96,3.8,21.7,1.9,
7/15/2022,CL2,R-25,Picea ,rubens,47 10 03.63,68 20 41.51,7.4,0,4.1,85,0,1,0.88,22060,302.9,1.4860,NA,0.71,0.01,,NA,NA,NA,NA,NA,,NA,NA,NA,NA,NA,NA,3.6,26.2,2.2,
7/18/2022,CL2,R-26,Picea ,rubens,47 10 3.79,68 20 41.78,5.3,0,4.4,45,5,2,0.89,12587,44.7,0.1083,NA,18.44,0.23,,NA,NA,NA,NA,NA,,NA,NA,NA,NA,NA,NA,2.4,19.6,3.2,
7/18/2022,CL2,R-27,Picea ,rubens,47 10 4.11,68 20 42.28,2.5,0,2.1,85,0,1,0.00,1355,42.9,0.0839,NA,16.02,0.27,,NA,NA,NA,NA,NA,,NA,NA,NA,NA,NA,NA,4.3,16.2,3.5,
7/18/2022,CL2,R-28,Picea ,rubens,47 10 5.33,68 20 42.47,10.4,0,6.9,35,5,1,0.93,75002,37.7,0.1107,NA,NA,NA,,NA,NA,NA,NA,NA,,NA,NA,NA,NA,NA,NA,3.5,0.3,1.7,
7/18/2022,CL2,R-29,Picea ,rubens,47 10 5.28,68 20 42.39,7.1,0,4.0,55,0,1,0.95,20392,35.5,0.1369,NA,16.47,0.23,,NA,NA,NA,NA,NA,,NA,NA,NA,NA,NA,NA,3.9,26.8,1.7,
7/18/2022,CL2,W-30,Picea ,glauca,47 10 5.12,68 20 42.73,6.9,0,4.2,50,5,1,0.95,19751,35.0,0.1304,NA,16.05,0.16,,NA,NA,NA,NA,NA,,NA,NA,NA,NA,NA,NA,4.8,29.7,3.8,
7/18/2022,CL2,W-31,Picea ,glauca,47 10 4.75,68 20 43.70,9.7,0,6.5,30,0,1,0.95,60820,34.4,0.1818,NA,11.00,0.07,,NA,NA,NA,NA,NA,,NA,NA,NA,NA,NA,NA,4.1,26.2,5.3,
7/18/2022,CL2,W-32,Picea ,glauca,47 10 4.82,68 20 43.65,5.8,0,4.4,15,5,1,0.93,15010,35.0,0.1909,NA,4.46,0.04,,NA,NA,NA,NA,NA,,NA,NA,NA,NA,NA,NA,4.8,28.5,2.9,
7/18/2022,CL2,R-33,Picea ,rubens,47 10 4.46,68 20 43.61,11.2,0,6.1,35,5,1,1.00,75682,37.1,0.2110,NA,10.41,0.10,,NA,NA,NA,NA,NA,,NA,NA,NA,NA,NA,NA,3.4,19.9,1.2,
7/18/2022,CL2,W-34,Picea ,glauca,47 10 4.47,68 20 43.77,10.4,0,8.0,40,5,1,0.91,86222,NA,NA,NA,NA,NA,,NA,NA,NA,NA,NA,,NA,NA,NA,NA,NA,NA,NA,NA,NA,
7/18/2022,CL2,W-35,Picea ,glauca,47 10 3.70,68 20 44.73,6.9,0,4.4,30,5,1,1.00,20560,33.3,0.1329,NA,14.14,0.13,,NA,NA,NA,NA,NA,,NA,NA,NA,NA,NA,NA,5.0,31.5,3.2,
7/18/2022,CL2,W-36,Picea ,glauca,47 10 3.66,68 20 44.76,8.9,0,4.8,35,5,1,0.94,37597,32.2,0.1827,NA,10.76,0.10,,NA,NA,NA,NA,NA,,NA,NA,NA,NA,NA,NA,5.6,30.0,3.7,
7/18/2022,CL2,W-37,Picea ,glauca,47 10 3.57,68 20 44.80,9.4,0,4.8,35,5,1,1.00,42610,NA,NA,NA,NA,NA,,NA,NA,NA,NA,NA,,NA,NA,NA,NA,NA,NA,6.6,NA,NA,
7/18/2022,CL2,W-38,Picea ,glauca,47 10 3.55,68 20 44.95,9.1,0,4.9,35,5,1,0.80,41364,32.7,0.2517,NA,NA,NA,,NA,NA,NA,NA,NA,,NA,NA,NA,NA,NA,NA,6.6,33.0,2.9,
7/18/2022,CL2,W-39,Picea ,glauca,47 10 3.47,68 20 45.30,5.3,0,6.7,50,0,1,0.97,19161,NA,NA,NA,NA,NA,,NA,NA,NA,NA,NA,,NA,NA,NA,NA,NA,NA,NA,NA,NA,
7/18/2022,CL2,W-40,Picea ,glauca,47 10 3.28,68 20 45.25,11.7,0,5.3,35,5,1,0.91,72375,36.0,0.1916,NA,6.48,0.04,,NA,NA,NA,NA,NA,,NA,NA,NA,NA,NA,NA,5.4,32.2,4.3,
7/18/2022,CL2,W-41,Picea ,glauca,47 10 3.85,68 20 44.88,7.9,0,5.5,25,5,1,0.91,33900,33.3,0.1508,NA,8.43,0.06,,NA,NA,NA,NA,NA,,NA,NA,NA,NA,NA,NA,5.1,30.1,2.4,
7/18/2022,CL2,W-42,Picea ,glauca,47 10 3.68,68 20 45.29,9.9,0,6.8,30,15,3,0.78,66922,NA,NA,NA,NA,NA,,NA,NA,NA,NA,NA,,NA,NA,NA,NA,NA,NA,NA,NA,NA,
7/18/2022,CL2,W-43,Picea ,glauca,47 10 3.65,68 20 45.50,7.6,0,5.1,30,10,3,0.80,29360,NA,NA,NA,NA,NA,,NA,NA,NA,NA,NA,,NA,NA,NA,NA,NA,NA,NA,NA,NA,
7/18/2022,CL2,W-44,Picea ,glauca,47 10 3.63,68 20 45.57,9.4,0,5.6,30,15,3,0.73,49132,NA,NA,NA,NA,NA,,NA,NA,NA,NA,NA,,NA,NA,NA,NA,NA,NA,NA,NA,NA,
7/18/2022,CL2,R-45,Picea ,rubens,47 10 3.49,68 20 45.90,9.1,0,5.2,40,5,1,1.00,43487,NA,NA,NA,NA,NA,,NA,NA,NA,NA,NA,,NA,NA,NA,NA,NA,NA,NA,NA,NA,
7/18/2022,CL2,W-46,Picea ,glauca,47 10 3.44,68 20 45.88,8.1,0,5.1,30,5,1,0.80,33511,NA,NA,NA,NA,NA,,NA,NA,NA,NA,NA,,NA,NA,NA,NA,NA,NA,NA,NA,NA,
7/18/2022,CL2,W-47,Picea ,glauca,47 10 3.81,68 20 45.76,7.4,0,4.9,30,10,1,0.80,26799,NA,NA,NA,NA,NA,,NA,NA,NA,NA,NA,,NA,NA,NA,NA,NA,NA,NA,NA,NA,
7/18/2022,CL2,W-48,Picea ,glauca,47 10 3.72,68 20 46.09,9.7,0,6.0,30,10,2,0.75,56329,NA,NA,NA,NA,NA,,NA,NA,NA,NA,NA,,NA,NA,NA,NA,NA,NA,NA,NA,NA,
7/18/2022,CL2,W-49,Picea ,glauca,47 10 3.96,68 20 45.16,6.4,0,1.7,NA,NA,NA,1.00,6855,NA,NA,NA,NA,NA,,NA,NA,NA,NA,NA,,NA,NA,NA,NA,NA,NA,NA,NA,NA,
7/18/2022,CL2,W-50,Picea ,glauca,47 10 3.90,68 20 45.23,5.3,0,1.7,NA,NA,NA,1.00,4837,NA,NA,NA,NA,NA,,NA,NA,NA,NA,NA,,NA,NA,NA,NA,NA,NA,NA,NA,NA,
7/15/22,CL3,W-1,Picea ,glauca,47 11 21.05,68 20 14.48,19.8,1,7.7,50,20,2,0.61,300344,30.8,0.1527,NA,16.79,0.27,NA,NA,NA,NA,NA,NA,NA,NA,NA,NA,NA,NA,NA,NA,NA,NA,
7/15/22,CL3,W-2,Picea ,glauca,47 11 21.27,68 20 14.66,22.1,0,9.5,45,15,2,0.74,462269,40.6,0.1806,NA,11.03,NA,NA,NA,NA,NA,NA,NA,NA,NA,NA,NA,NA,NA,NA,NA,NA,NA,
7/15/22,CL3,W-3,Picea ,glauca,47 11 21.28,68 20 14.77,16.8,2,7.2,40,20,2,0.86,202343,40.7,0.1630,NA,10.22,0.19,NA,NA,NA,NA,NA,NA,NA,NA,NA,NA,NA,NA,NA,NA,NA,NA,
7/15/22,CL3,W-4,Picea ,glauca,47 11 21.34,68 20 14.84,22.6,0,13.5,50,15,2,0.96,688649,34.8,0.1975,NA,16.97,NA,NA,NA,NA,NA,NA,NA,NA,NA,NA,NA,NA,NA,NA,NA,24.6,NA,
7/15/22,CL3,W-5,Picea ,glauca,47 11 21.45,68 20 15.08,16.8,0,15.4,50,20,2,0.74,433865,35.7,0.1389,NA,12.84,0.15,NA,NA,NA,NA,NA,NA,NA,NA,NA,NA,NA,NA,NA,NA,26.0,0.9,
7/15/22,CL3,W-6,Picea ,glauca,47 11 21.55,68 20 14.67,20.1,0,12.1,40,15,2,0.83,486890,40.8,0.1870,NA,14.63,NA,NA,NA,NA,NA,NA,NA,NA,NA,NA,NA,NA,NA,NA,NA,NA,NA,
7/15/22,CL3,W-7,Picea ,glauca,47 11 21.45,68 20 14.63,13.2,0,8.0,45,10,2,0.75,140033,41.3,0.1357,NA,14.57,0.17,NA,NA,NA,NA,NA,NA,NA,NA,NA,NA,NA,NA,NA,NA,NA,NA,
7/15/22,CL3,W-8,Picea ,glauca,47 11 21.00,68 20 13.53,29.7,0,13.8,45,10,2,1.00,1216895,38.1,0.1500,0.96,8.37,NA,0.94,NA,NA,NA,NA,NA,0.96,NA,NA,NA,NA,NA,0.95,5.2,31.3,6.2,
7/18/2022,CL3,W-9,Picea ,glauca,47 11 20.93,68 20 13.69,8.4,0,5.7,80,5,1,0.91,40047,37.8,0.1278,0.96,13.96,0.16,0.87,NA,NA,NA,NA,NA,0.91,NA,NA,NA,NA,NA,0.91,4.2,NA,NA,
7/18/2022,CL3,W-10,Picea ,glauca,47 11 20.74,68 20 13.50,5.6,0,3.6,70,5,1,1.00,11392,44.1,0.1126,0.96,9.18,0.14,0.87,NA,NA,NA,NA,NA,0.84,NA,NA,NA,NA,NA,0.89,3.5,22.6,7.3,
7/18/2022,CL3,B-11,Picea ,mariana,47 11 20.74,68 20 13.24,1.3,0,5.6,65,5,1,1.00,904,37.5,0.0997,0.84,13.62,0.10,0.93,NA,NA,NA,NA,NA,0.97,NA,NA,NA,NA,NA,0.91,3.9,NA,2.8,
7/18/2022,CL3,W-12,Picea ,glauca,47 11 20.65,68 20 13.28,6.4,0,4.2,65,5,1,1.00,16933,44.4,0.1014,0.86,9.68,0.09,0.97,NA,NA,NA,NA,NA,0.96,NA,NA,NA,NA,NA,0.93,7.5,NA,NA,
7/18/2022,CL3,W-13,Picea ,glauca,47 11 20.82,68 20 13.25,12.7,0,7.8,50,10,2,0.68,125752,32.6,0.2132,0.97,13.06,0.11,0.97,NA,NA,NA,NA,NA,0.97,NA,NA,NA,NA,NA,0.97,4.5,28.0,1.6,
7/18/2022,CL3,W-14,Picea ,glauca,47 11 20.73,68 20 13.04,15.0,0,10.0,50,10,2,0.90,223642,51.7,0.1190,0.88,9.77,0.09,0.96,NA,NA,NA,NA,NA,0.94,NA,NA,NA,NA,NA,0.93,3.3,24.5,1.4,
7/18/2022,CL3,B-15,Picea ,mariana,47 11 20.69,68 20 13.16,13.2,0,8.2,65,5,2,1.00,142671,43.9,0.1370,0.96,11.39,0.13,0.91,NA,NA,NA,NA,NA,0.96,NA,NA,NA,NA,NA,0.94,4.5,NA,NA,
7/18/2022,CL3,B-16,Picea ,mariana,47 11 20.62,68 20 13.18,14.0,0,9.2,45,10,2,0.78,179548,35.6,0.1256,0.93,1.47,0.14,0.96,NA,NA,NA,NA,NA,0.97,NA,NA,NA,NA,NA,0.95,4.0,25.0,2.0,
7/18/2022,CL3,W-17,Picea ,glauca,47 11 20.66,68 20 13.03,9.1,0,12.4,45,10,2,0.92,103878,47.5,0.1920,0.97,10.73,0.12,0.97,NA,NA,NA,NA,NA,0.97,NA,NA,NA,NA,NA,0.97,3.3,NA,NA,
7/18/2022,CL3,B-18,Picea ,mariana,47 11 20.55,68 20 13.11,3.3,0,8.0,55,10,2,1.00,8715,150.0,0.1111,0.84,12.65,0.15,0.96,NA,NA,NA,NA,NA,0.83,NA,NA,NA,NA,NA,0.88,5.9,NA,NA,
7/18/2022,CL3,W-19,Picea ,glauca,47 11 20.41,68 20 13.06,9.4,0,4.8,75,5,1,1.00,42617,33.8,0.1179,0.93,13.77,0.18,0.83,NA,NA,NA,NA,NA,0.85,NA,NA,NA,NA,NA,0.87,NA,27.3,6.0,
7/18/2022,CL3,B-20,Picea ,mariana,47 11 20.41,68 20 13.00,8.9,0,5.2,60,10,2,0.81,41105,43.8,0.1119,0.96,7.26,0.08,0.94,NA,NA,NA,NA,NA,NA,NA,NA,NA,NA,NA,0.95,4.3,23.1,2.5,
7/18/2022,CL3,W-21,Picea ,glauca,47 11 20.29,68 20 12.83,7.1,0,5.0,75,0,1,1.00,25136,31.1,0.1418,NA,NA,NA,NA,NA,NA,NA,NA,NA,NA,NA,NA,NA,NA,NA,NA,NA,NA,NA,
7/18/2022,CL3,B-22,Picea ,mariana,47 11 20.37,68 20 12.67,15.2,0,10.2,60,5,1,0.90,236903,NA,NA,0.96,NA,NA,0.96,NA,NA,NA,NA,NA,0.93,NA,NA,NA,NA,NA,0.95,NA,NA,NA,
7/18/2022,CL3,B-23,Picea ,mariana,47 11 20.29,68 20 12.60,15.7,0,8.0,55,10,2,0.88,198446,44.7,0.1371,0.93,NA,NA,0.93,NA,NA,NA,NA,NA,0.95,NA,NA,NA,NA,NA,0.94,3.8,27.4,2.3,
7/18/2022,CL3,B-24,Picea ,mariana,47 11 20.16,68 20 12.62,9.1,0,6.0,25,30,3,0.83,50143,36.8,0.1812,0.95,1.40,0.02,0.95,NA,NA,NA,NA,NA,NA,NA,NA,NA,NA,NA,0.95,7.5,7.2,NA,
7/18/2022,CL3,W-25,Picea ,glauca,47 11 20.09,68 20 12.54,6.9,0,3.9,35,15,1,1.00,18466,NA,NA,0.94,NA,NA,0.95,NA,NA,NA,NA,NA,0.95,NA,NA,NA,NA,NA,0.95,4.9,NA,NA,
7/18/2022,CL3,B-26,Picea ,mariana,47 11 20.08,68 20 12.29,11.9,0,5.9,15,70,3,1.00,84722,38.2,0.1269,0.94,4.02,0.02,0.97,NA,NA,NA,NA,NA,0.95,NA,NA,NA,NA,NA,0.95,7.9,NA,NA,
7/18/2022,CL3,B-27,Picea ,mariana,47 11 20.12,68 20 12.17,12.4,0,9.2,50,35,2,1.00,143061,39.6,0.1228,0.93,5.06,0.21,0.95,NA,NA,NA,NA,NA,0.98,NA,NA,NA,NA,NA,0.95,6.5,NA,NA,
7/18/2022,CL3,B-28,Picea ,mariana,47 11 20.05,68 20 12.11,17.3,0,8.7,45,45,2,1.00,259602,34.0,0.1322,0.96,8.48,0.04,0.95,NA,NA,NA,NA,NA,0.94,NA,NA,NA,NA,NA,0.95,5.2,NA,NA,
7/18/2022,CL3,B-29,Picea ,mariana,47 11 19.96,68 20 12.17,18.0,0,8.7,40,35,2,1.00,283014,41.5,0.1206,0.94,5.61,0.02,NA,NA,NA,NA,NA,NA,0.94,NA,NA,NA,NA,NA,0.94,5.9,24.7,4.9,
7/18/2022,CL3,B-30,Picea ,mariana,47 11 20.04,68 20 12.07,14.2,0,7.9,30,40,NA,1.00,160820,36.2,0.1173,NA,NA,NA,NA,NA,NA,NA,NA,NA,NA,NA,NA,NA,NA,NA,NA,7.2,NA,NA,
7/18/2022,CL3,B-31,Picea ,mariana,47 11 20.10,68 20 14.97,16.0,1,10.4,40,30,2,1.00,266081,NA, NA,NA,NA,NA,NA,NA,NA,NA,NA,NA,NA,NA,NA,NA,NA,NA,NA,NA,NA,NA,
7/18/2022,CL3,R-32,Picea ,rubens,47 11 21.06,68 20 16.47,14.7,2,10.7,35,15,2,1.00,232312,NA, NA,NA,NA,NA,NA,NA,NA,NA,NA,NA,NA,NA,NA,NA,NA,NA,NA,NA,NA,NA,
7/18/2022,CL3,W-33,Picea ,glauca,47 11 21.58,68 20 15.46,18.0,0,9.0,40,50,2,1.00,292314,NA, NA,NA,NA,NA,NA,NA,NA,NA,NA,NA,NA,NA,NA,NA,NA,NA,NA,NA,NA,NA,
7/18/2022,CL3,W-34,Picea ,glauca,47 11 21.60,68 20 15.28,23.4,0,11.0,50,20,1,1.00,602043,NA, NA,NA,NA,NA,NA,NA,NA,NA,NA,NA,NA,NA,NA,NA,NA,NA,NA,NA,NA,NA,
7/18/2022,CL3,W-35,Picea ,glauca,47 11 21.51,68 20 15.38,14.0,0,10.4,30,40,2,1.00,202192,NA, NA,NA,NA,NA,NA,NA,NA,NA,NA,NA,NA,NA,NA,NA,NA,NA,NA,NA,NA,NA,
7/18/2022,CL3,W-36,Picea ,glauca,47 11 21.32,68 20 15.21,10.9,0,8.1,35,40,2,1.00,97033,NA, NA,NA,NA,NA,NA,NA,NA,NA,NA,NA,NA,NA,NA,NA,NA,NA,NA,NA,NA,NA,
7/18/2022,CL3,W-37,Picea ,glauca,47 11 21.85,68 20 14.72,15.5,1,10.1,35,10,1,1.00,242249,NA, NA,0.84,NA,NA,NA,NA,NA,NA,NA,NA,NA,NA,NA,NA,NA,NA,0.84,NA,NA,NA,
7/18/2022,CL3,W-38,Picea ,glauca,47 11 21.97,68 20 15.81,8.1,0,4.7,35,5,1,1.00,31079,NA, NA,0.91,NA,NA,NA,NA,NA,NA,NA,NA,NA,NA,NA,NA,NA,NA,0.91,4.8,NA,NA,
7/18/2022,CL3,W-39,Picea ,glauca,47 11 21.94,68 20 15.90,3.8,0,2.5,65,0,1,1.00,3629,NA, NA,0.95,NA,NA,0.97,NA,NA,NA,NA,NA,NA,NA,NA,NA,NA,NA,0.96,NA,NA,NA,
7/18/2022,CL3,W-40,Picea ,glauca,47 11 21.99,68 20 15.95,3.6,1,2.0,20,30,2,1.00,2529,42.5,0.1441,0.97,17.83,0.16,0.96,NA,NA,NA,NA,NA,NA,NA,NA,NA,NA,NA,0.97,NA,NA,6.5,
7/18/2022,CL3,W-41,Picea ,glauca,47 11 22.49,68 20 16.56,3.6,0,2.2,50,5,1,1.00,2782,46.3,0.1418,0.95,10.97,0.07,0.95,NA,NA,NA,NA,NA,NA,NA,NA,NA,NA,NA,0.95,4.9,NA,NA,
7/18/2022,CL3,W-42,Picea ,glauca,47 11 22.95,68 20 17.11,6.6,0,2.6,45,5,1,1.92,11339,29.4,0.1613,0.95,11.81,0.08,0.94,NA,NA,NA,NA,NA,NA,NA,NA,NA,NA,NA,0.95,5.0,NA,NA,
7/18/2022,CL3,W-43,Picea ,glauca,47 11 23.00,68 20 16.95,4.3,0,2.2,40,10,1,1.00,4102,33.9,0.1293,0.96,15.33,0.15,0.95,NA,NA,NA,NA,NA,NA,NA,NA,NA,NA,NA,0.96,6.1,NA,NA,
7/18/2022,CL3,W-44,Picea ,glauca,47 11 23.11,68 20 16.93,4.3,0,3.0,35,10,1,1.00,5594,35.1,0.1563,0.96,14.20,0.13,0.98,NA,NA,NA,NA,NA,NA,NA,NA,NA,NA,NA,0.97,4.8,NA,NA,
7/18/2022,CL3,W-45,Picea ,glauca,47 11 22.89,68 20 16.61,4.6,1,2.8,35,15,2,1.00,5853,35.9,0.1386,0.93,16.70,0.15,0.96,NA,NA,NA,NA,NA,0.95,NA,NA,NA,NA,NA,0.95,4.9,NA,NA,
7/18/2022,CL3,W-46,Picea ,glauca,47 11 21.88,68 20 14.99,17.3,0,12.4,35,50,2,1.00,370626,31.2,0.1481,0.94,9.50,0.03,0.96,NA,NA,NA,NA,NA,0.96,NA,NA,NA,NA,NA,0.95,4.9,NA,NA,
7/18/2022,CL3,W-47,Picea ,glauca,47 11 21.77,68 20 15.00,13.7,0,7.4,40,40,2,1.00,138622,41.0,0.1880,NA,8.15,0.08,NA,NA,NA,NA,NA,NA,NA,NA,NA,NA,NA,NA,NA,NA,NA,NA,
7/29/2022,SR1,W-1,Picea ,glauca,47 06 36.96,68 12 47.82,2.3,0,2.0,70,0,1,1.00,1045,37.0,0.1852,0.96,9.56,0.06,NA,NA,NA,NA,NA,NA,NA,NA,NA,NA,NA,NA,0.96,5.8,NA,20.3,
7/29/2022,SR1,W-2,Picea ,glauca,47 06 36.88,68 12 47.82,3.6,0,2.8,50,0,1,1.00,3541,39.6,0.1319,0.87,3.94,0.01,NA,NA,NA,NA,NA,NA,NA,NA,NA,NA,NA,NA,0.87,NA,NA,6.7,
7/29/2022,SR1,W-3,Picea ,glauca,47 06 35.56,68 12 49.00,18.3,0,1.7,55,5,2,0.00,56857,42.9,0.1964,0.97,14.12,0.11,0.72,NA,NA,NA,NA,NA,0.87,NA,NA,NA,NA,NA,0.85,5.9,26.2,1.3,
7/29/2022,SR1,W-4,Picea ,glauca,47 06 35.56,68 12 49.24,23.1,0,1.7,35,5,2,0.00,90824,37.5,0.1148,0.85,14.16,0.13,0.86,NA,NA,NA,NA,NA,0.91,NA,NA,NA,NA,NA,0.87,5.4,25.0,2.5,
7/29/2022,SR1,W-5,Picea ,glauca,47 06 36.40,68 12 49.88,8.1,0,1.7,60,0,1,1.00,11231,43.3,0.1340,0.94,13.68,0.09,0.82,NA,NA,NA,NA,NA,0.79,NA,NA,NA,NA,NA,0.85,4.0,13.7,2.9,
7/29/2022,SR1,R-6,Picea ,glauca,47 06 36.29,68 12 50.37,18.0,0,1.7,40,0,1,0.00,55288,47.1,0.2400,0.90,7.98,0.04,0.84,NA,NA,NA,NA,NA,0.97,NA,NA,NA,NA,NA,0.90,4.2,14.0,6.2,
7/29/2022,SR1,W-7,Picea ,glauca,47 06 35.99,68 12 50.12,17.8,0,1.7,70,5,1,0.00,53742,29.0,0.1800,0.87,17.90,0.12,0.96,NA,NA,NA,NA,NA,0.85,NA,NA,NA,NA,NA,0.89,4.0,26.2,2.9,
7/29/2022,SR1,W-8,Picea ,glauca,47 06 35.91,68 12 50.45,21.1,1,1.7,40,20,1,0.00,75557,54.0,0.1247,0.94,5.74,0.04,0.84,NA,NA,NA,NA,NA,0.87,NA,NA,NA,NA,NA,0.88,4.6,26.9,1.7,
7/29/2022,SR1,W-9,Picea ,glauca,47 06 35.58,68 12 51.03,19.8,0,1.7,35,10,1,0.00,66728,44.5,0.1525,0.97,10.22,0.15,0.88,NA,NA,NA,NA,NA,0.92,NA,NA,NA,NA,NA,0.92,7.6,27.4,1.8,
7/29/2022,SR1,W-10,Picea ,glauca,47 06 35.36,68 12 51.64,17.0,0,1.7,20,30,2,0.00,49234,35.8,0.1367,0.97,NA,NA,0.75,NA,NA,NA,NA,NA,0.94,NA,NA,NA,NA,NA,0.89,5.4,28.4,6.2,
7/29/2022,SR1,W-11,Picea ,glauca,47 06 34.82,68 12 50.94,18.8,0,1.7,35,10,1,0.00,60059,39.7,0.1386,0.86,NA,NA,0.95,NA,NA,NA,NA,NA,0.94,NA,NA,NA,NA,NA,0.92,4.8,27.2,3.1,
7/29/2022,SR1,W-12,Picea ,glauca,47 06 34.54,68 12 50.64,24.1,0,1.7,40,25,1,0.00,98984,42.4,0.2141,0.97,NA,NA,0.89,NA,NA,NA,NA,NA,0.92,NA,NA,NA,NA,NA,0.93,3.7,27.8,2.5,
7/29/2022,SR1,W-13,Picea ,glauca,47 06 34.44,68 12 50.41,17.5,0,1.7,35,10,2,0.00,52217,50.5,0.2353,0.98,11.17,0.14,0.98,NA,NA,NA,NA,NA,0.97,NA,NA,NA,NA,NA,0.98,5.6,29.2,1.4,
7/29/2022,SR1,R-14,Picea ,glauca,47 06 34.21,68 12 51.30,12.4,0,1.7,35,5,1,0.00,26333,44.0,0.1989,0.98,8.26,0.19,0.98,NA,NA,NA,NA,NA,0.98,NA,NA,NA,NA,NA,0.98,3.9,19.2,1.7,
7/29/2022,SR1,W-15,Picea ,glauca,47 06 33.68,68 12 51.01,24.4,0,1.7,35,10,1,0.00,101079,49.3,0.1515,0.98,8.45,1.30,0.98,NA,NA,NA,NA,NA,0.98,NA,NA,NA,NA,NA,0.98,4.5,27.0,1.3,
7/29/2022,SR1,W-16,Picea ,glauca,47 06 33.08,68 12 51.14,19.1,0,1.7,50,5,1,0.00,61693,32.8,0.2111,0.96,15.95,0.26,0.96,NA,NA,NA,NA,NA,0.96,NA,NA,NA,NA,NA,0.96,5.4,27.0,6.0,
7/29/2022,SR1,W-17,Picea ,glauca,47 06 32.45,68 12 51.41,17.8,1,1.7,35,10,2,0.00,53742,51.5,0.1405,0.82,13.47,2.03,0.82,NA,NA,NA,NA,NA,0.98,NA,NA,NA,NA,NA,0.87,5.5,26.2,4.0,
7/29/2022,SR1,W-18,Picea ,glauca,47 06 32.50,68 12 51.73,23.1,0,1.7,25,20,2,0.00,90824,48.7,0.1832,0.97,9.04,0.23,0.97,NA,NA,NA,NA,NA,0.95,NA,NA,NA,NA,NA,0.96,5.8,28.8,1.2,
7/29/2022,SR1,W-19,Picea ,glauca,47 06 32.05,68 12 52.10,15.2,1,1.7,35,15,2,0.00,39484,45.1,0.1575,0.98,12.25,0.18,0.92,NA,NA,NA,NA,NA,0.98,NA,NA,NA,NA,NA,0.96,4.8,24.6,4.7,
7/29/2022,SR1,W-20,Picea ,glauca,47 06 31.55,68 12 50.75,17.3,0,1.7,50,5,1,0.00,50715,44.8,0.1749,0.96,NA,NA,0.89,NA,NA,NA,NA,NA,0.98,NA,NA,NA,NA,NA,0.94,5.4,30.0,1.6,
7/29/2022,SR1,W-21,Picea ,glauca,47 06 31.78,68 12 51.72,18.3,0,1.7,45,10,1,NA,56857,47.7,0.2946,0.98,NA,NA,0.98,NA,NA,NA,NA,NA,0.96,NA,NA,NA,NA,NA,0.97,5.5,29.4,1.5,
7/29/2022,SR1,W-22,Picea ,glauca,47 06 31.87,68 12 50.60,20.6,0,1.7,35,20,2,0.00,71959,11.8,0.0576,0.96,46.80,NA,0.98,NA,NA,NA,NA,NA,0.98,NA,NA,NA,NA,NA,0.97,4.8,25.8,3.2,
7/29/2022,SR1,W-23,Picea ,glauca,47 06 31.84,68 12 50.43,20.6,0,1.7,30,10,2,0.00,71959,50.5,0.1587,0.98,3.70,0.10,0.92,NA,NA,NA,NA,NA,0.98,NA,NA,NA,NA,NA,0.96,4.8,29.0,2.9,
7/29/2022,SR1,W-24,Picea ,glauca,47 06 32.55,68 12 50.36,25.1,0,1.7,45,30,1,0.00,107495,212.1,0.1397,0.98,NA,0.26,0.97,NA,NA,NA,NA,NA,0.97,NA,NA,NA,NA,NA,0.97,5.9,28.6,3.1,
7/29/2022,SR1,W-25,Picea ,glauca,47 06 36.10,68 12 49.82,3.3,0,2.4,75,0,1,0.92,2617,13.1,0.1504,0.96,10.82,0.10,NA,NA,NA,NA,NA,NA,NA,NA,NA,NA,NA,NA,0.96,NA,14.2,3.3,
,,,,,,,,,,,,,,,,,,,,,,,,,,,,,,,,,,,,
,,,,,,,,,,,,,,,,,,,,,,,,,,,,,,,,,,,,
,,,,,,,,,,,,,,,,,,,,,,,,,,,,,,,,,,,,
,,,,,,,,,,,,,,,,,,,,,,,,,,,,,,,,,,,,
,,,,,,,,,,,,,,,,,,,,,,,,,,,,,,,,,,,,
,,,,,,,,,,,,,,,,,,,,,,,,,,,,,,,,,,,,
,,,,,,,,,,,,,,,,,,,,,,,,,,,,,,,,,,,,
,,,,,,,,,,,,,,,,,,,,,,,,,,,,,,,,,,,,
,,,,,,,,,,,,,,,,,,,,,,,,,,,,,,,,,,,,
,,,,,,,,,,,,,,,,,,,,,,,,,,,,,,,,,,,,
,,,,,,,,,,,,,,,,,,,,,,,,,,,,,,,,,,,,
,,,,,,,,,,,,,,,,,,,,,,,,,,,,,,,,,,,,
,,,,,,,,,,,,,,,,,,,,,,,,,,,,,,,,,,,,
,,,,,,,,,,,,,,,,,,,,,,,,,,,,,,,,,,,,
,,,,,,,,,,,,,,,,,,,,,,,,,,,,,,,,,,,,
,,,,,,,,,,,,,,,,,,,,,,,,,,,,,,,,,,,,
,,,,,,,,,,,,,,,,,,,,,,,,,,,,,,,,,,,,
,,,,,,,,,,,,,,,,,,,,,,,,,,,,,,,,,,,,
,,,,,,,,,,,,,,,,,,,,,,,,,,,,,,,,,,,,
,,,,,,,,,,,,,,,,,,,,,,,,,,,,,,,,,,,,
,,,,,,,,,,,,,,,,,,,,,,,,,,,,,,,,,,,,
,,,,,,,,,,,,,,,,,,,,,,,,,,,,,,,,,,,,
,,,,,,,,,,,,,,,,,,,,,,,,,,,,,,,,,,,,
,,,,,,,,,,,,,,,,,,,,,,,,,,,,,,,,,,,,
,,,,,,,,,,,,,,,,,,,,,,,,,,,,,,,,,,,,
,,,,,,,,,,,,,,,,,,,,,,,,,,,,,,,,,,,,
,,,,,,,,,,,,,,,,,,,,,,,,,,,,,,,,,,,,
,,,,,,,,,,,,,,,,,,,,,,,,,,,,,,,,,,,,
,,,,,,,,,,,,,,,,,,,,,,,,,,,,,,,,,,,,
,,,,,,,,,,,,,,,,,,,,,,,,,,,,,,,,,,,,
,,,,,,,,,,,,,,,,,,,,,,,,,,,,,,,,,,,,
,,,,,,,,,,,,,,,,,,,,,,,,,,,,,,,,,,,,
,,,,,,,,,,,,,,,,,,,,,,,,,,,,,,,,,,,,
,,,,,,,,,,,,,,,,,,,,,,,,,,,,,,,,,,,,
,,,,,,,,,,,,,,,,,,,,,,,,,,,,,,,,,,,,
,,,,,,,,,,,,,,,,,,,,,,,,,,,,,,,,,,,,
,,,,,,,,,,,,,,,,,,,,,,,,,,,,,,,,,,,,
,,,,,,,,,,,,,,,,,,,,,,,,,,,,,,,,,,,,
,,,,,,,,,,,,,,,,,,,,,,,,,,,,,,,,,,,,
,,,,,,,,,,,,,,,,,,,,,,,,,,,,,,,,,,,,
,,,,,,,,,,,,,,,,,,,,,,,,,,,,,,,,,,,,
,,,,,,,,,,,,,,,,,,,,,,,,,,,,,,,,,,,,
,,,,,,,,,,,,,,,,,,,,,,,,,,,,,,,,,,,,
,,,,,,,,,,,,,,,,,,,,,,,,,,,,,,,,,,,,
,,,,,,,,,,,,,,,,,,,,,,,,,,,,,,,,,,,,
,,,,,,,,,,,,,,,,,,,,,,,,,,,,,,,,,,,,
,,,,,,,,,,,,,,,,,,,,,,,,,,,,,,,,,,,,
,,,,,,,,,,,,,,,,,,,,,,,,,,,,,,,,,,,,
,,,,,,,,,,,,,,,,,,,,,,,,,,,,,,,,,,,,
,,,,,,,,,,,,,,,,,,,,,,,,,,,,,,,,,,,,
,,,,,,,,,,,,,,,,,,,,,,,,,,,,,,,,,,,,
,,,,,,,,,,,,,,,,,,,,,,,,,,,,,,,,,,,,
,,,,,,,,,,,,,,,,,,,,,,,,,,,,,,,,,,,,
,,,,,,,,,,,,,,,,,,,,,,,,,,,,,,,,,,,,
,,,,,,,,,,,,,,,,,,,,,,,,,,,,,,,,,,,,
,,,,,,,,,,,,,,,,,,,,,,,,,,,,,,,,,,,,
,,,,,,,,,,,,,,,,,,,,,,,,,,,,,,,,,,,,
,,,,,,,,,,,,,,,,,,,,,,,,,,,,,,,,,,,,
,,,,,,,,,,,,,,,,,,,,,,,,,,,,,,,,,,,,
,,,,,,,,,,,,,,,,,,,,,,,,,,,,,,,,,,,,
,,,,,,,,,,,,,,,,,,,,,,,,,,,,,,,,,,,,
,,,,,,,,,,,,,,,,,,,,,,,,,,,,,,,,,,,,
,,,,,,,,,,,,,,,,,,,,,,,,,,,,,,,,,,,,
,,,,,,,,,,,,,,,,,,,,,,,,,,,,,,,,,,,,
,,,,,,,,,,,,,,,,,,,,,,,,,,,,,,,,,,,,
,,,,,,,,,,,,,,,,,,,,,,,,,,,,,,,,,,,,
,,,,,,,,,,,,,,,,,,,,,,,,,,,,,,,,,,,,
,,,,,,,,,,,,,,,,,,,,,,,,,,,,,,,,,,,,
,,,,,,,,,,,,,,,,,,,,,,,,,,,,,,,,,,,,
,,,,,,,,,,,,,,,,,,,,,,,,,,,,,,,,,,,,
,,,,,,,,,,,,,,,,,,,,,,,,,,,,,,,,,,,,
,,,,,,,,,,,,,,,,,,,,,,,,,,,,,,,,,,,,
,,,,,,,,,,,,,,,,,,,,,,,,,,,,,,,,,,,,
,,,,,,,,,,,,,,,,,,,,,,,,,,,,,,,,,,,,
,,,,,,,,,,,,,,,,,,,,,,,,,,,,,,,,,,,,
,,,,,,,,,,,,,,,,,,,,,,,,,,,,,,,,,,,,
,,,,,,,,,,,,,,,,,,,,,,,,,,,,,,,,,,,,
,,,,,,,,,,,,,,,,,,,,,,,,,,,,,,,,,,,,
,,,,,,,,,,,,,,,,,,,,,,,,,,,,,,,,,,,,
,,,,,,,,,,,,,,,,,,,,,,,,,,,,,,,,,,,,
,,,,,,,,,,,,,,,,,,,,,,,,,,,,,,,,,,,,
,,,,,,,,,,,,,,,,,,,,,,,,,,,,,,,,,,,,
,,,,,,,,,,,,,,,,,,,,,,,,,,,,,,,,,,,,
,,,,,,,,,,,,,,,,,,,,,,,,,,,,,,,,,,,,
,,,,,,,,,,,,,,,,,,,,,,,,,,,,,,,,,,,,
,,,,,,,,,,,,,,,,,,,,,,,,,,,,,,,,,,,,
,,,,,,,,,,,,,,,,,,,,,,,,,,,,,,,,,,,,
,,,,,,,,,,,,,,,,,,,,,,,,,,,,,,,,,,,,
,,,,,,,,,,,,,,,,,,,,,,,,,,,,,,,,,,,,
,,,,,,,,,,,,,,,,,,,,,,,,,,,,,,,,,,,,
,,,,,,,,,,,,,,,,,,,,,,,,,,,,,,,,,,,,
,,,,,,,,,,,,,,,,,,,,,,,,,,,,,,,,,,,,
,,,,,,,,,,,,,,,,,,,,,,,,,,,,,,,,,,,,
,,,,,,,,,,,,,,,,,,,,,,,,,,,,,,,,,,,,
,,,,,,,,,,,,,,,,,,,,,,,,,,,,,,,,,,,,
,,,,,,,,,,,,,,,,,,,,,,,,,,,,,,,,,,,,
,,,,,,,,,,,,,,,,,,,,,,,,,,,,,,,,,,,,
,,,,,,,,,,,,,,,,,,,,,,,,,,,,,,,,,,,,
,,,,,,,,,,,,,,,,,,,,,,,,,,,,,,,,,,,,
,,,,,,,,,,,,,,,,,,,,,,,,,,,,,,,,,,,,
,,,,,,,,,,,,,,,,,,,,,,,,,,,,,,,,,,,,
,,,,,,,,,,,,,,,,,,,,,,,,,,,,,,,,,,,,
,,,,,,,,,,,,,,,,,,,,,,,,,,,,,,,,,,,,
,,,,,,,,,,,,,,,,,,,,,,,,,,,,,,,,,,,,
,,,,,,,,,,,,,,,,,,,,,,,,,,,,,,,,,,,,
,,,,,,,,,,,,,,,,,,,,,,,,,,,,,,,,,,,,
,,,,,,,,,,,,,,,,,,,,,,,,,,,,,,,,,,,,
,,,,,,,,,,,,,,,,,,,,,,,,,,,,,,,,,,,,
,,,,,,,,,,,,,,,,,,,,,,,,,,,,,,,,,,,,
,,,,,,,,,,,,,,,,,,,,,,,,,,,,,,,,,,,,
,,,,,,,,,,,,,,,,,,,,,,,,,,,,,,,,,,,,
,,,,,,,,,,,,,,,,,,,,,,,,,,,,,,,,,,,,
,,,,,,,,,,,,,,,,,,,,,,,,,,,,,,,,,,,,
,,,,,,,,,,,,,,,,,,,,,,,,,,,,,,,,,,,,
,,,,,,,,,,,,,,,,,,,,,,,,,,,,,,,,,,,,
,,,,,,,,,,,,,,,,,,,,,,,,,,,,,,,,,,,,
,,,,,,,,,,,,,,,,,,,,,,,,,,,,,,,,,,,,
,,,,,,,,,,,,,,,,,,,,,,,,,,,,,,,,,,,,
,,,,,,,,,,,,,,,,,,,,,,,,,,,,,,,,,,,,
,,,,,,,,,,,,,,,,,,,,,,,,,,,,,,,,,,,,
,,,,,,,,,,,,,,,,,,,,,,,,,,,,,,,,,,,,
,,,,,,,,,,,,,,,,,,,,,,,,,,,,,,,,,,,,
,,,,,,,,,,,,,,,,,,,,,,,,,,,,,,,,,,,,
,,,,,,,,,,,,,,,,,,,,,,,,,,,,,,,,,,,,
,,,,,,,,,,,,,,,,,,,,,,,,,,,,,,,,,,,,
,,,,,,,,,,,,,,,,,,,,,,,,,,,,,,,,,,,,
,,,,,,,,,,,,,,,,,,,,,,,,,,,,,,,,,,,,
,,,,,,,,,,,,,,,,,,,,,,,,,,,,,,,,,,,,
,,,,,,,,,,,,,,,,,,,,,,,,,,,,,,,,,,,,
,,,,,,,,,,,,,,,,,,,,,,,,,,,,,,,,,,,,
,,,,,,,,,,,,,,,,,,,,,,,,,,,,,,,,,,,,
,,,,,,,,,,,,,,,,,,,,,,,,,,,,,,,,,,,,
,,,,,,,,,,,,,,,,,,,,,,,,,,,,,,,,,,,,
,,,,,,,,,,,,,,,,,,,,,,,,,,,,,,,,,,,,
,,,,,,,,,,,,,,,,,,,,,,,,,,,,,,,,,,,,
,,,,,,,,,,,,,,,,,,,,,,,,,,,,,,,,,,,,
,,,,,,,,,,,,,,,,,,,,,,,,,,,,,,,,,,,,
,,,,,,,,,,,,,,,,,,,,,,,,,,,,,,,,,,,,
,,,,,,,,,,,,,,,,,,,,,,,,,,,,,,,,,,,,
,,,,,,,,,,,,,,,,,,,,,,,,,,,,,,,,,,,,
,,,,,,,,,,,,,,,,,,,,,,,,,,,,,,,,,,,,
,,,,,,,,,,,,,,,,,,,,,,,,,,,,,,,,,,,,
,,,,,,,,,,,,,,,,,,,,,,,,,,,,,,,,,,,,
,,,,,,,,,,,,,,,,,,,,,,,,,,,,,,,,,,,,
,,,,,,,,,,,,,,,,,,,,,,,,,,,,,,,,,,,,
,,,,,,,,,,,,,,,,,,,,,,,,,,,,,,,,,,,,
,,,,,,,,,,,,,,,,,,,,,,,,,,,,,,,,,,,,
,,,,,,,,,,,,,,,,,,,,,,,,,,,,,,,,,,,,
,,,,,,,,,,,,,,,,,,,,,,,,,,,,,,,,,,,,
,,,,,,,,,,,,,,,,,,,,,,,,,,,,,,,,,,,,
,,,,,,,,,,,,,,,,,,,,,,,,,,,,,,,,,,,,
,,,,,,,,,,,,,,,,,,,,,,,,,,,,,,,,,,,,
,,,,,,,,,,,,,,,,,,,,,,,,,,,,,,,,,,,,
,,,,,,,,,,,,,,,,,,,,,,,,,,,,,,,,,,,,
,,,,,,,,,,,,,,,,,,,,,,,,,,,,,,,,,,,,
,,,,,,,,,,,,,,,,,,,,,,,,,,,,,,,,,,,,
,,,,,,,,,,,,,,,,,,,,,,,,,,,,,,,,,,,,
,,,,,,,,,,,,,,,,,,,,,,,,,,,,,,,,,,,,
,,,,,,,,,,,,,,,,,,,,,,,,,,,,,,,,,,,,
,,,,,,,,,,,,,,,,,,,,,,,,,,,,,,,,,,,,
,,,,,,,,,,,,,,,,,,,,,,,,,,,,,,,,,,,,
,,,,,,,,,,,,,,,,,,,,,,,,,,,,,,,,,,,,
,,,,,,,,,,,,,,,,,,,,,,,,,,,,,,,,,,,,
,,,,,,,,,,,,,,,,,,,,,,,,,,,,,,,,,,,,
,,,,,,,,,,,,,,,,,,,,,,,,,,,,,,,,,,,,
,,,,,,,,,,,,,,,,,,,,,,,,,,,,,,,,,,,,
,,,,,,,,,,,,,,,,,,,,,,,,,,,,,,,,,,,,
,,,,,,,,,,,,,,,,,,,,,,,,,,,,,,,,,,,,
,,,,,,,,,,,,,,,,,,,,,,,,,,,,,,,,,,,,
,,,,,,,,,,,,,,,,,,,,,,,,,,,,,,,,,,,,
,,,,,,,,,,,,,,,,,,,,,,,,,,,,,,,,,,,,
,,,,,,,,,,,,,,,,,,,,,,,,,,,,,,,,,,,,
,,,,,,,,,,,,,,,,,,,,,,,,,,,,,,,,,,,,
,,,,,,,,,,,,,,,,,,,,,,,,,,,,,,,,,,,,
,,,,,,,,,,,,,,,,,,,,,,,,,,,,,,,,,,,,
,,,,,,,,,,,,,,,,,,,,,,,,,,,,,,,,,,,,
,,,,,,,,,,,,,,,,,,,,,,,,,,,,,,,,,,,,
,,,,,,,,,,,,,,,,,,,,,,,,,,,,,,,,,,,,
,,,,,,,,,,,,,,,,,,,,,,,,,,,,,,,,,,,,
,,,,,,,,,,,,,,,,,,,,,,,,,,,,,,,,,,,,
,,,,,,,,,,,,,,,,,,,,,,,,,,,,,,,,,,,,
,,,,,,,,,,,,,,,,,,,,,,,,,,,,,,,,,,,,
,,,,,,,,,,,,,,,,,,,,,,,,,,,,,,,,,,,,
,,,,,,,,,,,,,,,,,,,,,,,,,,,,,,,,,,,,
,,,,,,,,,,,,,,,,,,,,,,,,,,,,,,,,,,,,
,,,,,,,,,,,,,,,,,,,,,,,,,,,,,,,,,,,,
,,,,,,,,,,,,,,,,,,,,,,,,,,,,,,,,,,,,
,,,,,,,,,,,,,,,,,,,,,,,,,,,,,,,,,,,,
,,,,,,,,,,,,,,,,,,,,,,,,,,,,,,,,,,,,
,,,,,,,,,,,,,,,,,,,,,,,,,,,,,,,,,,,,
,,,,,,,,,,,,,,,,,,,,,,,,,,,,,,,,,,,,
,,,,,,,,,,,,,,,,,,,,,,,,,,,,,,,,,,,,
,,,,,,,,,,,,,,,,,,,,,,,,,,,,,,,,,,,,
,,,,,,,,,,,,,,,,,,,,,,,,,,,,,,,,,,,,
,,,,,,,,,,,,,,,,,,,,,,,,,,,,,,,,,,,,
,,,,,,,,,,,,,,,,,,,,,,,,,,,,,,,,,,,,
,,,,,,,,,,,,,,,,,,,,,,,,,,,,,,,,,,,,
,,,,,,,,,,,,,,,,,,,,,,,,,,,,,,,,,,,,
,,,,,,,,,,,,,,,,,,,,,,,,,,,,,,,,,,,,
,,,,,,,,,,,,,,,,,,,,,,,,,,,,,,,,,,,,
,,,,,,,,,,,,,,,,,,,,,,,,,,,,,,,,,,,,
,,,,,,,,,,,,,,,,,,,,,,,,,,,,,,,,,,,,
,,,,,,,,,,,,,,,,,,,,,,,,,,,,,,,,,,,,
,,,,,,,,,,,,,,,,,,,,,,,,,,,,,,,,,,,,
,,,,,,,,,,,,,,,,,,,,,,,,,,,,,,,,,,,,
,,,,,,,,,,,,,,,,,,,,,,,,,,,,,,,,,,,,
,,,,,,,,,,,,,,,,,,,,,,,,,,,,,,,,,,,,
,,,,,,,,,,,,,,,,,,,,,,,,,,,,,,,,,,,,
,,,,,,,,,,,,,,,,,,,,,,,,,,,,,,,,,,,,
,,,,,,,,,,,,,,,,,,,,,,,,,,,,,,,,,,,,
,,,,,,,,,,,,,,,,,,,,,,,,,,,,,,,,,,,,
,,,,,,,,,,,,,,,,,,,,,,,,,,,,,,,,,,,,
,,,,,,,,,,,,,,,,,,,,,,,,,,,,,,,,,,,,
,,,,,,,,,,,,,,,,,,,,,,,,,,,,,,,,,,,,
,,,,,,,,,,,,,,,,,,,,,,,,,,,,,,,,,,,,
,,,,,,,,,,,,,,,,,,,,,,,,,,,,,,,,,,,,
,,,,,,,,,,,,,,,,,,,,,,,,,,,,,,,,,,,,
,,,,,,,,,,,,,,,,,,,,,,,,,,,,,,,,,,,,
,,,,,,,,,,,,,,,,,,,,,,,,,,,,,,,,,,,,
,,,,,,,,,,,,,,,,,,,,,,,,,,,,,,,,,,,,
,,,,,,,,,,,,,,,,,,,,,,,,,,,,,,,,,,,,
,,,,,,,,,,,,,,,,,,,,,,,,,,,,,,,,,,,,
,,,,,,,,,,,,,,,,,,,,,,,,,,,,,,,,,,,,
,,,,,,,,,,,,,,,,,,,,,,,,,,,,,,,,,,,,
,,,,,,,,,,,,,,,,,,,,,,,,,,,,,,,,,,,,
,,,,,,,,,,,,,,,,,,,,,,,,,,,,,,,,,,,,
,,,,,,,,,,,,,,,,,,,,,,,,,,,,,,,,,,,,
,,,,,,,,,,,,,,,,,,,,,,,,,,,,,,,,,,,,
,,,,,,,,,,,,,,,,,,,,,,,,,,,,,,,,,,,,
,,,,,,,,,,,,,,,,,,,,,,,,,,,,,,,,,,,,
,,,,,,,,,,,,,,,,,,,,,,,,,,,,,,,,,,,,
,,,,,,,,,,,,,,,,,,,,,,,,,,,,,,,,,,,,
,,,,,,,,,,,,,,,,,,,,,,,,,,,,,,,,,,,,
,,,,,,,,,,,,,,,,,,,,,,,,,,,,,,,,,,,,
,,,,,,,,,,,,,,,,,,,,,,,,,,,,,,,,,,,,
,,,,,,,,,,,,,,,,,,,,,,,,,,,,,,,,,,,,
,,,,,,,,,,,,,,,,,,,,,,,,,,,,,,,,,,,,
,,,,,,,,,,,,,,,,,,,,,,,,,,,,,,,,,,,,
,,,,,,,,,,,,,,,,,,,,,,,,,,,,,,,,,,,,
,,,,,,,,,,,,,,,,,,,,,,,,,,,,,,,,,,,,
,,,,,,,,,,,,,,,,,,,,,,,,,,,,,,,,,,,,
,,,,,,,,,,,,,,,,,,,,,,,,,,,,,,,,,,,,
,,,,,,,,,,,,,,,,,,,,,,,,,,,,,,,,,,,,
,,,,,,,,,,,,,,,,,,,,,,,,,,,,,,,,,,,,
,,,,,,,,,,,,,,,,,,,,,,,,,,,,,,,,,,,,
,,,,,,,,,,,,,,,,,,,,,,,,,,,,,,,,,,,,
,,,,,,,,,,,,,,,,,,,,,,,,,,,,,,,,,,,,
,,,,,,,,,,,,,,,,,,,,,,,,,,,,,,,,,,,,
,,,,,,,,,,,,,,,,,,,,,,,,,,,,,,,,,,,,
,,,,,,,,,,,,,,,,,,,,,,,,,,,,,,,,,,,,
,,,,,,,,,,,,,,,,,,,,,,,,,,,,,,,,,,,,
,,,,,,,,,,,,,,,,,,,,,,,,,,,,,,,,,,,,
,,,,,,,,,,,,,,,,,,,,,,,,,,,,,,,,,,,,
,,,,,,,,,,,,,,,,,,,,,,,,,,,,,,,,,,,,
,,,,,,,,,,,,,,,,,,,,,,,,,,,,,,,,,,,,
,,,,,,,,,,,,,,,,,,,,,,,,,,,,,,,,,,,,
,,,,,,,,,,,,,,,,,,,,,,,,,,,,,,,,,,,,
,,,,,,,,,,,,,,,,,,,,,,,,,,,,,,,,,,,,
,,,,,,,,,,,,,,,,,,,,,,,,,,,,,,,,,,,,
,,,,,,,,,,,,,,,,,,,,,,,,,,,,,,,,,,,,
,,,,,,,,,,,,,,,,,,,,,,,,,,,,,,,,,,,,
,,,,,,,,,,,,,,,,,,,,,,,,,,,,,,,,,,,,
,,,,,,,,,,,,,,,,,,,,,,,,,,,,,,,,,,,,
,,,,,,,,,,,,,,,,,,,,,,,,,,,,,,,,,,,,
,,,,,,,,,,,,,,,,,,,,,,,,,,,,,,,,,,,,
,,,,,,,,,,,,,,,,,,,,,,,,,,,,,,,,,,,,
,,,,,,,,,,,,,,,,,,,,,,,,,,,,,,,,,,,,
,,,,,,,,,,,,,,,,,,,,,,,,,,,,,,,,,,,,
,,,,,,,,,,,,,,,,,,,,,,,,,,,,,,,,,,,,
,,,,,,,,,,,,,,,,,,,,,,,,,,,,,,,,,,,,
,,,,,,,,,,,,,,,,,,,,,,,,,,,,,,,,,,,,
,,,,,,,,,,,,,,,,,,,,,,,,,,,,,,,,,,,,
,,,,,,,,,,,,,,,,,,,,,,,,,,,,,,,,,,,,
,,,,,,,,,,,,,,,,,,,,,,,,,,,,,,,,,,,,
,,,,,,,,,,,,,,,,,,,,,,,,,,,,,,,,,,,,
,,,,,,,,,,,,,,,,,,,,,,,,,,,,,,,,,,,,
,,,,,,,,,,,,,,,,,,,,,,,,,,,,,,,,,,,,
,,,,,,,,,,,,,,,,,,,,,,,,,,,,,,,,,,,,
,,,,,,,,,,,,,,,,,,,,,,,,,,,,,,,,,,,,
,,,,,,,,,,,,,,,,,,,,,,,,,,,,,,,,,,,,
,,,,,,,,,,,,,,,,,,,,,,,,,,,,,,,,,,,,
,,,,,,,,,,,,,,,,,,,,,,,,,,,,,,,,,,,,
,,,,,,,,,,,,,,,,,,,,,,,,,,,,,,,,,,,,
,,,,,,,,,,,,,,,,,,,,,,,,,,,,,,,,,,,,
,,,,,,,,,,,,,,,,,,,,,,,,,,,,,,,,,,,,
,,,,,,,,,,,,,,,,,,,,,,,,,,,,,,,,,,,,
,,,,,,,,,,,,,,,,,,,,,,,,,,,,,,,,,,,,
,,,,,,,,,,,,,,,,,,,,,,,,,,,,,,,,,,,,
,,,,,,,,,,,,,,,,,,,,,,,,,,,,,,,,,,,,
,,,,,,,,,,,,,,,,,,,,,,,,,,,,,,,,,,,,
,,,,,,,,,,,,,,,,,,,,,,,,,,,,,,,,,,,,
,,,,,,,,,,,,,,,,,,,,,,,,,,,,,,,,,,,,
,,,,,,,,,,,,,,,,,,,,,,,,,,,,,,,,,,,,
,,,,,,,,,,,,,,,,,,,,,,,,,,,,,,,,,,,,
,,,,,,,,,,,,,,,,,,,,,,,,,,,,,,,,,,,,
,,,,,,,,,,,,,,,,,,,,,,,,,,,,,,,,,,,,
,,,,,,,,,,,,,,,,,,,,,,,,,,,,,,,,,,,,
,,,,,,,,,,,,,,,,,,,,,,,,,,,,,,,,,,,,
,,,,,,,,,,,,,,,,,,,,,,,,,,,,,,,,,,,,
,,,,,,,,,,,,,,,,,,,,,,,,,,,,,,,,,,,,
,,,,,,,,,,,,,,,,,,,,,,,,,,,,,,,,,,,,
,,,,,,,,,,,,,,,,,,,,,,,,,,,,,,,,,,,,
,,,,,,,,,,,,,,,,,,,,,,,,,,,,,,,,,,,,
,,,,,,,,,,,,,,,,,,,,,,,,,,,,,,,,,,,,
,,,,,,,,,,,,,,,,,,,,,,,,,,,,,,,,,,,,
,,,,,,,,,,,,,,,,,,,,,,,,,,,,,,,,,,,,
,,,,,,,,,,,,,,,,,,,,,,,,,,,,,,,,,,,,
,,,,,,,,,,,,,,,,,,,,,,,,,,,,,,,,,,,,
,,,,,,,,,,,,,,,,,,,,,,,,,,,,,,,,,,,,
,,,,,,,,,,,,,,,,,,,,,,,,,,,,,,,,,,,,
,,,,,,,,,,,,,,,,,,,,,,,,,,,,,,,,,,,,
,,,,,,,,,,,,,,,,,,,,,,,,,,,,,,,,,,,,
,,,,,,,,,,,,,,,,,,,,,,,,,,,,,,,,,,,,
,,,,,,,,,,,,,,,,,,,,,,,,,,,,,,,,,,,,
,,,,,,,,,,,,,,,,,,,,,,,,,,,,,,,,,,,,
,,,,,,,,,,,,,,,,,,,,,,,,,,,,,,,,,,,,
,,,,,,,,,,,,,,,,,,,,,,,,,,,,,,,,,,,,
,,,,,,,,,,,,,,,,,,,,,,,,,,,,,,,,,,,,
,,,,,,,,,,,,,,,,,,,,,,,,,,,,,,,,,,,,
,,,,,,,,,,,,,,,,,,,,,,,,,,,,,,,,,,,,
,,,,,,,,,,,,,,,,,,,,,,,,,,,,,,,,,,,,
,,,,,,,,,,,,,,,,,,,,,,,,,,,,,,,,,,,,
,,,,,,,,,,,,,,,,,,,,,,,,,,,,,,,,,,,,
,,,,,,,,,,,,,,,,,,,,,,,,,,,,,,,,,,,,
,,,,,,,,,,,,,,,,,,,,,,,,,,,,,,,,,,,,
,,,,,,,,,,,,,,,,,,,,,,,,,,,,,,,,,,,,
,,,,,,,,,,,,,,,,,,,,,,,,,,,,,,,,,,,,
,,,,,,,,,,,,,,,,,,,,,,,,,,,,,,,,,,,,
,,,,,,,,,,,,,,,,,,,,,,,,,,,,,,,,,,,,
,,,,,,,,,,,,,,,,,,,,,,,,,,,,,,,,,,,,
,,,,,,,,,,,,,,,,,,,,,,,,,,,,,,,,,,,,
,,,,,,,,,,,,,,,,,,,,,,,,,,,,,,,,,,,,
,,,,,,,,,,,,,,,,,,,,,,,,,,,,,,,,,,,,
,,,,,,,,,,,,,,,,,,,,,,,,,,,,,,,,,,,,
,,,,,,,,,,,,,,,,,,,,,,,,,,,,,,,,,,,,
,,,,,,,,,,,,,,,,,,,,,,,,,,,,,,,,,,,,
,,,,,,,,,,,,,,,,,,,,,,,,,,,,,,,,,,,,
,,,,,,,,,,,,,,,,,,,,,,,,,,,,,,,,,,,,
,,,,,,,,,,,,,,,,,,,,,,,,,,,,,,,,,,,,
,,,,,,,,,,,,,,,,,,,,,,,,,,,,,,,,,,,,
,,,,,,,,,,,,,,,,,,,,,,,,,,,,,,,,,,,,
,,,,,,,,,,,,,,,,,,,,,,,,,,,,,,,,,,,,
,,,,,,,,,,,,,,,,,,,,,,,,,,,,,,,,,,,,
,,,,,,,,,,,,,,,,,,,,,,,,,,,,,,,,,,,,
,,,,,,,,,,,,,,,,,,,,,,,,,,,,,,,,,,,,
,,,,,,,,,,,,,,,,,,,,,,,,,,,,,,,,,,,,
,,,,,,,,,,,,,,,,,,,,,,,,,,,,,,,,,,,,
,,,,,,,,,,,,,,,,,,,,,,,,,,,,,,,,,,,,
,,,,,,,,,,,,,,,,,,,,,,,,,,,,,,,,,,,,
,,,,,,,,,,,,,,,,,,,,,,,,,,,,,,,,,,,,
,,,,,,,,,,,,,,,,,,,,,,,,,,,,,,,,,,,,
,,,,,,,,,,,,,,,,,,,,,,,,,,,,,,,,,,,,
,,,,,,,,,,,,,,,,,,,,,,,,,,,,,,,,,,,,
,,,,,,,,,,,,,,,,,,,,,,,,,,,,,,,,,,,,
,,,,,,,,,,,,,,,,,,,,,,,,,,,,,,,,,,,,
,,,,,,,,,,,,,,,,,,,,,,,,,,,,,,,,,,,,
,,,,,,,,,,,,,,,,,,,,,,,,,,,,,,,,,,,,
,,,,,,,,,,,,,,,,,,,,,,,,,,,,,,,,,,,,
,,,,,,,,,,,,,,,,,,,,,,,,,,,,,,,,,,,,
,,,,,,,,,,,,,,,,,,,,,,,,,,,,,,,,,,,,
,,,,,,,,,,,,,,,,,,,,,,,,,,,,,,,,,,,,
,,,,,,,,,,,,,,,,,,,,,,,,,,,,,,,,,,,,
,,,,,,,,,,,,,,,,,,,,,,,,,,,,,,,,,,,,
,,,,,,,,,,,,,,,,,,,,,,,,,,,,,,,,,,,,
,,,,,,,,,,,,,,,,,,,,,,,,,,,,,,,,,,,,
,,,,,,,,,,,,,,,,,,,,,,,,,,,,,,,,,,,,
,,,,,,,,,,,,,,,,,,,,,,,,,,,,,,,,,,,,
,,,,,,,,,,,,,,,,,,,,,,,,,,,,,,,,,,,,
,,,,,,,,,,,,,,,,,,,,,,,,,,,,,,,,,,,,
,,,,,,,,,,,,,,,,,,,,,,,,,,,,,,,,,,,,
,,,,,,,,,,,,,,,,,,,,,,,,,,,,,,,,,,,,
,,,,,,,,,,,,,,,,,,,,,,,,,,,,,,,,,,,,
,,,,,,,,,,,,,,,,,,,,,,,,,,,,,,,,,,,,
,,,,,,,,,,,,,,,,,,,,,,,,,,,,,,,,,,,,
,,,,,,,,,,,,,,,,,,,,,,,,,,,,,,,,,,,,
,,,,,,,,,,,,,,,,,,,,,,,,,,,,,,,,,,,,
,,,,,,,,,,,,,,,,,,,,,,,,,,,,,,,,,,,,
,,,,,,,,,,,,,,,,,,,,,,,,,,,,,,,,,,,,
,,,,,,,,,,,,,,,,,,,,,,,,,,,,,,,,,,,,
,,,,,,,,,,,,,,,,,,,,,,,,,,,,,,,,,,,,
,,,,,,,,,,,,,,,,,,,,,,,,,,,,,,,,,,,,
,,,,,,,,,,,,,,,,,,,,,,,,,,,,,,,,,,,,
,,,,,,,,,,,,,,,,,,,,,,,,,,,,,,,,,,,,
,,,,,,,,,,,,,,,,,,,,,,,,,,,,,,,,,,,,
,,,,,,,,,,,,,,,,,,,,,,,,,,,,,,,,,,,,
,,,,,,,,,,,,,,,,,,,,,,,,,,,,,,,,,,,,
,,,,,,,,,,,,,,,,,,,,,,,,,,,,,,,,,,,,
,,,,,,,,,,,,,,,,,,,,,,,,,,,,,,,,,,,,
,,,,,,,,,,,,,,,,,,,,,,,,,,,,,,,,,,,,
,,,,,,,,,,,,,,,,,,,,,,,,,,,,,,,,,,,,
,,,,,,,,,,,,,,,,,,,,,,,,,,,,,,,,,,,,
,,,,,,,,,,,,,,,,,,,,,,,,,,,,,,,,,,,,
,,,,,,,,,,,,,,,,,,,,,,,,,,,,,,,,,,,,
,,,,,,,,,,,,,,,,,,,,,,,,,,,,,,,,,,,,
,,,,,,,,,,,,,,,,,,,,,,,,,,,,,,,,,,,,
,,,,,,,,,,,,,,,,,,,,,,,,,,,,,,,,,,,,
,,,,,,,,,,,,,,,,,,,,,,,,,,,,,,,,,,,,
,,,,,,,,,,,,,,,,,,,,,,,,,,,,,,,,,,,,
,,,,,,,,,,,,,,,,,,,,,,,,,,,,,,,,,,,,
,,,,,,,,,,,,,,,,,,,,,,,,,,,,,,,,,,,,
,,,,,,,,,,,,,,,,,,,,,,,,,,,,,,,,,,,,
,,,,,,,,,,,,,,,,,,,,,,,,,,,,,,,,,,,,
,,,,,,,,,,,,,,,,,,,,,,,,,,,,,,,,,,,,
,,,,,,,,,,,,,,,,,,,,,,,,,,,,,,,,,,,,
,,,,,,,,,,,,,,,,,,,,,,,,,,,,,,,,,,,,
,,,,,,,,,,,,,,,,,,,,,,,,,,,,,,,,,,,,
,,,,,,,,,,,,,,,,,,,,,,,,,,,,,,,,,,,,
,,,,,,,,,,,,,,,,,,,,,,,,,,,,,,,,,,,,
,,,,,,,,,,,,,,,,,,,,,,,,,,,,,,,,,,,,
,,,,,,,,,,,,,,,,,,,,,,,,,,,,,,,,,,,,
,,,,,,,,,,,,,,,,,,,,,,,,,,,,,,,,,,,,
,,,,,,,,,,,,,,,,,,,,,,,,,,,,,,,,,,,,
,,,,,,,,,,,,,,,,,,,,,,,,,,,,,,,,,,,,
,,,,,,,,,,,,,,,,,,,,,,,,,,,,,,,,,,,,
,,,,,,,,,,,,,,,,,,,,,,,,,,,,,,,,,,,,
,,,,,,,,,,,,,,,,,,,,,,,,,,,,,,,,,,,,
,,,,,,,,,,,,,,,,,,,,,,,,,,,,,,,,,,,,
,,,,,,,,,,,,,,,,,,,,,,,,,,,,,,,,,,,,
,,,,,,,,,,,,,,,,,,,,,,,,,,,,,,,,,,,,
,,,,,,,,,,,,,,,,,,,,,,,,,,,,,,,,,,,,
,,,,,,,,,,,,,,,,,,,,,,,,,,,,,,,,,,,,
,,,,,,,,,,,,,,,,,,,,,,,,,,,,,,,,,,,,
,,,,,,,,,,,,,,,,,,,,,,,,,,,,,,,,,,,,
,,,,,,,,,,,,,,,,,,,,,,,,,,,,,,,,,,,,
,,,,,,,,,,,,,,,,,,,,,,,,,,,,,,,,,,,,
,,,,,,,,,,,,,,,,,,,,,,,,,,,,,,,,,,,,
,,,,,,,,,,,,,,,,,,,,,,,,,,,,,,,,,,,,
,,,,,,,,,,,,,,,,,,,,,,,,,,,,,,,,,,,,
,,,,,,,,,,,,,,,,,,,,,,,,,,,,,,,,,,,,
,,,,,,,,,,,,,,,,,,,,,,,,,,,,,,,,,,,,
,,,,,,,,,,,,,,,,,,,,,,,,,,,,,,,,,,,,
,,,,,,,,,,,,,,,,,,,,,,,,,,,,,,,,,,,,
,,,,,,,,,,,,,,,,,,,,,,,,,,,,,,,,,,,,
,,,,,,,,,,,,,,,,,,,,,,,,,,,,,,,,,,,,
,,,,,,,,,,,,,,,,,,,,,,,,,,,,,,,,,,,,
,,,,,,,,,,,,,,,,,,,,,,,,,,,,,,,,,,,,
,,,,,,,,,,,,,,,,,,,,,,,,,,,,,,,,,,,,
,,,,,,,,,,,,,,,,,,,,,,,,,,,,,,,,,,,,
,,,,,,,,,,,,,,,,,,,,,,,,,,,,,,,,,,,,
,,,,,,,,,,,,,,,,,,,,,,,,,,,,,,,,,,,,
,,,,,,,,,,,,,,,,,,,,,,,,,,,,,,,,,,,,
,,,,,,,,,,,,,,,,,,,,,,,,,,,,,,,,,,,,
,,,,,,,,,,,,,,,,,,,,,,,,,,,,,,,,,,,,
,,,,,,,,,,,,,,,,,,,,,,,,,,,,,,,,,,,,
,,,,,,,,,,,,,,,,,,,,,,,,,,,,,,,,,,,,
,,,,,,,,,,,,,,,,,,,,,,,,,,,,,,,,,,,,
,,,,,,,,,,,,,,,,,,,,,,,,,,,,,,,,,,,,
,,,,,,,,,,,,,,,,,,,,,,,,,,,,,,,,,,,,
,,,,,,,,,,,,,,,,,,,,,,,,,,,,,,,,,,,,
,,,,,,,,,,,,,,,,,,,,,,,,,,,,,,,,,,,,
,,,,,,,,,,,,,,,,,,,,,,,,,,,,,,,,,,,,
,,,,,,,,,,,,,,,,,,,,,,,,,,,,,,,,,,,,
,,,,,,,,,,,,,,,,,,,,,,,,,,,,,,,,,,,,
,,,,,,,,,,,,,,,,,,,,,,,,,,,,,,,,,,,,
,,,,,,,,,,,,,,,,,,,,,,,,,,,,,,,,,,,,
,,,,,,,,,,,,,,,,,,,,,,,,,,,,,,,,,,,,
,,,,,,,,,,,,,,,,,,,,,,,,,,,,,,,,,,,,
,,,,,,,,,,,,,,,,,,,,,,,,,,,,,,,,,,,,
,,,,,,,,,,,,,,,,,,,,,,,,,,,,,,,,,,,,
,,,,,,,,,,,,,,,,,,,,,,,,,,,,,,,,,,,,
,,,,,,,,,,,,,,,,,,,,,,,,,,,,,,,,,,,,
,,,,,,,,,,,,,,,,,,,,,,,,,,,,,,,,,,,,
,,,,,,,,,,,,,,,,,,,,,,,,,,,,,,,,,,,,
,,,,,,,,,,,,,,,,,,,,,,,,,,,,,,,,,,,,
,,,,,,,,,,,,,,,,,,,,,,,,,,,,,,,,,,,,
,,,,,,,,,,,,,,,,,,,,,,,,,,,,,,,,,,,,
,,,,,,,,,,,,,,,,,,,,,,,,,,,,,,,,,,,,
,,,,,,,,,,,,,,,,,,,,,,,,,,,,,,,,,,,,
,,,,,,,,,,,,,,,,,,,,,,,,,,,,,,,,,,,,
,,,,,,,,,,,,,,,,,,,,,,,,,,,,,,,,,,,,
,,,,,,,,,,,,,,,,,,,,,,,,,,,,,,,,,,,,
,,,,,,,,,,,,,,,,,,,,,,,,,,,,,,,,,,,,
,,,,,,,,,,,,,,,,,,,,,,,,,,,,,,,,,,,,
,,,,,,,,,,,,,,,,,,,,,,,,,,,,,,,,,,,,
,,,,,,,,,,,,,,,,,,,,,,,,,,,,,,,,,,,,
,,,,,,,,,,,,,,,,,,,,,,,,,,,,,,,,,,,,
,,,,,,,,,,,,,,,,,,,,,,,,,,,,,,,,,,,,
,,,,,,,,,,,,,,,,,,,,,,,,,,,,,,,,,,,,
,,,,,,,,,,,,,,,,,,,,,,,,,,,,,,,,,,,,
,,,,,,,,,,,,,,,,,,,,,,,,,,,,,,,,,,,,
,,,,,,,,,,,,,,,,,,,,,,,,,,,,,,,,,,,,
,,,,,,,,,,,,,,,,,,,,,,,,,,,,,,,,,,,,
,,,,,,,,,,,,,,,,,,,,,,,,,,,,,,,,,,,,
,,,,,,,,,,,,,,,,,,,,,,,,,,,,,,,,,,,,
,,,,,,,,,,,,,,,,,,,,,,,,,,,,,,,,,,,,
,,,,,,,,,,,,,,,,,,,,,,,,,,,,,,,,,,,,
,,,,,,,,,,,,,,,,,,,,,,,,,,,,,,,,,,,,
,,,,,,,,,,,,,,,,,,,,,,,,,,,,,,,,,,,,
,,,,,,,,,,,,,,,,,,,,,,,,,,,,,,,,,,,,
,,,,,,,,,,,,,,,,,,,,,,,,,,,,,,,,,,,,
,,,,,,,,,,,,,,,,,,,,,,,,,,,,,,,,,,,,
,,,,,,,,,,,,,,,,,,,,,,,,,,,,,,,,,,,,
,,,,,,,,,,,,,,,,,,,,,,,,,,,,,,,,,,,,
,,,,,,,,,,,,,,,,,,,,,,,,,,,,,,,,,,,,
,,,,,,,,,,,,,,,,,,,,,,,,,,,,,,,,,,,,
,,,,,,,,,,,,,,,,,,,,,,,,,,,,,,,,,,,,
,,,,,,,,,,,,,,,,,,,,,,,,,,,,,,,,,,,,
,,,,,,,,,,,,,,,,,,,,,,,,,,,,,,,,,,,,
,,,,,,,,,,,,,,,,,,,,,,,,,,,,,,,,,,,,
,,,,,,,,,,,,,,,,,,,,,,,,,,,,,,,,,,,,
,,,,,,,,,,,,,,,,,,,,,,,,,,,,,,,,,,,,
,,,,,,,,,,,,,,,,,,,,,,,,,,,,,,,,,,,,
,,,,,,,,,,,,,,,,,,,,,,,,,,,,,,,,,,,,
,,,,,,,,,,,,,,,,,,,,,,,,,,,,,,,,,,,,
,,,,,,,,,,,,,,,,,,,,,,,,,,,,,,,,,,,,
,,,,,,,,,,,,,,,,,,,,,,,,,,,,,,,,,,,,
,,,,,,,,,,,,,,,,,,,,,,,,,,,,,,,,,,,,
,,,,,,,,,,,,,,,,,,,,,,,,,,,,,,,,,,,,
,,,,,,,,,,,,,,,,,,,,,,,,,,,,,,,,,,,,
,,,,,,,,,,,,,,,,,,,,,,,,,,,,,,,,,,,,
,,,,,,,,,,,,,,,,,,,,,,,,,,,,,,,,,,,,
,,,,,,,,,,,,,,,,,,,,,,,,,,,,,,,,,,,,
,,,,,,,,,,,,,,,,,,,,,,,,,,,,,,,,,,,,
,,,,,,,,,,,,,,,,,,,,,,,,,,,,,,,,,,,,
,,,,,,,,,,,,,,,,,,,,,,,,,,,,,,,,,,,,
,,,,,,,,,,,,,,,,,,,,,,,,,,,,,,,,,,,,
,,,,,,,,,,,,,,,,,,,,,,,,,,,,,,,,,,,,
,,,,,,,,,,,,,,,,,,,,,,,,,,,,,,,,,,,,
,,,,,,,,,,,,,,,,,,,,,,,,,,,,,,,,,,,,
,,,,,,,,,,,,,,,,,,,,,,,,,,,,,,,,,,,,
,,,,,,,,,,,,,,,,,,,,,,,,,,,,,,,,,,,,
,,,,,,,,,,,,,,,,,,,,,,,,,,,,,,,,,,,,
,,,,,,,,,,,,,,,,,,,,,,,,,,,,,,,,,,,,
,,,,,,,,,,,,,,,,,,,,,,,,,,,,,,,,,,,,
,,,,,,,,,,,,,,,,,,,,,,,,,,,,,,,,,,,,
,,,,,,,,,,,,,,,,,,,,,,,,,,,,,,,,,,,,
,,,,,,,,,,,,,,,,,,,,,,,,,,,,,,,,,,,,
,,,,,,,,,,,,,,,,,,,,,,,,,,,,,,,,,,,,
,,,,,,,,,,,,,,,,,,,,,,,,,,,,,,,,,,,,
,,,,,,,,,,,,,,,,,,,,,,,,,,,,,,,,,,,,
,,,,,,,,,,,,,,,,,,,,,,,,,,,,,,,,,,,,
,,,,,,,,,,,,,,,,,,,,,,,,,,,,,,,,,,,,
,,,,,,,,,,,,,,,,,,,,,,,,,,,,,,,,,,,,
,,,,,,,,,,,,,,,,,,,,,,,,,,,,,,,,,,,,
,,,,,,,,,,,,,,,,,,,,,,,,,,,,,,,,,,,,
,,,,,,,,,,,,,,,,,,,,,,,,,,,,,,,,,,,,
,,,,,,,,,,,,,,,,,,,,,,,,,,,,,,,,,,,,
,,,,,,,,,,,,,,,,,,,,,,,,,,,,,,,,,,,,
,,,,,,,,,,,,,,,,,,,,,,,,,,,,,,,,,,,,
,,,,,,,,,,,,,,,,,,,,,,,,,,,,,,,,,,,,
,,,,,,,,,,,,,,,,,,,,,,,,,,,,,,,,,,,,
,,,,,,,,,,,,,,,,,,,,,,,,,,,,,,,,,,,,
,,,,,,,,,,,,,,,,,,,,,,,,,,,,,,,,,,,,
,,,,,,,,,,,,,,,,,,,,,,,,,,,,,,,,,,,,
,,,,,,,,,,,,,,,,,,,,,,,,,,,,,,,,,,,,
,,,,,,,,,,,,,,,,,,,,,,,,,,,,,,,,,,,,
,,,,,,,,,,,,,,,,,,,,,,,,,,,,,,,,,,,,
,,,,,,,,,,,,,,,,,,,,,,,,,,,,,,,,,,,,
,,,,,,,,,,,,,,,,,,,,,,,,,,,,,,,,,,,,
,,,,,,,,,,,,,,,,,,,,,,,,,,,,,,,,,,,,
,,,,,,,,,,,,,,,,,,,,,,,,,,,,,,,,,,,,
,,,,,,,,,,,,,,,,,,,,,,,,,,,,,,,,,,,,
,,,,,,,,,,,,,,,,,,,,,,,,,,,,,,,,,,,,
,,,,,,,,,,,,,,,,,,,,,,,,,,,,,,,,,,,,
,,,,,,,,,,,,,,,,,,,,,,,,,,,,,,,,,,,,
,,,,,,,,,,,,,,,,,,,,,,,,,,,,,,,,,,,,
,,,,,,,,,,,,,,,,,,,,,,,,,,,,,,,,,,,,
,,,,,,,,,,,,,,,,,,,,,,,,,,,,,,,,,,,,
,,,,,,,,,,,,,,,,,,,,,,,,,,,,,,,,,,,,
,,,,,,,,,,,,,,,,,,,,,,,,,,,,,,,,,,,,
,,,,,,,,,,,,,,,,,,,,,,,,,,,,,,,,,,,,
,,,,,,,,,,,,,,,,,,,,,,,,,,,,,,,,,,,,
,,,,,,,,,,,,,,,,,,,,,,,,,,,,,,,,,,,,
,,,,,,,,,,,,,,,,,,,,,,,,,,,,,,,,,,,,
,,,,,,,,,,,,,,,,,,,,,,,,,,,,,,,,,,,,
,,,,,,,,,,,,,,,,,,,,,,,,,,,,,,,,,,,,
,,,,,,,,,,,,,,,,,,,,,,,,,,,,,,,,,,,,
,,,,,,,,,,,,,,,,,,,,,,,,,,,,,,,,,,,,
,,,,,,,,,,,,,,,,,,,,,,,,,,,,,,,,,,,,
,,,,,,,,,,,,,,,,,,,,,,,,,,,,,,,,,,,,
,,,,,,,,,,,,,,,,,,,,,,,,,,,,,,,,,,,,
,,,,,,,,,,,,,,,,,,,,,,,,,,,,,,,,,,,,
,,,,,,,,,,,,,,,,,,,,,,,,,,,,,,,,,,,,
,,,,,,,,,,,,,,,,,,,,,,,,,,,,,,,,,,,,
,,,,,,,,,,,,,,,,,,,,,,,,,,,,,,,,,,,,
,,,,,,,,,,,,,,,,,,,,,,,,,,,,,,,,,,,,
,,,,,,,,,,,,,,,,,,,,,,,,,,,,,,,,,,,,
,,,,,,,,,,,,,,,,,,,,,,,,,,,,,,,,,,,,
,,,,,,,,,,,,,,,,,,,,,,,,,,,,,,,,,,,,
,,,,,,,,,,,,,,,,,,,,,,,,,,,,,,,,,,,,
,,,,,,,,,,,,,,,,,,,,,,,,,,,,,,,,,,,,
,,,,,,,,,,,,,,,,,,,,,,,,,,,,,,,,,,,,
,,,,,,,,,,,,,,,,,,,,,,,,,,,,,,,,,,,,
,,,,,,,,,,,,,,,,,,,,,,,,,,,,,,,,,,,,
,,,,,,,,,,,,,,,,,,,,,,,,,,,,,,,,,,,,
,,,,,,,,,,,,,,,,,,,,,,,,,,,,,,,,,,,,
,,,,,,,,,,,,,,,,,,,,,,,,,,,,,,,,,,,,
,,,,,,,,,,,,,,,,,,,,,,,,,,,,,,,,,,,,
,,,,,,,,,,,,,,,,,,,,,,,,,,,,,,,,,,,,
,,,,,,,,,,,,,,,,,,,,,,,,,,,,,,,,,,,,
,,,,,,,,,,,,,,,,,,,,,,,,,,,,,,,,,,,,
,,,,,,,,,,,,,,,,,,,,,,,,,,,,,,,,,,,,
,,,,,,,,,,,,,,,,,,,,,,,,,,,,,,,,,,,,
,,,,,,,,,,,,,,,,,,,,,,,,,,,,,,,,,,,,
,,,,,,,,,,,,,,,,,,,,,,,,,,,,,,,,,,,,
,,,,,,,,,,,,,,,,,,,,,,,,,,,,,,,,,,,,
,,,,,,,,,,,,,,,,,,,,,,,,,,,,,,,,,,,,
,,,,,,,,,,,,,,,,,,,,,,,,,,,,,,,,,,,,
,,,,,,,,,,,,,,,,,,,,,,,,,,,,,,,,,,,,
,,,,,,,,,,,,,,,,,,,,,,,,,,,,,,,,,,,,
,,,,,,,,,,,,,,,,,,,,,,,,,,,,,,,,,,,,
,,,,,,,,,,,,,,,,,,,,,,,,,,,,,,,,,,,,
,,,,,,,,,,,,,,,,,,,,,,,,,,,,,,,,,,,,
,,,,,,,,,,,,,,,,,,,,,,,,,,,,,,,,,,,,
,,,,,,,,,,,,,,,,,,,,,,,,,,,,,,,,,,,,
,,,,,,,,,,,,,,,,,,,,,,,,,,,,,,,,,,,,
,,,,,,,,,,,,,,,,,,,,,,,,,,,,,,,,,,,,
,,,,,,,,,,,,,,,,,,,,,,,,,,,,,,,,,,,,
,,,,,,,,,,,,,,,,,,,,,,,,,,,,,,,,,,,,
,,,,,,,,,,,,,,,,,,,,,,,,,,,,,,,,,,,,
,,,,,,,,,,,,,,,,,,,,,,,,,,,,,,,,,,,,
,,,,,,,,,,,,,,,,,,,,,,,,,,,,,,,,,,,,
,,,,,,,,,,,,,,,,,,,,,,,,,,,,,,,,,,,,
,,,,,,,,,,,,,,,,,,,,,,,,,,,,,,,,,,,,
,,,,,,,,,,,,,,,,,,,,,,,,,,,,,,,,,,,,
,,,,,,,,,,,,,,,,,,,,,,,,,,,,,,,,,,,,
,,,,,,,,,,,,,,,,,,,,,,,,,,,,,,,,,,,,
,,,,,,,,,,,,,,,,,,,,,,,,,,,,,,,,,,,,
,,,,,,,,,,,,,,,,,,,,,,,,,,,,,,,,,,,,
,,,,,,,,,,,,,,,,,,,,,,,,,,,,,,,,,,,,
,,,,,,,,,,,,,,,,,,,,,,,,,,,,,,,,,,,,
,,,,,,,,,,,,,,,,,,,,,,,,,,,,,,,,,,,,
,,,,,,,,,,,,,,,,,,,,,,,,,,,,,,,,,,,,
,,,,,,,,,,,,,,,,,,,,,,,,,,,,,,,,,,,,
,,,,,,,,,,,,,,,,,,,,,,,,,,,,,,,,,,,,
,,,,,,,,,,,,,,,,,,,,,,,,,,,,,,,,,,,,
,,,,,,,,,,,,,,,,,,,,,,,,,,,,,,,,,,,,
,,,,,,,,,,,,,,,,,,,,,,,,,,,,,,,,,,,,
,,,,,,,,,,,,,,,,,,,,,,,,,,,,,,,,,,,,
,,,,,,,,,,,,,,,,,,,,,,,,,,,,,,,,,,,,
,,,,,,,,,,,,,,,,,,,,,,,,,,,,,,,,,,,,
,,,,,,,,,,,,,,,,,,,,,,,,,,,,,,,,,,,,
,,,,,,,,,,,,,,,,,,,,,,,,,,,,,,,,,,,,
,,,,,,,,,,,,,,,,,,,,,,,,,,,,,,,,,,,,
,,,,,,,,,,,,,,,,,,,,,,,,,,,,,,,,,,,,
,,,,,,,,,,,,,,,,,,,,,,,,,,,,,,,,,,,,
,,,,,,,,,,,,,,,,,,,,,,,,,,,,,,,,,,,,
,,,,,,,,,,,,,,,,,,,,,,,,,,,,,,,,,,,,
,,,,,,,,,,,,,,,,,,,,,,,,,,,,,,,,,,,,
,,,,,,,,,,,,,,,,,,,,,,,,,,,,,,,,,,,,
,,,,,,,,,,,,,,,,,,,,,,,,,,,,,,,,,,,,
,,,,,,,,,,,,,,,,,,,,,,,,,,,,,,,,,,,,
,,,,,,,,,,,,,,,,,,,,,,,,,,,,,,,,,,,,
,,,,,,,,,,,,,,,,,,,,,,,,,,,,,,,,,,,,
,,,,,,,,,,,,,,,,,,,,,,,,,,,,,,,,,,,,
,,,,,,,,,,,,,,,,,,,,,,,,,,,,,,,,,,,,
,,,,,,,,,,,,,,,,,,,,,,,,,,,,,,,,,,,,
,,,,,,,,,,,,,,,,,,,,,,,,,,,,,,,,,,,,
,,,,,,,,,,,,,,,,,,,,,,,,,,,,,,,,,,,,
,,,,,,,,,,,,,,,,,,,,,,,,,,,,,,,,,,,,
,,,,,,,,,,,,,,,,,,,,,,,,,,,,,,,,,,,,
,,,,,,,,,,,,,,,,,,,,,,,,,,,,,,,,,,,,
,,,,,,,,,,,,,,,,,,,,,,,,,,,,,,,,,,,,
,,,,,,,,,,,,,,,,,,,,,,,,,,,,,,,,,,,,
,,,,,,,,,,,,,,,,,,,,,,,,,,,,,,,,,,,,
,,,,,,,,,,,,,,,,,,,,,,,,,,,,,,,,,,,,
,,,,,,,,,,,,,,,,,,,,,,,,,,,,,,,,,,,,
,,,,,,,,,,,,,,,,,,,,,,,,,,,,,,,,,,,,
,,,,,,,,,,,,,,,,,,,,,,,,,,,,,,,,,,,,
,,,,,,,,,,,,,,,,,,,,,,,,,,,,,,,,,,,,
,,,,,,,,,,,,,,,,,,,,,,,,,,,,,,,,,,,,
,,,,,,,,,,,,,,,,,,,,,,,,,,,,,,,,,,,,
,,,,,,,,,,,,,,,,,,,,,,,,,,,,,,,,,,,,
,,,,,,,,,,,,,,,,,,,,,,,,,,,,,,,,,,,,
,,,,,,,,,,,,,,,,,,,,,,,,,,,,,,,,,,,,
,,,,,,,,,,,,,,,,,,,,,,,,,,,,,,,,,,,,
,,,,,,,,,,,,,,,,,,,,,,,,,,,,,,,,,,,,
,,,,,,,,,,,,,,,,,,,,,,,,,,,,,,,,,,,,
,,,,,,,,,,,,,,,,,,,,,,,,,,,,,,,,,,,,
,,,,,,,,,,,,,,,,,,,,,,,,,,,,,,,,,,,,
,,,,,,,,,,,,,,,,,,,,,,,,,,,,,,,,,,,,
,,,,,,,,,,,,,,,,,,,,,,,,,,,,,,,,,,,,
,,,,,,,,,,,,,,,,,,,,,,,,,,,,,,,,,,,,
,,,,,,,,,,,,,,,,,,,,,,,,,,,,,,,,,,,,
,,,,,,,,,,,,,,,,,,,,,,,,,,,,,,,,,,,,
,,,,,,,,,,,,,,,,,,,,,,,,,,,,,,,,,,,,
,,,,,,,,,,,,,,,,,,,,,,,,,,,,,,,,,,,,
,,,,,,,,,,,,,,,,,,,,,,,,,,,,,,,,,,,,
,,,,,,,,,,,,,,,,,,,,,,,,,,,,,,,,,,,,
,,,,,,,,,,,,,,,,,,,,,,,,,,,,,,,,,,,,
,,,,,,,,,,,,,,,,,,,,,,,,,,,,,,,,,,,,
,,,,,,,,,,,,,,,,,,,,,,,,,,,,,,,,,,,,
,,,,,,,,,,,,,,,,,,,,,,,,,,,,,,,,,,,,
,,,,,,,,,,,,,,,,,,,,,,,,,,,,,,,,,,,,
,,,,,,,,,,,,,,,,,,,,,,,,,,,,,,,,,,,,
,,,,,,,,,,,,,,,,,,,,,,,,,,,,,,,,,,,,
,,,,,,,,,,,,,,,,,,,,,,,,,,,,,,,,,,,,
,,,,,,,,,,,,,,,,,,,,,,,,,,,,,,,,,,,,
,,,,,,,,,,,,,,,,,,,,,,,,,,,,,,,,,,,,
,,,,,,,,,,,,,,,,,,,,,,,,,,,,,,,,,,,,
,,,,,,,,,,,,,,,,,,,,,,,,,,,,,,,,,,,,
,,,,,,,,,,,,,,,,,,,,,,,,,,,,,,,,,,,,
,,,,,,,,,,,,,,,,,,,,,,,,,,,,,,,,,,,,
,,,,,,,,,,,,,,,,,,,,,,,,,,,,,,,,,,,,
,,,,,,,,,,,,,,,,,,,,,,,,,,,,,,,,,,,,
,,,,,,,,,,,,,,,,,,,,,,,,,,,,,,,,,,,,
,,,,,,,,,,,,,,,,,,,,,,,,,,,,,,,,,,,,
,,,,,,,,,,,,,,,,,,,,,,,,,,,,,,,,,,,,
,,,,,,,,,,,,,,,,,,,,,,,,,,,,,,,,,,,,
,,,,,,,,,,,,,,,,,,,,,,,,,,,,,,,,,,,,
,,,,,,,,,,,,,,,,,,,,,,,,,,,,,,,,,,,,
,,,,,,,,,,,,,,,,,,,,,,,,,,,,,,,,,,,,
,,,,,,,,,,,,,,,,,,,,,,,,,,,,,,,,,,,,
,,,,,,,,,,,,,,,,,,,,,,,,,,,,,,,,,,,,
,,,,,,,,,,,,,,,,,,,,,,,,,,,,,,,,,,,,
,,,,,,,,,,,,,,,,,,,,,,,,,,,,,,,,,,,,
,,,,,,,,,,,,,,,,,,,,,,,,,,,,,,,,,,,,
,,,,,,,,,,,,,,,,,,,,,,,,,,,,,,,,,,,,
,,,,,,,,,,,,,,,,,,,,,,,,,,,,,,,,,,,,
,,,,,,,,,,,,,,,,,,,,,,,,,,,,,,,,,,,,
,,,,,,,,,,,,,,,,,,,,,,,,,,,,,,,,,,,,
